MüsteriID,Cinsiyet,Yas,Partner,Bakmakla Yükümlü,Abonelik Süresi (Ay),Sözleşme Tipi,İnternet Hizmeti,Teknik Destek,Online Güvenlik,Kağıtsız Fatura,Ödeme Yöntemi,Destek Çağrısı Sayısı,Aylık Ücret,Toplam Ücret,Churn
CUST-10000,Erkek,25,Evet,Hayır,72,1 Yıllık,Fiber,Yok,Var,Evet,Elektronik Çek,3,90.48,6683.3,0
CUST-10001,Kadın,39,Hayır,Hayır,21,2 Yıllık,Fiber,Var,Yok,Hayır,Elektronik Çek,1,102.32,2272.54,0
CUST-10002,Erkek,49,Hayır,Evet,23,1 Yıllık,Fiber,Yok,Yok,Evet,Otomatik Ödeme,1,58.24,1267.88,0
CUST-10003,Erkek,30,Hayır,Evet,37,Aylık,Fiber,Yok,Yok,Evet,Elektronik Çek,0,85.24,3091.6,1
CUST-10004,Kadın,41,Hayır,Hayır,53,Aylık,Fiber,Var,Var,Evet,Otomatik Ödeme,1,74.42,4085.97,0
CUST-10005,Kadın,27,Evet,Evet,27,2 Yıllık,DSL,Var,Yok,Evet,Elektronik Çek,2,43.46,1265.2,0
CUST-10006,Erkek,75,Evet,Hayır,40,Aylık,DSL,Yok,Var,Hayır,Otomatik Ödeme,0,67.27,2886.38,1
CUST-10007,Erkek,39,Hayır,Hayır,5,2 Yıllık,DSL,Var,Yok,Evet,Elektronik Çek,1,60.55,283.74,0
CUST-10008,Kadın,28,Hayır,Hayır,53,1 Yıllık,Fiber,Yok,Yok,Evet,Posta Çeki,3,94.69,4963.2,0
CUST-10009,Erkek,19,Evet,Hayır,43,Aylık,Fiber,Var,Yok,Hayır,Otomatik Ödeme,2,91.21,3750.6,1
CUST-10010,Kadın,62,Hayır,Evet,72,Aylık,DSL,Yok,Yok,Evet,Otomatik Ödeme,0,70.46,5021.69,0
CUST-10011,Kadın,50,Hayır,Evet,25,Aylık,Yok,Var,Yok,Evet,Elektronik Çek,3,53.58,1359.7,1
CUST-10012,Erkek,57,Evet,Evet,62,Aylık,Yok,Var,Var,Evet,Posta Çeki,5,57.11,3504.74,0
CUST-10013,Kadın,47,Hayır,Hayır,48,Aylık,Yok,Yok,Var,Evet,Otomatik Ödeme,2,38.95,1783.32,0
CUST-10014,Kadın,32,Hayır,Hayır,26,Aylık,Yok,Yok,Var,Evet,Otomatik Ödeme,0,44.2,1096.27,0
CUST-10015,Kadın,45,Hayır,Hayır,4,Aylık,DSL,Yok,Yok,Evet,Otomatik Ödeme,4,55.16,220.61,1
CUST-10016,Erkek,37,Evet,Evet,49,2 Yıllık,DSL,Yok,Yok,Hayır,Otomatik Ödeme,1,66.93,3358.15,0
CUST-10017,Kadın,34,Evet,Evet,27,1 Yıllık,Fiber,Var,Yok,Evet,Otomatik Ödeme,1,81.28,2211.19,0
CUST-10018,Kadın,45,Evet,Hayır,71,1 Yıllık,DSL,Var,Var,Hayır,Posta Çeki,1,67.35,4913.62,0
CUST-10019,Kadın,48,Hayır,Evet,28,2 Yıllık,DSL,Var,Yok,Evet,Otomatik Ödeme,2,81.78,2221.66,0
CUST-10020,Erkek,62,Hayır,Hayır,7,Aylık,Fiber,Var,Yok,Evet,Otomatik Ödeme,3,78.66,543.51,1
CUST-10021,Erkek,52,Evet,Hayır,28,Aylık,Fiber,Yok,Var,Hayır,Posta Çeki,3,85.3,2345.2,0
CUST-10022,Erkek,51,Hayır,Hayır,28,1 Yıllık,Fiber,Yok,Yok,Hayır,Otomatik Ödeme,2,96.45,2560.52,0
CUST-10023,Kadın,68,Hayır,Hayır,36,Aylık,DSL,Var,Yok,Hayır,Posta Çeki,3,51.74,1732.78,0
CUST-10024,Erkek,35,Evet,Hayır,42,Aylık,DSL,Var,Yok,Evet,Elektronik Çek,2,52.94,2136.77,1
CUST-10025,Kadın,23,Evet,Hayır,26,Aylık,DSL,Yok,Yok,Hayır,Otomatik Ödeme,0,61.71,1632.59,1
CUST-10026,Erkek,39,Hayır,Hayır,5,Aylık,Fiber,Var,Var,Evet,Elektronik Çek,2,92.15,484.04,1
CUST-10027,Kadın,24,Evet,Hayır,9,2 Yıllık,DSL,Yok,Yok,Evet,Otomatik Ödeme,3,54.67,523.32,0
CUST-10028,Erkek,36,Hayır,Hayır,27,1 Yıllık,Yok,Yok,Yok,Evet,Posta Çeki,0,30.97,883.09,0
CUST-10029,Kadın,25,Hayır,Hayır,28,Aylık,Fiber,Yok,Yok,Evet,Elektronik Çek,1,102.97,2786.79,1
CUST-10030,Erkek,64,Hayır,Hayır,54,Aylık,Yok,Yok,Yok,Evet,Otomatik Ödeme,0,42.66,2356.56,0
CUST-10031,Erkek,47,Hayır,Hayır,29,Aylık,Fiber,Yok,Yok,Evet,Otomatik Ödeme,0,101.24,2755.0,0
CUST-10032,Erkek,46,Evet,Hayır,52,Aylık,DSL,Yok,Var,Evet,Otomatik Ödeme,2,84.51,4565.11,0
CUST-10033,Kadın,30,Evet,Hayır,32,Aylık,DSL,Var,Var,Hayır,Elektronik Çek,4,69.6,2224.26,1
CUST-10034,Erkek,53,Evet,Hayır,20,1 Yıllık,Fiber,Yok,Yok,Evet,Otomatik Ödeme,1,50.71,977.28,0
CUST-10035,Kadın,42,Evet,Hayır,72,Aylık,Fiber,Yok,Yok,Evet,Elektronik Çek,1,84.14,5936.85,1
CUST-10036,Kadın,55,Hayır,Hayır,25,Aylık,Fiber,Yok,Yok,Evet,Elektronik Çek,2,89.72,2256.31,0
CUST-10037,Erkek,41,Evet,Evet,25,Aylık,DSL,Yok,Yok,Evet,Elektronik Çek,1,83.55,1950.84,1
CUST-10038,Erkek,60,Evet,Hayır,30,2 Yıllık,Fiber,Var,Yok,Evet,Posta Çeki,1,107.99,3161.35,0
CUST-10039,Erkek,28,Hayır,Hayır,51,Aylık,Yok,Yok,Yok,Evet,Otomatik Ödeme,1,37.41,1793.47,0
CUST-10040,Erkek,27,Evet,Hayır,22,Aylık,Yok,Var,Yok,Evet,Elektronik Çek,0,37.46,784.56,0
CUST-10041,Kadın,33,Hayır,Evet,32,2 Yıllık,Yok,Yok,Var,Hayır,Posta Çeki,2,23.81,801.43,0
CUST-10042,Kadın,58,Hayır,Hayır,16,Aylık,Fiber,Yok,Yok,Evet,Otomatik Ödeme,0,98.62,1657.32,1
CUST-10043,Kadın,60,Evet,Evet,36,2 Yıllık,DSL,Var,Yok,Hayır,Elektronik Çek,2,61.35,2108.93,0
CUST-10044,Kadın,45,Hayır,Evet,3,1 Yıllık,Yok,Var,Var,Hayır,Elektronik Çek,3,36.18,110.86,0
CUST-10045,Kadın,32,Evet,Hayır,16,1 Yıllık,Fiber,Var,Var,Hayır,Otomatik Ödeme,3,98.27,1503.59,0
CUST-10046,Erkek,28,Evet,Hayır,18,Aylık,Fiber,Var,Yok,Hayır,Posta Çeki,0,77.95,1319.55,1
CUST-10047,Kadın,36,Evet,Evet,23,Aylık,DSL,Yok,Yok,Evet,Posta Çeki,1,66.61,1617.03,0
CUST-10048,Kadın,77,Hayır,Hayır,19,Aylık,Fiber,Yok,Yok,Hayır,Elektronik Çek,0,97.11,1752.14,1
CUST-10049,Kadın,47,Hayır,Hayır,51,2 Yıllık,Fiber,Yok,Yok,Evet,Elektronik Çek,1,91.54,4990.07,0
CUST-10050,Erkek,40,Hayır,Evet,43,Aylık,Yok,Var,Yok,Evet,Posta Çeki,2,47.87,1990.16,0
CUST-10051,Kadın,37,Hayır,Evet,12,1 Yıllık,Yok,Var,Yok,Hayır,Elektronik Çek,1,31.94,408.62,0
CUST-10052,Erkek,61,Evet,Evet,32,Aylık,Yok,Yok,Yok,Hayır,Elektronik Çek,2,27.83,900.2,1
CUST-10053,Kadın,40,Evet,Hayır,66,Aylık,Yok,Yok,Var,Evet,Elektronik Çek,0,41.33,2757.87,0
CUST-10054,Erkek,45,Hayır,Evet,17,Aylık,Fiber,Yok,Yok,Hayır,Elektronik Çek,4,102.46,1692.3,1
CUST-10055,Kadın,39,Hayır,Hayır,21,Aylık,Yok,Yok,Yok,Hayır,Otomatik Ödeme,2,34.88,700.96,1
CUST-10056,Kadın,74,Evet,Evet,39,1 Yıllık,Fiber,Yok,Var,Evet,Otomatik Ödeme,0,72.26,2643.28,0
CUST-10057,Erkek,40,Evet,Hayır,8,Aylık,DSL,Yok,Yok,Evet,Posta Çeki,1,72.19,577.88,1
CUST-10058,Erkek,34,Evet,Hayır,25,2 Yıllık,DSL,Yok,Yok,Evet,Otomatik Ödeme,1,65.24,1554.32,0
CUST-10059,Kadın,61,Evet,Hayır,60,1 Yıllık,DSL,Var,Yok,Evet,Otomatik Ödeme,3,75.82,4713.03,0
CUST-10060,Kadın,34,Hayır,Hayır,72,1 Yıllık,DSL,Yok,Var,Evet,Elektronik Çek,1,57.95,4215.96,0
CUST-10061,Kadın,40,Hayır,Hayır,13,1 Yıllık,Fiber,Yok,Yok,Hayır,Elektronik Çek,2,90.6,1099.88,1
CUST-10062,Erkek,66,Evet,Hayır,58,1 Yıllık,Yok,Yok,Yok,Hayır,Otomatik Ödeme,1,30.25,1682.22,0
CUST-10063,Erkek,39,Hayır,Evet,10,Aylık,Fiber,Yok,Yok,Evet,Elektronik Çek,4,89.57,953.74,1
CUST-10064,Kadın,47,Hayır,Hayır,72,Aylık,DSL,Yok,Yok,Evet,Elektronik Çek,0,46.77,3481.37,0
CUST-10065,Kadın,62,Hayır,Evet,40,Aylık,Fiber,Yok,Var,Evet,Otomatik Ödeme,1,84.02,3339.84,1
CUST-10066,Kadın,47,Hayır,Hayır,25,Aylık,Yok,Var,Yok,Hayır,Posta Çeki,1,43.28,1130.01,1
CUST-10067,Erkek,57,Evet,Hayır,22,Aylık,Yok,Var,Var,Evet,Otomatik Ödeme,4,18.0,400.47,1
CUST-10068,Erkek,27,Hayır,Hayır,41,2 Yıllık,Fiber,Var,Yok,Hayır,Otomatik Ödeme,3,82.31,3423.52,0
CUST-10069,Erkek,50,Evet,Hayır,71,Aylık,DSL,Yok,Var,Evet,Otomatik Ödeme,1,73.44,5315.77,0
CUST-10070,Erkek,26,Hayır,Hayır,43,1 Yıllık,DSL,Yok,Yok,Evet,Elektronik Çek,2,62.49,2807.2,1
CUST-10071,Erkek,44,Hayır,Evet,59,Aylık,Yok,Yok,Yok,Evet,Otomatik Ödeme,2,26.88,1698.76,0
CUST-10072,Erkek,55,Evet,Hayır,54,2 Yıllık,Fiber,Yok,Yok,Hayır,Elektronik Çek,0,83.38,4198.53,0
CUST-10073,Erkek,33,Hayır,Evet,52,1 Yıllık,Fiber,Yok,Yok,Evet,Elektronik Çek,1,98.43,5007.06,1
CUST-10074,Kadın,42,Hayır,Hayır,72,Aylık,Fiber,Yok,Var,Evet,Elektronik Çek,2,42.89,3031.24,0
CUST-10075,Kadın,59,Hayır,Hayır,59,2 Yıllık,Fiber,Yok,Var,Evet,Otomatik Ödeme,2,91.97,5694.5,0
CUST-10076,Kadın,34,Evet,Hayır,31,2 Yıllık,Fiber,Yok,Var,Hayır,Posta Çeki,0,100.77,2919.57,0
CUST-10077,Kadın,21,Hayır,Evet,37,2 Yıllık,DSL,Yok,Yok,Hayır,Elektronik Çek,3,58.69,2284.31,0
CUST-10078,Erkek,28,Evet,Hayır,8,Aylık,Fiber,Yok,Yok,Evet,Otomatik Ödeme,0,83.73,718.78,1
CUST-10079,Erkek,49,Hayır,Hayır,7,Aylık,Fiber,Yok,Yok,Evet,Otomatik Ödeme,0,91.93,600.83,1
CUST-10080,Kadın,47,Hayır,Hayır,22,Aylık,Fiber,Yok,Yok,Evet,Posta Çeki,1,75.93,1646.61,1
CUST-10081,Erkek,33,Evet,Hayır,29,2 Yıllık,Yok,Yok,Yok,Evet,Otomatik Ödeme,1,28.59,852.49,0
CUST-10082,Erkek,69,Evet,Hayır,22,Aylık,DSL,Yok,Yok,Hayır,Otomatik Ödeme,4,59.9,1336.66,1
CUST-10083,Erkek,64,Hayır,Hayır,25,Aylık,Fiber,Yok,Yok,Evet,Otomatik Ödeme,0,77.9,2080.76,1
CUST-10084,Erkek,43,Hayır,Hayır,57,2 Yıllık,DSL,Yok,Var,Hayır,Otomatik Ödeme,0,65.11,3652.85,0
CUST-10085,Erkek,36,Hayır,Hayır,36,1 Yıllık,Fiber,Var,Var,Evet,Otomatik Ödeme,0,97.34,3724.57,0
CUST-10086,Kadın,27,Evet,Hayır,6,Aylık,DSL,Yok,Yok,Hayır,Otomatik Ödeme,4,58.97,341.65,0
CUST-10087,Erkek,31,Hayır,Hayır,48,Aylık,Fiber,Yok,Yok,Evet,Otomatik Ödeme,3,96.6,4945.82,0
CUST-10088,Kadın,51,Hayır,Hayır,47,Aylık,Fiber,Var,Yok,Evet,Elektronik Çek,2,76.97,3637.27,0
CUST-10089,Erkek,25,Evet,Evet,30,Aylık,Yok,Var,Yok,Hayır,Otomatik Ödeme,0,24.88,793.09,1
CUST-10090,Kadın,31,Hayır,Hayır,34,Aylık,DSL,Yok,Yok,Evet,Elektronik Çek,0,58.71,2005.11,0
CUST-10091,Erkek,38,Hayır,Evet,19,2 Yıllık,DSL,Yok,Var,Hayır,Otomatik Ödeme,3,60.19,1127.56,0
CUST-10092,Kadın,55,Evet,Hayır,40,Aylık,Fiber,Yok,Yok,Evet,Otomatik Ödeme,2,80.03,3268.43,0
CUST-10093,Kadın,27,Hayır,Evet,20,Aylık,Fiber,Yok,Yok,Hayır,Otomatik Ödeme,2,83.57,1671.58,1
CUST-10094,Kadın,30,Hayır,Hayır,27,Aylık,Fiber,Yok,Var,Hayır,Elektronik Çek,2,86.55,2460.52,0
CUST-10095,Erkek,41,Hayır,Hayır,52,1 Yıllık,Fiber,Yok,Var,Hayır,Elektronik Çek,2,88.13,4391.69,0
CUST-10096,Erkek,39,Evet,Evet,31,Aylık,DSL,Var,Yok,Hayır,Elektronik Çek,2,64.79,2083.92,0
CUST-10097,Erkek,53,Hayır,Hayır,30,Aylık,DSL,Yok,Var,Evet,Otomatik Ödeme,2,50.34,1569.13,0
CUST-10098,Kadın,61,Hayır,Hayır,71,Aylık,Fiber,Yok,Yok,Evet,Posta Çeki,1,63.43,4440.2,0
CUST-10099,Kadın,51,Evet,Hayır,24,Aylık,DSL,Var,Var,Evet,Elektronik Çek,0,66.14,1639.12,1
CUST-10100,Erkek,41,Hayır,Hayır,57,2 Yıllık,DSL,Yok,Var,Hayır,Otomatik Ödeme,2,78.26,4317.93,0
CUST-10101,Erkek,18,Evet,Hayır,35,1 Yıllık,DSL,Yok,Var,Evet,Otomatik Ödeme,2,58.33,2121.79,0
CUST-10102,Kadın,54,Evet,Evet,20,Aylık,DSL,Yok,Yok,Evet,Elektronik Çek,0,68.78,1325.99,1
CUST-10103,Kadın,24,Evet,Hayır,21,Aylık,Yok,Yok,Yok,Evet,Posta Çeki,2,18.0,354.25,1
CUST-10104,Kadın,28,Evet,Hayır,43,2 Yıllık,DSL,Yok,Yok,Evet,Elektronik Çek,5,67.84,2942.3,0
CUST-10105,Erkek,40,Hayır,Hayır,72,Aylık,Fiber,Yok,Yok,Evet,Posta Çeki,2,94.82,6435.55,1
CUST-10106,Erkek,38,Hayır,Evet,15,1 Yıllık,Fiber,Var,Var,Hayır,Otomatik Ödeme,0,100.36,1476.47,0
CUST-10107,Kadın,63,Hayır,Evet,11,1 Yıllık,Fiber,Var,Var,Hayır,Elektronik Çek,1,83.71,876.51,0
CUST-10108,Erkek,30,Evet,Hayır,69,Aylık,Yok,Var,Var,Evet,Otomatik Ödeme,2,35.33,2557.68,0
CUST-10109,Kadın,40,Hayır,Evet,50,Aylık,Yok,Var,Yok,Evet,Elektronik Çek,0,25.02,1254.41,0
CUST-10110,Kadın,44,Evet,Evet,34,1 Yıllık,Fiber,Var,Yok,Evet,Otomatik Ödeme,2,80.03,2623.79,0
CUST-10111,Erkek,50,Evet,Hayır,8,2 Yıllık,Yok,Yok,Yok,Evet,Otomatik Ödeme,1,18.0,138.15,0
CUST-10112,Kadın,20,Evet,Evet,58,Aylık,Fiber,Yok,Var,Hayır,Otomatik Ödeme,1,114.77,6394.2,0
CUST-10113,Kadın,49,Evet,Hayır,8,2 Yıllık,DSL,Yok,Var,Evet,Otomatik Ödeme,2,60.91,482.0,0
CUST-10114,Erkek,46,Evet,Hayır,52,Aylık,DSL,Yok,Yok,Evet,Otomatik Ödeme,1,52.44,2523.66,0
CUST-10115,Kadın,47,Hayır,Hayır,24,1 Yıllık,Fiber,Var,Yok,Evet,Posta Çeki,0,87.41,2183.47,0
CUST-10116,Erkek,48,Hayır,Evet,30,1 Yıllık,DSL,Var,Yok,Hayır,Otomatik Ödeme,2,71.3,2302.26,0
CUST-10117,Erkek,24,Evet,Hayır,22,Aylık,DSL,Yok,Var,Evet,Otomatik Ödeme,0,59.13,1244.02,0
CUST-10118,Kadın,42,Hayır,Evet,15,Aylık,DSL,Yok,Yok,Evet,Posta Çeki,2,78.85,1141.48,0
CUST-10119,Kadın,55,Hayır,Hayır,21,1 Yıllık,Yok,Yok,Yok,Hayır,Elektronik Çek,2,43.1,920.14,1
CUST-10120,Kadın,23,Hayır,Hayır,43,Aylık,DSL,Yok,Yok,Evet,Elektronik Çek,1,73.73,2980.45,1
CUST-10121,Kadın,51,Hayır,Hayır,4,1 Yıllık,Yok,Yok,Yok,Hayır,Otomatik Ödeme,1,39.35,145.52,1
CUST-10122,Erkek,39,Hayır,Evet,9,1 Yıllık,DSL,Yok,Yok,Evet,Otomatik Ödeme,0,51.52,497.69,1
CUST-10123,Kadın,39,Hayır,Hayır,46,Aylık,Fiber,Yok,Var,Hayır,Elektronik Çek,0,74.87,3659.09,1
CUST-10124,Erkek,32,Hayır,Evet,35,1 Yıllık,DSL,Var,Var,Evet,Otomatik Ödeme,3,74.26,2662.42,0
CUST-10125,Kadın,38,Hayır,Evet,72,Aylık,Fiber,Yok,Yok,Hayır,Elektronik Çek,1,99.46,7602.47,1
CUST-10126,Erkek,55,Hayır,Evet,10,Aylık,DSL,Yok,Yok,Evet,Otomatik Ödeme,2,49.08,525.63,1
CUST-10127,Erkek,37,Evet,Hayır,13,Aylık,Fiber,Yok,Yok,Evet,Otomatik Ödeme,2,55.84,734.56,1
CUST-10128,Erkek,42,Hayır,Hayır,27,Aylık,DSL,Yok,Yok,Evet,Elektronik Çek,0,59.71,1710.39,1
CUST-10129,Kadın,25,Hayır,Hayır,31,Aylık,Fiber,Yok,Var,Hayır,Posta Çeki,3,71.47,2170.0,1
CUST-10130,Erkek,39,Hayır,Evet,34,2 Yıllık,DSL,Yok,Yok,Evet,Posta Çeki,2,54.21,1969.07,0
CUST-10131,Erkek,27,Hayır,Hayır,34,Aylık,DSL,Var,Yok,Hayır,Posta Çeki,4,95.06,3139.95,0
CUST-10132,Kadın,45,Hayır,Hayır,46,Aylık,DSL,Var,Var,Hayır,Elektronik Çek,0,64.94,2862.69,0
CUST-10133,Erkek,37,Evet,Evet,5,Aylık,Fiber,Yok,Yok,Hayır,Posta Çeki,2,77.1,414.68,1
CUST-10134,Erkek,56,Hayır,Hayır,33,2 Yıllık,DSL,Var,Yok,Evet,Otomatik Ödeme,1,33.2,1180.37,0
CUST-10135,Erkek,26,Evet,Hayır,19,Aylık,DSL,Yok,Var,Hayır,Elektronik Çek,0,59.36,1056.97,0
CUST-10136,Erkek,57,Hayır,Hayır,18,2 Yıllık,Fiber,Yok,Yok,Hayır,Posta Çeki,1,72.61,1214.67,0
CUST-10137,Erkek,38,Hayır,Hayır,72,Aylık,Fiber,Yok,Yok,Evet,Otomatik Ödeme,3,89.5,6233.61,0
CUST-10138,Kadın,41,Hayır,Hayır,23,Aylık,DSL,Var,Var,Evet,Otomatik Ödeme,2,68.38,1510.34,0
CUST-10139,Erkek,19,Hayır,Hayır,62,2 Yıllık,DSL,Var,Var,Evet,Elektronik Çek,2,60.28,3753.01,0
CUST-10140,Erkek,37,Hayır,Hayır,72,1 Yıllık,Fiber,Var,Var,Hayır,Otomatik Ödeme,2,88.29,6568.15,0
CUST-10141,Kadın,45,Evet,Evet,22,1 Yıllık,Yok,Yok,Var,Evet,Posta Çeki,1,38.38,895.26,1
CUST-10142,Kadın,19,Hayır,Evet,29,Aylık,DSL,Yok,Var,Evet,Otomatik Ödeme,1,66.42,1812.2,0
CUST-10143,Kadın,44,Evet,Evet,27,2 Yıllık,Yok,Yok,Yok,Evet,Elektronik Çek,1,22.65,566.36,0
CUST-10144,Erkek,45,Evet,Evet,32,Aylık,DSL,Yok,Var,Hayır,Posta Çeki,3,74.82,2482.16,0
CUST-10145,Erkek,40,Hayır,Hayır,70,2 Yıllık,Yok,Var,Var,Hayır,Otomatik Ödeme,1,40.24,2871.52,0
CUST-10146,Erkek,64,Evet,Hayır,51,Aylık,DSL,Var,Var,Hayır,Posta Çeki,1,68.1,3388.57,0
CUST-10147,Kadın,48,Evet,Hayır,32,Aylık,DSL,Yok,Yok,Evet,Otomatik Ödeme,0,47.34,1417.54,0
CUST-10148,Kadın,34,Hayır,Hayır,30,Aylık,Fiber,Yok,Yok,Hayır,Elektronik Çek,1,93.0,2677.38,0
CUST-10149,Erkek,46,Hayır,Hayır,15,2 Yıllık,DSL,Yok,Var,Evet,Otomatik Ödeme,1,70.95,1009.61,0
CUST-10150,Kadın,38,Hayır,Hayır,37,Aylık,Fiber,Yok,Yok,Evet,Otomatik Ödeme,2,98.28,3377.51,1
CUST-10151,Erkek,49,Hayır,Hayır,10,1 Yıllık,Yok,Yok,Var,Evet,Posta Çeki,2,50.34,482.18,0
CUST-10152,Kadın,36,Hayır,Evet,16,1 Yıllık,Yok,Var,Var,Evet,Otomatik Ödeme,0,23.38,371.49,0
CUST-10153,Erkek,30,Evet,Hayır,31,1 Yıllık,Yok,Yok,Yok,Hayır,Elektronik Çek,1,41.61,1352.47,1
CUST-10154,Erkek,24,Evet,Hayır,16,1 Yıllık,DSL,Yok,Var,Hayır,Otomatik Ödeme,0,87.44,1343.29,0
CUST-10155,Erkek,61,Evet,Evet,8,2 Yıllık,DSL,Yok,Yok,Hayır,Elektronik Çek,2,50.65,402.42,0
CUST-10156,Kadın,45,Hayır,Hayır,26,Aylık,DSL,Yok,Yok,Hayır,Elektronik Çek,2,49.93,1294.42,0
CUST-10157,Kadın,61,Hayır,Hayır,12,Aylık,Fiber,Yok,Yok,Evet,Posta Çeki,0,76.65,868.96,1
CUST-10158,Erkek,44,Hayır,Hayır,41,Aylık,Fiber,Var,Yok,Evet,Otomatik Ödeme,1,76.62,3047.63,1
CUST-10159,Kadın,18,Hayır,Hayır,33,Aylık,Yok,Yok,Var,Evet,Otomatik Ödeme,1,41.85,1312.79,0
CUST-10160,Erkek,25,Evet,Evet,9,Aylık,Fiber,Yok,Yok,Hayır,Posta Çeki,2,81.64,683.09,0
CUST-10161,Kadın,53,Evet,Hayır,37,2 Yıllık,Yok,Yok,Yok,Evet,Elektronik Çek,3,50.39,1936.63,0
CUST-10162,Erkek,41,Evet,Evet,45,2 Yıllık,Fiber,Yok,Var,Evet,Posta Çeki,1,62.74,2694.26,0
CUST-10163,Kadın,30,Hayır,Hayır,32,Aylık,Fiber,Yok,Yok,Hayır,Elektronik Çek,2,87.68,2618.3,1
CUST-10164,Erkek,35,Evet,Hayır,24,1 Yıllık,DSL,Yok,Yok,Hayır,Otomatik Ödeme,1,33.93,839.58,0
CUST-10165,Kadın,23,Evet,Evet,20,Aylık,Fiber,Yok,Yok,Evet,Otomatik Ödeme,0,88.86,1766.04,0
CUST-10166,Kadın,37,Hayır,Hayır,72,1 Yıllık,DSL,Var,Yok,Evet,Otomatik Ödeme,1,68.78,4971.38,0
CUST-10167,Erkek,47,Hayır,Hayır,32,1 Yıllık,Fiber,Var,Yok,Evet,Otomatik Ödeme,1,107.53,3612.68,0
CUST-10168,Kadın,44,Evet,Evet,29,Aylık,Yok,Var,Var,Hayır,Elektronik Çek,3,48.16,1407.67,0
CUST-10169,Erkek,28,Hayır,Evet,23,2 Yıllık,DSL,Var,Yok,Hayır,Otomatik Ödeme,0,54.67,1214.18,0
CUST-10170,Kadın,57,Hayır,Hayır,11,Aylık,Fiber,Var,Yok,Hayır,Otomatik Ödeme,0,83.03,978.82,1
CUST-10171,Kadın,42,Hayır,Hayır,19,1 Yıllık,DSL,Var,Yok,Hayır,Otomatik Ödeme,0,60.75,1124.3,0
CUST-10172,Erkek,42,Hayır,Evet,42,1 Yıllık,DSL,Var,Yok,Evet,Elektronik Çek,1,52.69,2243.23,0
CUST-10173,Erkek,34,Hayır,Hayır,36,Aylık,Yok,Yok,Var,Evet,Otomatik Ödeme,0,32.04,1092.22,1
CUST-10174,Kadın,51,Evet,Hayır,35,Aylık,Fiber,Var,Var,Evet,Elektronik Çek,5,94.54,3388.9,0
CUST-10175,Erkek,50,Evet,Hayır,31,Aylık,Yok,Var,Var,Hayır,Otomatik Ödeme,0,34.75,1006.86,0
CUST-10176,Erkek,20,Hayır,Hayır,14,1 Yıllık,Yok,Yok,Yok,Evet,Elektronik Çek,2,45.03,671.05,0
CUST-10177,Erkek,43,Evet,Hayır,30,1 Yıllık,Fiber,Yok,Yok,Hayır,Otomatik Ödeme,2,98.3,2993.99,0
CUST-10178,Erkek,42,Evet,Evet,53,1 Yıllık,DSL,Yok,Var,Evet,Elektronik Çek,0,78.99,4023.51,0
CUST-10179,Kadın,52,Evet,Hayır,28,Aylık,DSL,Yok,Yok,Hayır,Elektronik Çek,1,50.18,1361.21,0
CUST-10180,Erkek,61,Evet,Evet,3,2 Yıllık,DSL,Yok,Yok,Evet,Otomatik Ödeme,1,69.03,223.1,0
CUST-10181,Erkek,37,Hayır,Evet,15,1 Yıllık,Fiber,Var,Yok,Evet,Posta Çeki,3,95.86,1441.15,0
CUST-10182,Kadın,30,Hayır,Evet,5,2 Yıllık,Yok,Yok,Yok,Evet,Posta Çeki,1,32.15,151.28,0
CUST-10183,Kadın,27,Evet,Evet,13,Aylık,DSL,Yok,Yok,Evet,Elektronik Çek,1,49.95,636.78,1
CUST-10184,Erkek,47,Evet,Hayır,72,2 Yıllık,DSL,Yok,Yok,Hayır,Otomatik Ödeme,2,61.15,4349.82,0
CUST-10185,Erkek,49,Hayır,Evet,20,Aylık,Yok,Yok,Yok,Evet,Posta Çeki,1,46.58,873.93,1
CUST-10186,Kadın,30,Hayır,Hayır,14,Aylık,Fiber,Var,Yok,Hayır,Posta Çeki,0,109.22,1411.77,1
CUST-10187,Erkek,74,Hayır,Hayır,6,Aylık,DSL,Var,Yok,Evet,Posta Çeki,2,62.34,377.62,0
CUST-10188,Kadın,31,Hayır,Hayır,23,Aylık,DSL,Yok,Yok,Evet,Elektronik Çek,2,63.67,1434.95,1
CUST-10189,Erkek,23,Evet,Evet,63,Aylık,DSL,Var,Yok,Evet,Posta Çeki,3,55.52,3492.22,0
CUST-10190,Erkek,49,Hayır,Hayır,14,Aylık,Fiber,Yok,Var,Evet,Otomatik Ödeme,0,95.04,1285.91,1
CUST-10191,Erkek,73,Hayır,Evet,38,Aylık,DSL,Var,Yok,Evet,Elektronik Çek,1,36.63,1502.89,0
CUST-10192,Erkek,62,Hayır,Hayır,33,Aylık,Fiber,Yok,Var,Hayır,Otomatik Ödeme,0,85.9,2849.67,1
CUST-10193,Kadın,63,Evet,Evet,18,1 Yıllık,DSL,Yok,Var,Hayır,Otomatik Ödeme,3,70.89,1340.55,0
CUST-10194,Kadın,25,Hayır,Evet,45,Aylık,Fiber,Var,Var,Hayır,Posta Çeki,3,82.08,3589.76,0
CUST-10195,Kadın,36,Evet,Hayır,20,1 Yıllık,DSL,Yok,Yok,Hayır,Otomatik Ödeme,1,64.41,1218.63,1
CUST-10196,Erkek,29,Evet,Hayır,15,Aylık,DSL,Var,Var,Evet,Otomatik Ödeme,3,57.5,861.59,1
CUST-10197,Erkek,26,Evet,Evet,16,Aylık,Fiber,Yok,Var,Evet,Elektronik Çek,1,58.28,976.9,0
CUST-10198,Kadın,43,Hayır,Evet,33,2 Yıllık,DSL,Var,Yok,Hayır,Posta Çeki,1,77.9,2756.28,0
CUST-10199,Erkek,34,Evet,Evet,72,Aylık,Yok,Var,Yok,Hayır,Elektronik Çek,1,54.41,4159.51,0
CUST-10200,Erkek,46,Evet,Hayır,52,1 Yıllık,DSL,Yok,Yok,Evet,Elektronik Çek,3,62.35,3388.65,1
CUST-10201,Kadın,44,Evet,Evet,16,1 Yıllık,DSL,Yok,Yok,Evet,Otomatik Ödeme,1,49.44,748.01,1
CUST-10202,Kadın,55,Evet,Evet,29,1 Yıllık,Fiber,Yok,Yok,Hayır,Elektronik Çek,1,89.98,2734.66,0
CUST-10203,Erkek,56,Hayır,Hayır,14,Aylık,DSL,Yok,Yok,Evet,Posta Çeki,2,57.62,769.32,1
CUST-10204,Erkek,58,Hayır,Evet,13,Aylık,Fiber,Var,Yok,Evet,Elektronik Çek,1,73.18,978.45,0
CUST-10205,Kadın,42,Evet,Hayır,5,Aylık,Fiber,Var,Var,Hayır,Elektronik Çek,2,81.75,413.92,1
CUST-10206,Kadın,25,Evet,Hayır,36,1 Yıllık,DSL,Var,Var,Evet,Otomatik Ödeme,1,35.84,1217.09,0
CUST-10207,Kadın,41,Evet,Hayır,18,2 Yıllık,Yok,Var,Yok,Hayır,Otomatik Ödeme,1,29.78,566.88,0
CUST-10208,Erkek,34,Evet,Hayır,24,2 Yıllık,DSL,Var,Var,Evet,Posta Çeki,2,63.26,1602.19,0
CUST-10209,Kadın,64,Hayır,Hayır,36,Aylık,Fiber,Yok,Var,Evet,Otomatik Ödeme,3,76.59,2924.49,1
CUST-10210,Kadın,64,Evet,Hayır,8,Aylık,DSL,Var,Var,Evet,Posta Çeki,1,51.7,440.39,0
CUST-10211,Erkek,46,Hayır,Hayır,10,Aylık,DSL,Yok,Yok,Evet,Posta Çeki,0,77.15,785.96,0
CUST-10212,Erkek,63,Evet,Hayır,38,Aylık,Yok,Yok,Yok,Hayır,Otomatik Ödeme,0,33.67,1187.42,1
CUST-10213,Erkek,38,Evet,Hayır,11,1 Yıllık,DSL,Yok,Var,Hayır,Posta Çeki,2,68.62,710.48,0
CUST-10214,Kadın,50,Evet,Evet,12,1 Yıllık,Fiber,Yok,Var,Evet,Otomatik Ödeme,0,85.3,1012.93,0
CUST-10215,Kadın,32,Evet,Hayır,51,Aylık,Yok,Yok,Yok,Hayır,Posta Çeki,0,36.8,1961.59,0
CUST-10216,Erkek,57,Evet,Hayır,26,2 Yıllık,DSL,Yok,Yok,Hayır,Posta Çeki,0,63.22,1604.33,0
CUST-10217,Erkek,54,Hayır,Hayır,61,1 Yıllık,DSL,Yok,Var,Hayır,Otomatik Ödeme,2,34.63,2063.09,0
CUST-10218,Erkek,34,Hayır,Hayır,72,Aylık,Fiber,Var,Yok,Evet,Elektronik Çek,2,90.18,6433.45,0
CUST-10219,Kadın,62,Hayır,Hayır,67,1 Yıllık,Fiber,Yok,Yok,Evet,Otomatik Ödeme,2,84.67,5473.12,0
CUST-10220,Erkek,60,Evet,Hayır,8,2 Yıllık,Yok,Var,Yok,Hayır,Otomatik Ödeme,1,47.08,368.36,0
CUST-10221,Kadın,60,Evet,Evet,32,Aylık,Fiber,Yok,Yok,Evet,Otomatik Ödeme,2,86.42,2547.15,1
CUST-10222,Kadın,23,Evet,Evet,50,Aylık,DSL,Var,Yok,Hayır,Otomatik Ödeme,0,44.56,2247.05,1
CUST-10223,Kadın,37,Evet,Evet,35,1 Yıllık,Yok,Yok,Yok,Evet,Posta Çeki,0,37.77,1409.06,0
CUST-10224,Kadın,45,Hayır,Evet,20,1 Yıllık,Yok,Yok,Yok,Hayır,Elektronik Çek,1,32.89,679.02,0
CUST-10225,Erkek,48,Hayır,Hayır,11,Aylık,Fiber,Yok,Yok,Hayır,Posta Çeki,2,83.26,894.35,1
CUST-10226,Erkek,39,Hayır,Hayır,43,1 Yıllık,Fiber,Yok,Var,Evet,Elektronik Çek,5,84.85,3797.21,0
CUST-10227,Erkek,71,Evet,Evet,8,1 Yıllık,Fiber,Var,Yok,Hayır,Otomatik Ödeme,1,92.48,797.52,1
CUST-10228,Kadın,50,Evet,Hayır,6,2 Yıllık,Fiber,Var,Yok,Evet,Otomatik Ödeme,2,71.74,462.52,0
CUST-10229,Erkek,34,Hayır,Evet,13,1 Yıllık,DSL,Yok,Yok,Evet,Elektronik Çek,0,46.04,581.51,0
CUST-10230,Kadın,43,Hayır,Hayır,27,Aylık,DSL,Var,Yok,Evet,Elektronik Çek,3,48.18,1329.29,0
CUST-10231,Erkek,32,Evet,Evet,62,1 Yıllık,DSL,Yok,Yok,Evet,Otomatik Ödeme,1,68.42,4104.69,0
CUST-10232,Erkek,79,Evet,Evet,22,2 Yıllık,Yok,Yok,Var,Evet,Otomatik Ödeme,3,36.04,848.62,0
CUST-10233,Erkek,67,Evet,Evet,50,2 Yıllık,Fiber,Var,Yok,Evet,Otomatik Ödeme,0,79.07,3648.63,0
CUST-10234,Kadın,42,Evet,Evet,12,Aylık,Fiber,Var,Var,Evet,Otomatik Ödeme,1,99.59,1277.94,0
CUST-10235,Erkek,22,Evet,Evet,19,Aylık,Fiber,Yok,Yok,Hayır,Otomatik Ödeme,2,93.84,1660.37,1
CUST-10236,Erkek,35,Hayır,Hayır,20,1 Yıllık,Yok,Yok,Yok,Hayır,Posta Çeki,0,43.89,879.65,0
CUST-10237,Erkek,48,Hayır,Hayır,15,Aylık,Fiber,Var,Yok,Evet,Elektronik Çek,0,86.24,1354.23,0
CUST-10238,Kadın,41,Evet,Evet,56,Aylık,Fiber,Yok,Var,Evet,Elektronik Çek,3,77.79,4554.39,0
CUST-10239,Kadın,53,Hayır,Hayır,7,2 Yıllık,DSL,Yok,Yok,Hayır,Elektronik Çek,1,58.39,435.85,1
CUST-10240,Kadın,19,Hayır,Hayır,55,Aylık,DSL,Var,Yok,Hayır,Elektronik Çek,2,56.47,3029.0,0
CUST-10241,Kadın,18,Evet,Hayır,33,Aylık,Yok,Yok,Var,Evet,Otomatik Ödeme,1,36.73,1233.29,0
CUST-10242,Erkek,45,Hayır,Hayır,42,Aylık,Yok,Yok,Yok,Hayır,Otomatik Ödeme,1,49.92,2144.59,1
CUST-10243,Kadın,35,Hayır,Hayır,14,1 Yıllık,Yok,Yok,Var,Evet,Elektronik Çek,1,23.96,348.56,0
CUST-10244,Erkek,65,Evet,Hayır,42,Aylık,Yok,Yok,Yok,Evet,Posta Çeki,1,22.74,973.2,0
CUST-10245,Kadın,34,Hayır,Evet,5,Aylık,Fiber,Var,Yok,Evet,Otomatik Ödeme,0,95.63,493.02,1
CUST-10246,Kadın,27,Evet,Evet,24,Aylık,Yok,Yok,Yok,Hayır,Elektronik Çek,1,37.16,840.25,1
CUST-10247,Erkek,39,Hayır,Evet,34,1 Yıllık,Fiber,Var,Yok,Evet,Otomatik Ödeme,2,97.02,3039.04,0
CUST-10248,Kadın,28,Evet,Evet,15,2 Yıllık,Fiber,Yok,Var,Hayır,Elektronik Çek,0,81.36,1194.12,0
CUST-10249,Kadın,40,Hayır,Hayır,8,Aylık,Yok,Yok,Yok,Hayır,Otomatik Ödeme,3,40.24,326.28,0
CUST-10250,Kadın,60,Evet,Hayır,13,Aylık,Fiber,Var,Yok,Evet,Otomatik Ödeme,2,87.47,1073.63,0
CUST-10251,Erkek,38,Hayır,Hayır,20,Aylık,Fiber,Yok,Var,Hayır,Otomatik Ödeme,0,71.88,1471.12,0
CUST-10252,Erkek,24,Evet,Hayır,19,Aylık,DSL,Var,Yok,Hayır,Otomatik Ödeme,2,68.68,1375.62,0
CUST-10253,Erkek,33,Evet,Hayır,3,Aylık,Yok,Yok,Yok,Evet,Posta Çeki,0,40.36,118.87,0
CUST-10254,Kadın,51,Evet,Hayır,41,Aylık,Fiber,Yok,Var,Hayır,Elektronik Çek,3,77.06,3020.38,0
CUST-10255,Erkek,35,Hayır,Hayır,8,Aylık,Yok,Yok,Var,Hayır,Posta Çeki,2,18.0,149.88,1
CUST-10256,Kadın,50,Hayır,Hayır,32,Aylık,Yok,Yok,Var,Evet,Elektronik Çek,2,38.23,1268.32,1
CUST-10257,Erkek,54,Evet,Hayır,15,1 Yıllık,DSL,Var,Yok,Hayır,Elektronik Çek,2,48.2,675.36,0
CUST-10258,Kadın,34,Hayır,Hayır,6,Aylık,Fiber,Var,Var,Evet,Otomatik Ödeme,2,85.86,539.93,1
CUST-10259,Kadın,52,Evet,Evet,46,Aylık,Fiber,Var,Var,Hayır,Posta Çeki,2,77.34,3547.77,0
CUST-10260,Kadın,58,Evet,Hayır,22,Aylık,Fiber,Var,Yok,Hayır,Otomatik Ödeme,2,86.13,1870.16,1
CUST-10261,Erkek,50,Hayır,Hayır,34,1 Yıllık,Fiber,Var,Var,Evet,Otomatik Ödeme,0,92.71,3139.27,0
CUST-10262,Erkek,50,Evet,Evet,35,Aylık,Fiber,Var,Yok,Evet,Elektronik Çek,1,82.86,3023.17,1
CUST-10263,Kadın,37,Hayır,Hayır,32,Aylık,Fiber,Yok,Yok,Hayır,Otomatik Ödeme,4,100.97,3313.82,1
CUST-10264,Erkek,45,Hayır,Hayır,14,Aylık,Fiber,Yok,Yok,Evet,Elektronik Çek,1,103.67,1384.7,1
CUST-10265,Erkek,57,Hayır,Evet,36,Aylık,Fiber,Yok,Yok,Evet,Otomatik Ödeme,1,102.64,3914.9,0
CUST-10266,Erkek,57,Hayır,Hayır,48,2 Yıllık,Yok,Yok,Yok,Hayır,Otomatik Ödeme,1,45.67,2105.47,0
CUST-10267,Erkek,47,Evet,Hayır,15,Aylık,Yok,Yok,Yok,Evet,Otomatik Ödeme,1,43.37,696.1,0
CUST-10268,Kadın,79,Evet,Evet,10,Aylık,Fiber,Var,Yok,Evet,Otomatik Ödeme,1,104.61,1064.72,1
CUST-10269,Kadın,29,Hayır,Hayır,16,2 Yıllık,Fiber,Var,Yok,Evet,Otomatik Ödeme,1,96.54,1425.95,0
CUST-10270,Erkek,54,Hayır,Evet,52,1 Yıllık,Fiber,Yok,Yok,Hayır,Otomatik Ödeme,0,77.19,4128.71,0
CUST-10271,Erkek,41,Evet,Evet,24,Aylık,DSL,Yok,Yok,Hayır,Elektronik Çek,1,64.69,1624.28,0
CUST-10272,Kadın,37,Evet,Hayır,64,Aylık,Yok,Var,Var,Evet,Posta Çeki,0,33.6,2030.5,0
CUST-10273,Erkek,62,Evet,Evet,19,2 Yıllık,DSL,Var,Yok,Hayır,Posta Çeki,5,42.79,802.54,0
CUST-10274,Erkek,47,Hayır,Hayır,26,Aylık,Fiber,Var,Var,Hayır,Posta Çeki,1,105.95,2724.63,0
CUST-10275,Kadın,32,Evet,Hayır,66,1 Yıllık,Fiber,Yok,Yok,Evet,Elektronik Çek,2,87.1,6138.54,1
CUST-10276,Erkek,33,Hayır,Evet,72,Aylık,Fiber,Var,Yok,Evet,Otomatik Ödeme,0,94.0,6879.54,0
CUST-10277,Erkek,36,Hayır,Hayır,43,1 Yıllık,DSL,Yok,Yok,Evet,Otomatik Ödeme,2,50.43,2077.64,0
CUST-10278,Kadın,45,Evet,Hayır,10,1 Yıllık,Fiber,Var,Yok,Evet,Elektronik Çek,1,77.49,736.54,0
CUST-10279,Kadın,42,Evet,Evet,27,2 Yıllık,Fiber,Yok,Yok,Evet,Elektronik Çek,1,99.44,2578.81,0
CUST-10280,Kadın,41,Hayır,Hayır,25,1 Yıllık,Fiber,Yok,Var,Hayır,Otomatik Ödeme,0,75.74,1833.1,0
CUST-10281,Kadın,47,Evet,Hayır,11,Aylık,Fiber,Var,Var,Evet,Otomatik Ödeme,0,66.48,710.25,1
CUST-10282,Erkek,55,Evet,Evet,58,Aylık,DSL,Var,Yok,Evet,Elektronik Çek,1,60.95,3710.42,0
CUST-10283,Erkek,46,Hayır,Evet,35,Aylık,Fiber,Yok,Var,Evet,Elektronik Çek,4,104.07,3365.11,0
CUST-10284,Kadın,70,Hayır,Hayır,13,1 Yıllık,Fiber,Yok,Yok,Hayır,Otomatik Ödeme,0,91.24,1111.98,0
CUST-10285,Erkek,58,Hayır,Hayır,10,Aylık,Fiber,Yok,Var,Evet,Elektronik Çek,3,92.11,875.37,1
CUST-10286,Erkek,34,Evet,Hayır,31,Aylık,Fiber,Var,Yok,Hayır,Otomatik Ödeme,1,118.45,3871.36,1
CUST-10287,Kadın,44,Hayır,Hayır,5,Aylık,Yok,Yok,Yok,Evet,Otomatik Ödeme,0,38.14,181.83,1
CUST-10288,Kadın,51,Hayır,Evet,49,1 Yıllık,Fiber,Yok,Yok,Hayır,Otomatik Ödeme,1,79.58,3829.6,0
CUST-10289,Kadın,27,Hayır,Hayır,18,2 Yıllık,Yok,Yok,Var,Hayır,Otomatik Ödeme,0,58.64,982.0,0
CUST-10290,Kadın,43,Hayır,Hayır,9,Aylık,Yok,Var,Yok,Hayır,Posta Çeki,1,26.6,247.57,0
CUST-10291,Erkek,61,Evet,Hayır,38,Aylık,Fiber,Var,Yok,Evet,Otomatik Ödeme,1,73.11,2921.37,1
CUST-10292,Erkek,30,Hayır,Hayır,13,1 Yıllık,DSL,Var,Yok,Hayır,Elektronik Çek,2,35.45,446.17,0
CUST-10293,Kadın,67,Hayır,Hayır,24,1 Yıllık,Fiber,Yok,Var,Hayır,Elektronik Çek,2,60.12,1537.22,1
CUST-10294,Erkek,47,Hayır,Hayır,29,1 Yıllık,DSL,Yok,Yok,Evet,Otomatik Ödeme,1,48.61,1366.73,0
CUST-10295,Kadın,61,Hayır,Hayır,12,2 Yıllık,Yok,Var,Yok,Evet,Elektronik Çek,0,43.94,540.67,0
CUST-10296,Erkek,42,Hayır,Hayır,35,2 Yıllık,DSL,Yok,Yok,Hayır,Posta Çeki,2,51.1,1776.69,0
CUST-10297,Erkek,18,Evet,Evet,60,2 Yıllık,Fiber,Var,Yok,Hayır,Elektronik Çek,1,90.83,5207.3,0
CUST-10298,Erkek,37,Hayır,Hayır,52,1 Yıllık,DSL,Var,Var,Evet,Posta Çeki,1,47.07,2564.84,0
CUST-10299,Kadın,58,Hayır,Evet,25,Aylık,DSL,Yok,Yok,Evet,Elektronik Çek,1,69.39,1870.29,0
CUST-10300,Erkek,57,Hayır,Hayır,44,1 Yıllık,Fiber,Var,Yok,Hayır,Otomatik Ödeme,0,78.38,3204.38,0
CUST-10301,Kadın,61,Evet,Hayır,10,Aylık,DSL,Var,Yok,Evet,Otomatik Ödeme,3,71.5,722.18,0
CUST-10302,Erkek,37,Evet,Hayır,23,1 Yıllık,DSL,Yok,Yok,Evet,Posta Çeki,0,46.48,1039.59,0
CUST-10303,Kadın,49,Hayır,Evet,53,1 Yıllık,Fiber,Yok,Yok,Hayır,Elektronik Çek,1,91.72,4927.18,0
CUST-10304,Kadın,58,Hayır,Hayır,11,1 Yıllık,Fiber,Yok,Yok,Evet,Posta Çeki,3,94.12,970.9,1
CUST-10305,Kadın,29,Hayır,Hayır,30,Aylık,Yok,Var,Var,Evet,Otomatik Ödeme,1,43.21,1286.83,0
CUST-10306,Kadın,35,Evet,Hayır,45,Aylık,DSL,Yok,Yok,Evet,Otomatik Ödeme,4,51.63,2444.38,1
CUST-10307,Kadın,32,Evet,Hayır,29,Aylık,Fiber,Yok,Yok,Evet,Otomatik Ödeme,0,83.1,2345.11,1
CUST-10308,Kadın,64,Evet,Hayır,72,Aylık,DSL,Var,Yok,Evet,Elektronik Çek,1,74.85,5612.69,0
CUST-10309,Kadın,45,Evet,Hayır,19,2 Yıllık,DSL,Yok,Var,Hayır,Otomatik Ödeme,1,48.66,901.14,0
CUST-10310,Erkek,43,Hayır,Evet,17,Aylık,Yok,Yok,Var,Evet,Otomatik Ödeme,2,42.42,700.05,0
CUST-10311,Erkek,18,Hayır,Hayır,7,Aylık,DSL,Yok,Yok,Hayır,Posta Çeki,0,79.86,579.74,1
CUST-10312,Erkek,58,Hayır,Evet,31,Aylık,Yok,Var,Yok,Hayır,Elektronik Çek,0,36.68,1169.48,1
CUST-10313,Kadın,32,Evet,Evet,29,1 Yıllık,Fiber,Var,Yok,Evet,Elektronik Çek,2,103.54,3090.3,0
CUST-10314,Kadın,42,Evet,Hayır,14,Aylık,DSL,Yok,Var,Evet,Otomatik Ödeme,2,39.73,551.29,0
CUST-10315,Erkek,39,Evet,Evet,35,2 Yıllık,DSL,Var,Yok,Evet,Otomatik Ödeme,3,41.52,1353.67,0
CUST-10316,Kadın,44,Hayır,Evet,70,2 Yıllık,Fiber,Yok,Var,Evet,Elektronik Çek,2,81.62,5757.26,0
CUST-10317,Kadın,55,Hayır,Hayır,18,Aylık,DSL,Yok,Yok,Evet,Elektronik Çek,1,45.53,776.12,1
CUST-10318,Erkek,44,Evet,Hayır,61,Aylık,Fiber,Yok,Yok,Evet,Otomatik Ödeme,4,77.23,4527.45,1
CUST-10319,Kadın,24,Evet,Hayır,43,1 Yıllık,Yok,Yok,Yok,Evet,Posta Çeki,3,42.26,1811.39,0
CUST-10320,Erkek,45,Hayır,Hayır,23,2 Yıllık,DSL,Yok,Var,Hayır,Otomatik Ödeme,2,68.42,1647.88,0
CUST-10321,Kadın,63,Evet,Hayır,3,Aylık,Fiber,Yok,Yok,Hayır,Otomatik Ödeme,1,78.79,223.77,1
CUST-10322,Erkek,52,Hayır,Hayır,24,1 Yıllık,DSL,Yok,Var,Evet,Elektronik Çek,4,65.4,1687.76,0
CUST-10323,Kadın,51,Hayır,Hayır,14,2 Yıllık,Fiber,Yok,Yok,Evet,Otomatik Ödeme,2,122.8,1724.06,1
CUST-10324,Kadın,31,Hayır,Hayır,33,2 Yıllık,Fiber,Yok,Yok,Evet,Otomatik Ödeme,0,84.46,2597.59,0
CUST-10325,Kadın,43,Hayır,Hayır,17,Aylık,DSL,Var,Var,Evet,Elektronik Çek,0,74.51,1335.93,0
CUST-10326,Erkek,51,Hayır,Evet,22,Aylık,DSL,Yok,Yok,Evet,Elektronik Çek,2,73.89,1591.19,1
CUST-10327,Erkek,43,Hayır,Hayır,15,2 Yıllık,DSL,Yok,Yok,Evet,Elektronik Çek,0,85.36,1207.62,0
CUST-10328,Erkek,64,Evet,Hayır,17,Aylık,Yok,Var,Yok,Hayır,Elektronik Çek,1,22.43,372.79,0
CUST-10329,Erkek,72,Hayır,Hayır,35,Aylık,DSL,Var,Yok,Hayır,Otomatik Ödeme,2,63.12,2200.15,1
CUST-10330,Erkek,41,Evet,Hayır,5,Aylık,Fiber,Yok,Yok,Hayır,Elektronik Çek,0,78.1,383.65,1
CUST-10331,Kadın,18,Hayır,Hayır,55,Aylık,Fiber,Yok,Var,Hayır,Elektronik Çek,2,96.11,5321.28,0
CUST-10332,Erkek,18,Hayır,Hayır,39,1 Yıllık,Fiber,Yok,Yok,Hayır,Elektronik Çek,3,81.16,3350.63,0
CUST-10333,Erkek,43,Evet,Hayır,4,Aylık,Yok,Yok,Var,Evet,Posta Çeki,2,32.68,133.34,0
CUST-10334,Kadın,36,Hayır,Hayır,32,2 Yıllık,Fiber,Var,Yok,Evet,Otomatik Ödeme,0,95.79,3027.45,0
CUST-10335,Erkek,40,Hayır,Hayır,19,Aylık,Fiber,Yok,Var,Hayır,Otomatik Ödeme,0,80.77,1573.62,0
CUST-10336,Kadın,43,Evet,Hayır,16,1 Yıllık,Yok,Yok,Yok,Hayır,Elektronik Çek,2,21.25,357.52,0
CUST-10337,Erkek,45,Hayır,Hayır,22,Aylık,Fiber,Yok,Yok,Evet,Posta Çeki,1,93.31,2039.96,1
CUST-10338,Erkek,47,Hayır,Evet,23,Aylık,DSL,Yok,Yok,Evet,Otomatik Ödeme,1,45.06,986.88,1
CUST-10339,Kadın,36,Evet,Evet,13,Aylık,Yok,Var,Var,Evet,Otomatik Ödeme,2,28.27,372.16,1
CUST-10340,Erkek,54,Evet,Hayır,18,Aylık,DSL,Yok,Yok,Evet,Elektronik Çek,1,52.4,977.78,0
CUST-10341,Kadın,65,Hayır,Hayır,52,Aylık,DSL,Yok,Yok,Hayır,Elektronik Çek,2,67.09,3385.59,0
CUST-10342,Kadın,22,Hayır,Evet,6,1 Yıllık,Fiber,Yok,Yok,Hayır,Otomatik Ödeme,1,95.47,573.07,1
CUST-10343,Erkek,37,Hayır,Evet,47,Aylık,DSL,Var,Yok,Evet,Posta Çeki,1,66.38,2876.81,0
CUST-10344,Erkek,47,Evet,Evet,13,Aylık,DSL,Yok,Yok,Hayır,Elektronik Çek,2,61.57,814.03,1
CUST-10345,Kadın,28,Evet,Evet,36,2 Yıllık,DSL,Yok,Var,Evet,Elektronik Çek,2,39.99,1443.33,0
CUST-10346,Kadın,38,Evet,Hayır,8,2 Yıllık,Fiber,Yok,Yok,Hayır,Posta Çeki,0,85.01,692.35,0
CUST-10347,Erkek,40,Evet,Hayır,13,2 Yıllık,DSL,Var,Var,Hayır,Otomatik Ödeme,2,66.26,815.16,0
CUST-10348,Erkek,47,Hayır,Hayır,21,Aylık,DSL,Yok,Yok,Evet,Otomatik Ödeme,1,53.2,1046.7,1
CUST-10349,Kadın,70,Hayır,Hayır,3,Aylık,Yok,Yok,Yok,Evet,Otomatik Ödeme,2,18.0,51.33,1
CUST-10350,Kadın,49,Hayır,Hayır,8,Aylık,Fiber,Var,Yok,Evet,Posta Çeki,0,96.52,768.45,1
CUST-10351,Erkek,36,Evet,Evet,67,Aylık,Yok,Var,Yok,Hayır,Elektronik Çek,0,45.14,2859.75,0
CUST-10352,Kadın,55,Hayır,Hayır,44,Aylık,DSL,Yok,Var,Evet,Elektronik Çek,1,50.73,2138.36,0
CUST-10353,Kadın,70,Hayır,Hayır,48,Aylık,DSL,Yok,Var,Evet,Otomatik Ödeme,2,65.44,3109.07,0
CUST-10354,Kadın,59,Hayır,Hayır,39,Aylık,DSL,Yok,Var,Hayır,Otomatik Ödeme,3,62.11,2294.17,1
CUST-10355,Erkek,35,Hayır,Hayır,16,Aylık,DSL,Yok,Var,Hayır,Otomatik Ödeme,3,45.76,775.03,1
CUST-10356,Kadın,32,Hayır,Evet,72,2 Yıllık,DSL,Yok,Var,Hayır,Otomatik Ödeme,2,52.35,3848.69,0
CUST-10357,Erkek,44,Hayır,Hayır,72,Aylık,Yok,Yok,Yok,Evet,Otomatik Ödeme,1,18.0,1215.97,0
CUST-10358,Erkek,34,Evet,Evet,10,Aylık,Yok,Yok,Var,Hayır,Elektronik Çek,1,55.39,572.91,1
CUST-10359,Kadın,39,Evet,Hayır,25,1 Yıllık,Yok,Yok,Yok,Hayır,Elektronik Çek,0,42.48,985.8,1
CUST-10360,Erkek,18,Hayır,Hayır,23,Aylık,Fiber,Yok,Yok,Hayır,Otomatik Ödeme,1,92.21,2269.69,1
CUST-10361,Kadın,46,Hayır,Evet,25,Aylık,Fiber,Var,Var,Evet,Elektronik Çek,1,73.63,1723.77,0
CUST-10362,Kadın,27,Hayır,Evet,48,Aylık,Yok,Yok,Yok,Evet,Otomatik Ödeme,1,38.28,1739.86,0
CUST-10363,Kadın,28,Hayır,Evet,26,Aylık,DSL,Yok,Yok,Evet,Elektronik Çek,1,37.98,951.72,0
CUST-10364,Kadın,37,Evet,Hayır,28,1 Yıllık,Fiber,Yok,Yok,Hayır,Otomatik Ödeme,3,75.87,2142.74,0
CUST-10365,Kadın,36,Hayır,Evet,26,Aylık,Yok,Yok,Yok,Evet,Elektronik Çek,1,56.86,1546.0,0
CUST-10366,Kadın,40,Evet,Hayır,8,Aylık,Fiber,Yok,Yok,Hayır,Otomatik Ödeme,0,88.06,715.75,0
CUST-10367,Kadın,52,Evet,Evet,72,1 Yıllık,Yok,Var,Yok,Hayır,Elektronik Çek,0,30.12,2293.29,0
CUST-10368,Erkek,46,Hayır,Hayır,7,2 Yıllık,DSL,Var,Yok,Evet,Posta Çeki,3,58.34,429.94,0
CUST-10369,Kadın,84,Evet,Evet,20,Aylık,Yok,Yok,Yok,Evet,Otomatik Ödeme,0,32.35,654.81,1
CUST-10370,Kadın,32,Hayır,Hayır,22,Aylık,Fiber,Var,Var,Hayır,Otomatik Ödeme,1,85.71,1739.76,1
CUST-10371,Kadın,49,Hayır,Hayır,34,Aylık,Yok,Var,Yok,Evet,Elektronik Çek,3,33.69,1128.42,0
CUST-10372,Kadın,47,Evet,Hayır,39,2 Yıllık,Fiber,Var,Var,Hayır,Otomatik Ödeme,0,85.82,3393.45,0
CUST-10373,Erkek,18,Hayır,Hayır,4,2 Yıllık,Fiber,Var,Yok,Evet,Elektronik Çek,2,78.27,305.5,1
CUST-10374,Erkek,57,Evet,Hayır,29,Aylık,DSL,Var,Yok,Evet,Otomatik Ödeme,1,77.95,2376.32,0
CUST-10375,Erkek,54,Hayır,Hayır,11,2 Yıllık,Yok,Yok,Yok,Hayır,Elektronik Çek,1,50.9,564.74,0
CUST-10376,Erkek,32,Hayır,Evet,36,Aylık,Yok,Var,Yok,Hayır,Elektronik Çek,2,25.01,830.95,0
CUST-10377,Erkek,47,Evet,Hayır,4,Aylık,Fiber,Yok,Yok,Evet,Elektronik Çek,3,80.64,338.05,1
CUST-10378,Erkek,41,Evet,Hayır,31,Aylık,DSL,Var,Var,Evet,Elektronik Çek,2,54.41,1581.45,0
CUST-10379,Erkek,61,Hayır,Evet,2,2 Yıllık,DSL,Var,Yok,Evet,Elektronik Çek,1,57.11,114.8,0
CUST-10380,Kadın,32,Evet,Evet,8,Aylık,Fiber,Var,Yok,Evet,Elektronik Çek,0,76.46,566.79,1
CUST-10381,Erkek,41,Hayır,Evet,24,Aylık,DSL,Yok,Yok,Hayır,Otomatik Ödeme,0,73.86,1665.87,0
CUST-10382,Kadın,29,Evet,Hayır,40,1 Yıllık,Fiber,Var,Var,Evet,Otomatik Ödeme,1,98.36,3711.82,0
CUST-10383,Erkek,44,Evet,Evet,45,Aylık,Yok,Yok,Yok,Hayır,Elektronik Çek,3,40.72,1952.22,1
CUST-10384,Kadın,30,Hayır,Hayır,34,Aylık,DSL,Var,Yok,Hayır,Elektronik Çek,3,51.07,1871.55,1
CUST-10385,Erkek,18,Evet,Evet,16,Aylık,Fiber,Yok,Yok,Hayır,Elektronik Çek,2,88.04,1491.08,1
CUST-10386,Erkek,27,Hayır,Hayır,31,2 Yıllık,DSL,Yok,Var,Evet,Elektronik Çek,0,78.6,2526.13,0
CUST-10387,Erkek,18,Hayır,Hayır,24,1 Yıllık,Fiber,Yok,Var,Evet,Elektronik Çek,1,74.93,1719.35,0
CUST-10388,Erkek,51,Evet,Hayır,17,2 Yıllık,DSL,Yok,Yok,Hayır,Elektronik Çek,2,30.78,560.05,0
CUST-10389,Erkek,42,Hayır,Hayır,51,1 Yıllık,DSL,Var,Yok,Hayır,Otomatik Ödeme,1,60.73,3148.68,0
CUST-10390,Kadın,38,Evet,Hayır,28,1 Yıllık,Fiber,Yok,Yok,Evet,Elektronik Çek,3,89.9,2527.14,0
CUST-10391,Erkek,41,Evet,Evet,28,2 Yıllık,Fiber,Yok,Var,Evet,Elektronik Çek,1,77.78,2013.03,0
CUST-10392,Kadın,43,Hayır,Evet,44,1 Yıllık,DSL,Yok,Var,Evet,Elektronik Çek,2,58.46,2672.43,0
CUST-10393,Erkek,30,Hayır,Hayır,17,1 Yıllık,Fiber,Yok,Yok,Hayır,Elektronik Çek,0,102.81,1636.99,0
CUST-10394,Erkek,45,Evet,Hayır,24,Aylık,Yok,Yok,Yok,Evet,Otomatik Ödeme,1,37.59,922.36,1
CUST-10395,Kadın,58,Hayır,Hayır,9,Aylık,Fiber,Var,Yok,Evet,Elektronik Çek,2,45.16,401.37,1
CUST-10396,Erkek,31,Evet,Evet,12,1 Yıllık,DSL,Yok,Yok,Hayır,Otomatik Ödeme,1,61.2,695.17,0
CUST-10397,Erkek,27,Evet,Hayır,7,Aylık,Fiber,Yok,Var,Hayır,Otomatik Ödeme,0,76.46,561.1,1
CUST-10398,Kadın,60,Evet,Hayır,10,2 Yıllık,Yok,Var,Var,Evet,Elektronik Çek,1,44.2,421.82,0
CUST-10399,Erkek,47,Hayır,Hayır,11,1 Yıllık,Fiber,Yok,Var,Evet,Otomatik Ödeme,1,79.85,884.73,0
CUST-10400,Erkek,63,Evet,Evet,23,Aylık,Fiber,Var,Yok,Hayır,Posta Çeki,3,105.03,2345.15,1
CUST-10401,Kadın,52,Evet,Evet,37,2 Yıllık,DSL,Var,Var,Hayır,Posta Çeki,2,61.69,2152.91,0
CUST-10402,Kadın,37,Hayır,Hayır,16,Aylık,Fiber,Yok,Yok,Evet,Elektronik Çek,0,64.49,1009.88,0
CUST-10403,Erkek,65,Evet,Evet,28,Aylık,DSL,Var,Yok,Evet,Otomatik Ödeme,3,55.45,1446.7,1
CUST-10404,Kadın,63,Evet,Hayır,72,Aylık,DSL,Yok,Yok,Evet,Elektronik Çek,3,53.99,3816.64,1
CUST-10405,Erkek,18,Evet,Hayır,15,2 Yıllık,Yok,Yok,Yok,Evet,Otomatik Ödeme,1,19.98,314.09,0
CUST-10406,Kadın,49,Hayır,Hayır,20,Aylık,DSL,Var,Yok,Evet,Otomatik Ödeme,3,53.79,1135.09,1
CUST-10407,Erkek,49,Hayır,Hayır,18,1 Yıllık,DSL,Yok,Var,Evet,Otomatik Ödeme,2,52.08,866.61,1
CUST-10408,Erkek,46,Hayır,Hayır,72,Aylık,DSL,Yok,Yok,Hayır,Otomatik Ödeme,1,64.44,4811.75,0
CUST-10409,Erkek,56,Hayır,Hayır,30,1 Yıllık,Fiber,Yok,Var,Hayır,Elektronik Çek,1,76.57,2231.55,0
CUST-10410,Erkek,40,Evet,Hayır,7,1 Yıllık,Fiber,Yok,Var,Evet,Elektronik Çek,3,79.32,557.5,1
CUST-10411,Kadın,36,Evet,Hayır,33,1 Yıllık,Fiber,Yok,Yok,Evet,Elektronik Çek,1,70.95,2175.76,0
CUST-10412,Kadın,51,Hayır,Evet,12,2 Yıllık,DSL,Var,Var,Evet,Posta Çeki,2,68.36,799.66,0
CUST-10413,Erkek,46,Hayır,Hayır,24,Aylık,Yok,Var,Yok,Hayır,Otomatik Ödeme,3,47.53,1063.59,1
CUST-10414,Erkek,18,Evet,Evet,41,Aylık,Fiber,Yok,Yok,Evet,Elektronik Çek,0,90.64,3933.19,1
CUST-10415,Kadın,46,Evet,Hayır,29,1 Yıllık,Fiber,Yok,Yok,Evet,Otomatik Ödeme,1,72.3,2182.85,0
CUST-10416,Erkek,20,Evet,Hayır,11,2 Yıllık,Fiber,Yok,Var,Evet,Otomatik Ödeme,4,101.67,1198.1,1
CUST-10417,Erkek,53,Evet,Hayır,6,Aylık,Yok,Var,Yok,Evet,Otomatik Ödeme,1,38.32,217.12,1
CUST-10418,Erkek,30,Hayır,Hayır,15,1 Yıllık,Yok,Yok,Yok,Evet,Posta Çeki,2,48.21,777.25,1
CUST-10419,Kadın,40,Hayır,Hayır,31,Aylık,DSL,Yok,Yok,Hayır,Posta Çeki,1,53.35,1705.32,1
CUST-10420,Erkek,30,Evet,Hayır,15,Aylık,Fiber,Var,Yok,Hayır,Otomatik Ödeme,2,81.98,1304.77,0
CUST-10421,Kadın,29,Evet,Hayır,15,1 Yıllık,Yok,Var,Yok,Evet,Otomatik Ödeme,4,46.12,743.1,0
CUST-10422,Erkek,74,Hayır,Evet,25,Aylık,Fiber,Yok,Yok,Hayır,Otomatik Ödeme,3,110.11,2860.51,1
CUST-10423,Kadın,44,Hayır,Hayır,48,1 Yıllık,DSL,Yok,Yok,Evet,Otomatik Ödeme,4,47.48,2165.29,0
CUST-10424,Erkek,47,Evet,Hayır,2,Aylık,DSL,Yok,Yok,Hayır,Otomatik Ödeme,0,62.32,120.75,1
CUST-10425,Kadın,60,Hayır,Evet,10,2 Yıllık,Fiber,Yok,Yok,Hayır,Otomatik Ödeme,1,79.05,797.46,1
CUST-10426,Kadın,54,Hayır,Hayır,8,Aylık,Fiber,Var,Yok,Evet,Otomatik Ödeme,1,79.85,634.62,0
CUST-10427,Erkek,26,Hayır,Hayır,17,Aylık,Fiber,Var,Yok,Hayır,Posta Çeki,2,104.87,1659.3,1
CUST-10428,Kadın,30,Evet,Hayır,45,1 Yıllık,Yok,Yok,Var,Evet,Elektronik Çek,2,48.81,2205.53,0
CUST-10429,Kadın,20,Evet,Hayır,36,Aylık,Fiber,Yok,Var,Hayır,Elektronik Çek,1,73.57,2853.73,1
CUST-10430,Kadın,29,Evet,Evet,28,1 Yıllık,Yok,Yok,Yok,Evet,Otomatik Ödeme,2,44.96,1207.53,1
CUST-10431,Kadın,37,Evet,Hayır,39,Aylık,Yok,Yok,Var,Evet,Otomatik Ödeme,1,37.48,1510.02,0
CUST-10432,Erkek,59,Hayır,Hayır,23,Aylık,Fiber,Yok,Var,Evet,Otomatik Ödeme,2,96.4,2231.62,1
CUST-10433,Erkek,45,Evet,Hayır,27,Aylık,Fiber,Yok,Var,Hayır,Otomatik Ödeme,0,81.87,2126.31,1
CUST-10434,Kadın,51,Evet,Evet,72,2 Yıllık,DSL,Yok,Var,Hayır,Posta Çeki,1,61.15,4310.7,0
CUST-10435,Erkek,30,Hayır,Hayır,43,Aylık,Fiber,Var,Var,Hayır,Elektronik Çek,1,78.61,3440.37,1
CUST-10436,Erkek,43,Hayır,Hayır,56,Aylık,Fiber,Yok,Yok,Evet,Elektronik Çek,0,93.56,5606.0,0
CUST-10437,Erkek,65,Hayır,Evet,72,1 Yıllık,Fiber,Var,Var,Evet,Elektronik Çek,2,113.67,8490.56,0
CUST-10438,Erkek,35,Hayır,Evet,9,Aylık,DSL,Yok,Yok,Hayır,Elektronik Çek,0,64.9,628.06,1
CUST-10439,Kadın,45,Evet,Hayır,72,Aylık,DSL,Yok,Yok,Evet,Otomatik Ödeme,1,64.94,4906.87,0
CUST-10440,Kadın,52,Hayır,Hayır,9,1 Yıllık,DSL,Yok,Yok,Evet,Otomatik Ödeme,0,71.61,622.45,0
CUST-10441,Erkek,31,Hayır,Hayır,60,Aylık,DSL,Yok,Var,Hayır,Posta Çeki,1,52.19,2976.79,1
CUST-10442,Erkek,44,Hayır,Hayır,22,Aylık,DSL,Yok,Yok,Hayır,Elektronik Çek,2,73.09,1646.37,1
CUST-10443,Kadın,66,Evet,Hayır,72,2 Yıllık,Fiber,Yok,Yok,Evet,Elektronik Çek,3,64.88,4643.39,0
CUST-10444,Erkek,39,Evet,Hayır,59,Aylık,Fiber,Yok,Yok,Hayır,Elektronik Çek,1,52.24,2858.12,0
CUST-10445,Erkek,59,Evet,Hayır,13,Aylık,Fiber,Yok,Yok,Evet,Elektronik Çek,3,111.09,1369.12,1
CUST-10446,Kadın,39,Hayır,Hayır,39,1 Yıllık,Fiber,Var,Yok,Evet,Posta Çeki,3,126.09,5002.39,0
CUST-10447,Erkek,46,Hayır,Hayır,40,1 Yıllık,DSL,Yok,Yok,Evet,Otomatik Ödeme,0,48.37,1931.38,0
CUST-10448,Kadın,51,Evet,Hayır,16,Aylık,Fiber,Yok,Var,Evet,Posta Çeki,1,77.31,1221.76,1
CUST-10449,Erkek,39,Evet,Hayır,31,1 Yıllık,Yok,Yok,Yok,Evet,Elektronik Çek,3,22.73,724.73,0
CUST-10450,Kadın,41,Evet,Hayır,16,Aylık,Fiber,Var,Var,Evet,Elektronik Çek,2,75.86,1133.07,1
CUST-10451,Erkek,47,Evet,Hayır,21,1 Yıllık,Yok,Var,Var,Evet,Posta Çeki,1,36.04,734.06,0
CUST-10452,Kadın,43,Hayır,Hayır,25,1 Yıllık,DSL,Var,Yok,Evet,Otomatik Ödeme,1,43.05,1025.55,0
CUST-10453,Erkek,48,Hayır,Hayır,27,1 Yıllık,DSL,Var,Var,Hayır,Elektronik Çek,3,46.92,1353.15,0
CUST-10454,Erkek,40,Hayır,Hayır,11,1 Yıllık,DSL,Var,Yok,Hayır,Elektronik Çek,1,50.42,526.26,0
CUST-10455,Kadın,56,Hayır,Hayır,72,Aylık,DSL,Var,Yok,Hayır,Otomatik Ödeme,2,57.77,3944.86,0
CUST-10456,Erkek,34,Evet,Hayır,8,Aylık,Fiber,Var,Yok,Hayır,Elektronik Çek,0,70.47,593.45,1
CUST-10457,Kadın,31,Hayır,Evet,30,Aylık,Yok,Var,Var,Evet,Otomatik Ödeme,1,46.38,1341.98,0
CUST-10458,Kadın,56,Hayır,Hayır,16,1 Yıllık,Fiber,Var,Yok,Evet,Otomatik Ödeme,1,80.46,1312.5,0
CUST-10459,Erkek,60,Evet,Hayır,61,Aylık,Yok,Var,Yok,Evet,Elektronik Çek,1,38.87,2244.07,0
CUST-10460,Erkek,41,Evet,Hayır,19,Aylık,DSL,Yok,Yok,Evet,Otomatik Ödeme,0,62.39,1235.17,1
CUST-10461,Kadın,48,Evet,Hayır,18,1 Yıllık,Yok,Yok,Var,Hayır,Elektronik Çek,0,21.67,390.26,0
CUST-10462,Erkek,52,Hayır,Evet,72,Aylık,DSL,Yok,Var,Hayır,Elektronik Çek,1,64.15,4791.63,0
CUST-10463,Kadın,52,Hayır,Hayır,18,Aylık,DSL,Yok,Yok,Evet,Elektronik Çek,1,54.18,1001.07,1
CUST-10464,Erkek,30,Hayır,Evet,25,2 Yıllık,Fiber,Yok,Yok,Evet,Otomatik Ödeme,0,92.29,2285.93,0
CUST-10465,Kadın,44,Hayır,Evet,14,Aylık,Yok,Yok,Var,Evet,Otomatik Ödeme,2,23.32,303.81,1
CUST-10466,Kadın,46,Hayır,Hayır,37,2 Yıllık,Fiber,Yok,Yok,Evet,Elektronik Çek,1,100.69,3745.56,1
CUST-10467,Erkek,27,Evet,Hayır,30,1 Yıllık,Fiber,Yok,Yok,Hayır,Otomatik Ödeme,1,90.04,2527.88,0
CUST-10468,Erkek,66,Hayır,Hayır,11,Aylık,Fiber,Yok,Yok,Hayır,Otomatik Ödeme,1,76.24,854.91,1
CUST-10469,Erkek,53,Hayır,Hayır,32,1 Yıllık,Yok,Var,Yok,Hayır,Elektronik Çek,1,37.03,1279.15,0
CUST-10470,Kadın,63,Evet,Hayır,17,Aylık,Fiber,Yok,Yok,Evet,Otomatik Ödeme,0,76.94,1266.56,1
CUST-10471,Erkek,53,Hayır,Hayır,35,Aylık,Fiber,Yok,Yok,Evet,Elektronik Çek,0,75.73,2460.84,0
CUST-10472,Kadın,52,Hayır,Evet,10,2 Yıllık,Fiber,Yok,Yok,Evet,Otomatik Ödeme,0,79.42,741.47,0
CUST-10473,Erkek,39,Evet,Hayır,46,Aylık,DSL,Var,Yok,Evet,Otomatik Ödeme,0,48.76,2246.54,0
CUST-10474,Erkek,31,Hayır,Hayır,51,Aylık,DSL,Yok,Yok,Evet,Posta Çeki,1,66.59,3466.17,0
CUST-10475,Kadın,43,Hayır,Hayır,13,1 Yıllık,Fiber,Var,Var,Evet,Otomatik Ödeme,1,53.76,719.66,0
CUST-10476,Kadın,18,Hayır,Evet,25,1 Yıllık,Fiber,Var,Yok,Evet,Elektronik Çek,2,94.53,2428.56,0
CUST-10477,Kadın,60,Hayır,Hayır,40,1 Yıllık,Fiber,Yok,Yok,Hayır,Elektronik Çek,1,74.68,2814.51,1
CUST-10478,Kadın,49,Hayır,Hayır,8,Aylık,Fiber,Yok,Var,Evet,Elektronik Çek,0,73.93,587.7,1
CUST-10479,Kadın,35,Hayır,Hayır,28,Aylık,Fiber,Yok,Yok,Evet,Posta Çeki,2,88.36,2464.31,1
CUST-10480,Kadın,37,Evet,Evet,32,Aylık,Fiber,Var,Yok,Hayır,Otomatik Ödeme,1,90.99,2964.47,1
CUST-10481,Kadın,40,Hayır,Hayır,9,Aylık,Fiber,Yok,Yok,Hayır,Otomatik Ödeme,2,79.06,675.26,1
CUST-10482,Kadın,44,Hayır,Evet,13,Aylık,DSL,Yok,Yok,Evet,Elektronik Çek,0,41.19,535.72,1
CUST-10483,Erkek,24,Evet,Hayır,59,2 Yıllık,DSL,Var,Var,Hayır,Otomatik Ödeme,0,54.67,3033.42,0
CUST-10484,Kadın,23,Hayır,Hayır,34,Aylık,DSL,Var,Yok,Evet,Otomatik Ödeme,0,69.94,2274.0,1
CUST-10485,Erkek,60,Hayır,Evet,20,Aylık,Fiber,Yok,Yok,Evet,Elektronik Çek,0,82.9,1696.9,0
CUST-10486,Erkek,33,Hayır,Evet,10,Aylık,Fiber,Yok,Yok,Hayır,Elektronik Çek,2,101.15,1066.05,1
CUST-10487,Kadın,42,Evet,Hayır,40,1 Yıllık,Fiber,Yok,Yok,Evet,Elektronik Çek,1,72.1,3106.85,1
CUST-10488,Erkek,59,Hayır,Hayır,16,2 Yıllık,Fiber,Yok,Var,Evet,Elektronik Çek,3,77.81,1288.23,0
CUST-10489,Erkek,34,Hayır,Evet,72,2 Yıllık,DSL,Var,Yok,Evet,Elektronik Çek,2,63.41,4880.61,0
CUST-10490,Kadın,59,Hayır,Hayır,33,Aylık,Fiber,Yok,Yok,Hayır,Otomatik Ödeme,2,67.51,2371.9,0
CUST-10491,Erkek,49,Hayır,Hayır,53,Aylık,DSL,Yok,Yok,Hayır,Otomatik Ödeme,0,102.48,5667.78,1
CUST-10492,Kadın,50,Hayır,Hayır,30,2 Yıllık,Fiber,Yok,Yok,Evet,Otomatik Ödeme,3,76.85,2367.43,1
CUST-10493,Erkek,21,Hayır,Hayır,68,Aylık,Fiber,Var,Var,Evet,Posta Çeki,3,72.1,5052.36,1
CUST-10494,Kadın,31,Evet,Evet,34,1 Yıllık,DSL,Yok,Yok,Evet,Elektronik Çek,1,40.05,1351.03,0
CUST-10495,Kadın,37,Evet,Hayır,12,Aylık,DSL,Yok,Yok,Hayır,Otomatik Ödeme,1,53.62,691.64,1
CUST-10496,Erkek,56,Hayır,Hayır,31,2 Yıllık,DSL,Var,Var,Hayır,Elektronik Çek,0,77.13,2521.86,0
CUST-10497,Erkek,36,Hayır,Hayır,20,Aylık,DSL,Yok,Var,Evet,Otomatik Ödeme,2,63.25,1210.24,0
CUST-10498,Kadın,37,Evet,Evet,30,Aylık,DSL,Var,Yok,Hayır,Elektronik Çek,4,80.65,2548.49,1
CUST-10499,Erkek,50,Hayır,Evet,22,Aylık,DSL,Var,Var,Hayır,Posta Çeki,0,50.13,1049.23,0
CUST-10500,Erkek,74,Hayır,Hayır,25,Aylık,Fiber,Var,Var,Evet,Elektronik Çek,1,77.21,1873.48,0
CUST-10501,Erkek,53,Hayır,Hayır,17,2 Yıllık,Fiber,Var,Yok,Evet,Posta Çeki,1,79.47,1325.68,0
CUST-10502,Erkek,49,Hayır,Hayır,19,2 Yıllık,DSL,Yok,Var,Evet,Otomatik Ödeme,1,18.0,314.76,0
CUST-10503,Kadın,43,Evet,Hayır,31,Aylık,Yok,Yok,Yok,Hayır,Otomatik Ödeme,2,26.04,810.58,0
CUST-10504,Kadın,27,Evet,Hayır,21,1 Yıllık,DSL,Yok,Var,Hayır,Elektronik Çek,6,43.17,892.81,1
CUST-10505,Kadın,51,Hayır,Hayır,52,Aylık,Yok,Yok,Yok,Hayır,Otomatik Ödeme,1,37.14,1901.54,1
CUST-10506,Kadın,30,Evet,Evet,45,Aylık,Fiber,Var,Yok,Hayır,Otomatik Ödeme,1,88.27,3874.4,0
CUST-10507,Erkek,18,Hayır,Evet,19,Aylık,Fiber,Var,Yok,Hayır,Elektronik Çek,1,81.04,1557.14,0
CUST-10508,Kadın,40,Hayır,Hayır,9,Aylık,Yok,Yok,Yok,Hayır,Otomatik Ödeme,0,39.77,332.83,1
CUST-10509,Kadın,57,Hayır,Hayır,60,Aylık,Fiber,Yok,Yok,Hayır,Otomatik Ödeme,2,86.44,5532.12,1
CUST-10510,Erkek,35,Evet,Hayır,19,1 Yıllık,Fiber,Yok,Var,Hayır,Otomatik Ödeme,1,88.21,1555.33,0
CUST-10511,Erkek,47,Hayır,Hayır,9,1 Yıllık,DSL,Yok,Yok,Evet,Posta Çeki,1,54.88,478.17,1
CUST-10512,Kadın,51,Hayır,Hayır,14,Aylık,DSL,Var,Yok,Hayır,Elektronik Çek,3,62.07,890.65,0
CUST-10513,Erkek,58,Evet,Evet,21,1 Yıllık,Yok,Var,Var,Evet,Otomatik Ödeme,0,28.63,597.63,1
CUST-10514,Erkek,47,Hayır,Evet,62,1 Yıllık,Fiber,Yok,Var,Evet,Elektronik Çek,2,91.66,5806.74,0
CUST-10515,Erkek,39,Hayır,Evet,45,Aylık,Fiber,Var,Var,Evet,Otomatik Ödeme,3,83.64,3788.79,0
CUST-10516,Kadın,52,Evet,Evet,28,Aylık,Fiber,Var,Yok,Evet,Posta Çeki,0,80.64,2230.77,0
CUST-10517,Kadın,41,Hayır,Evet,8,1 Yıllık,DSL,Var,Yok,Hayır,Otomatik Ödeme,1,57.64,429.93,0
CUST-10518,Erkek,54,Evet,Hayır,20,Aylık,DSL,Yok,Yok,Hayır,Posta Çeki,3,47.47,964.39,0
CUST-10519,Kadın,47,Evet,Evet,16,1 Yıllık,DSL,Yok,Yok,Evet,Elektronik Çek,3,55.16,813.35,0
CUST-10520,Kadın,53,Hayır,Hayır,67,Aylık,Fiber,Yok,Yok,Evet,Otomatik Ödeme,0,84.46,6049.77,0
CUST-10521,Erkek,34,Hayır,Evet,23,1 Yıllık,Fiber,Yok,Yok,Evet,Elektronik Çek,1,87.42,2135.53,0
CUST-10522,Kadın,51,Evet,Hayır,72,Aylık,DSL,Yok,Yok,Hayır,Elektronik Çek,2,73.37,5670.02,1
CUST-10523,Erkek,52,Hayır,Evet,37,Aylık,Yok,Yok,Yok,Evet,Otomatik Ödeme,2,36.09,1271.46,1
CUST-10524,Kadın,40,Evet,Hayır,15,Aylık,Fiber,Yok,Var,Evet,Elektronik Çek,1,91.79,1296.38,1
CUST-10525,Kadın,28,Hayır,Hayır,30,1 Yıllık,Fiber,Var,Yok,Evet,Elektronik Çek,2,90.02,2614.89,0
CUST-10526,Erkek,21,Hayır,Hayır,13,Aylık,DSL,Yok,Yok,Evet,Posta Çeki,1,48.42,605.98,0
CUST-10527,Kadın,21,Evet,Hayır,36,2 Yıllık,Yok,Var,Var,Hayır,Otomatik Ödeme,1,25.36,915.54,0
CUST-10528,Erkek,50,Hayır,Evet,3,Aylık,Fiber,Var,Yok,Evet,Elektronik Çek,1,66.07,185.72,1
CUST-10529,Erkek,43,Evet,Evet,57,Aylık,Fiber,Yok,Var,Hayır,Otomatik Ödeme,1,84.15,4724.92,0
CUST-10530,Erkek,45,Hayır,Hayır,30,Aylık,DSL,Yok,Yok,Hayır,Elektronik Çek,1,58.16,1808.63,0
CUST-10531,Kadın,54,Hayır,Hayır,44,Aylık,DSL,Var,Var,Evet,Elektronik Çek,0,45.74,1921.16,0
CUST-10532,Kadın,40,Evet,Hayır,9,Aylık,Fiber,Var,Var,Evet,Elektronik Çek,0,91.12,763.33,1
CUST-10533,Erkek,31,Hayır,Hayır,72,1 Yıllık,DSL,Yok,Yok,Evet,Elektronik Çek,1,54.18,3905.68,0
CUST-10534,Kadın,54,Evet,Evet,9,1 Yıllık,DSL,Yok,Yok,Evet,Otomatik Ödeme,0,33.06,302.76,1
CUST-10535,Kadın,18,Evet,Hayır,30,Aylık,Fiber,Var,Var,Hayır,Otomatik Ödeme,0,103.48,3244.44,0
CUST-10536,Erkek,21,Evet,Hayır,9,Aylık,DSL,Yok,Yok,Evet,Posta Çeki,0,65.75,617.72,0
CUST-10537,Kadın,56,Hayır,Hayır,20,Aylık,Fiber,Yok,Yok,Evet,Posta Çeki,5,84.73,1564.07,1
CUST-10538,Kadın,26,Evet,Hayır,33,1 Yıllık,Fiber,Yok,Var,Evet,Otomatik Ödeme,2,88.45,3025.61,0
CUST-10539,Erkek,29,Evet,Hayır,7,Aylık,Fiber,Yok,Yok,Hayır,Otomatik Ödeme,0,96.22,705.98,1
CUST-10540,Erkek,38,Hayır,Hayır,23,2 Yıllık,DSL,Var,Var,Evet,Otomatik Ödeme,0,73.59,1769.07,0
CUST-10541,Erkek,33,Hayır,Hayır,35,1 Yıllık,Fiber,Var,Yok,Evet,Otomatik Ödeme,3,86.83,3234.78,0
CUST-10542,Kadın,43,Hayır,Hayır,11,1 Yıllık,Fiber,Yok,Var,Hayır,Otomatik Ödeme,1,100.61,1065.33,1
CUST-10543,Erkek,40,Evet,Hayır,47,1 Yıllık,Yok,Var,Yok,Hayır,Otomatik Ödeme,2,22.86,1003.74,0
CUST-10544,Kadın,18,Hayır,Hayır,22,1 Yıllık,Fiber,Yok,Var,Hayır,Otomatik Ödeme,4,89.37,1979.08,1
CUST-10545,Kadın,57,Hayır,Hayır,9,Aylık,Fiber,Yok,Yok,Evet,Posta Çeki,1,87.88,839.97,0
CUST-10546,Erkek,47,Evet,Hayır,15,Aylık,Yok,Var,Var,Hayır,Elektronik Çek,2,39.83,560.91,0
CUST-10547,Kadın,42,Evet,Evet,13,Aylık,Fiber,Var,Yok,Evet,Elektronik Çek,0,78.74,1078.87,1
CUST-10548,Erkek,23,Evet,Hayır,25,Aylık,DSL,Var,Yok,Hayır,Elektronik Çek,2,59.91,1571.56,1
CUST-10549,Kadın,61,Evet,Hayır,40,Aylık,DSL,Yok,Var,Evet,Elektronik Çek,0,39.5,1569.92,0
CUST-10550,Kadın,39,Evet,Hayır,26,Aylık,DSL,Yok,Yok,Evet,Elektronik Çek,2,53.8,1451.3,1
CUST-10551,Erkek,66,Evet,Hayır,32,1 Yıllık,DSL,Var,Yok,Evet,Elektronik Çek,3,67.33,2118.74,0
CUST-10552,Kadın,74,Evet,Hayır,25,Aylık,DSL,Yok,Yok,Evet,Posta Çeki,0,67.53,1738.75,1
CUST-10553,Kadın,63,Evet,Hayır,38,Aylık,Yok,Var,Yok,Hayır,Otomatik Ödeme,3,20.52,741.88,1
CUST-10554,Kadın,71,Evet,Evet,53,Aylık,DSL,Yok,Yok,Hayır,Otomatik Ödeme,2,79.81,3999.66,0
CUST-10555,Erkek,36,Evet,Hayır,6,Aylık,Fiber,Var,Yok,Hayır,Posta Çeki,4,87.85,550.76,0
CUST-10556,Kadın,18,Evet,Hayır,29,2 Yıllık,DSL,Var,Yok,Hayır,Otomatik Ödeme,0,70.82,2053.34,0
CUST-10557,Erkek,41,Hayır,Hayır,22,Aylık,Fiber,Var,Yok,Evet,Otomatik Ödeme,1,77.39,1726.7,0
CUST-10558,Erkek,62,Hayır,Hayır,65,Aylık,Fiber,Yok,Yok,Hayır,Posta Çeki,1,75.96,5037.1,1
CUST-10559,Kadın,51,Hayır,Evet,51,Aylık,Yok,Var,Yok,Evet,Elektronik Çek,1,38.65,1939.66,0
CUST-10560,Kadın,23,Hayır,Hayır,8,Aylık,Fiber,Yok,Yok,Hayır,Otomatik Ödeme,2,90.46,670.1,1
CUST-10561,Kadın,57,Hayır,Hayır,17,Aylık,Fiber,Var,Yok,Hayır,Otomatik Ödeme,2,102.38,1852.02,0
CUST-10562,Kadın,44,Evet,Hayır,4,Aylık,Fiber,Yok,Yok,Evet,Elektronik Çek,1,85.77,323.45,1
CUST-10563,Kadın,47,Evet,Hayır,34,Aylık,Yok,Yok,Yok,Evet,Otomatik Ödeme,0,43.04,1389.64,0
CUST-10564,Kadın,37,Hayır,Evet,31,Aylık,Fiber,Var,Var,Evet,Otomatik Ödeme,1,77.97,2589.8,0
CUST-10565,Erkek,44,Hayır,Hayır,20,1 Yıllık,DSL,Yok,Var,Evet,Otomatik Ödeme,2,51.71,993.31,1
CUST-10566,Erkek,26,Evet,Hayır,6,Aylık,DSL,Yok,Yok,Hayır,Otomatik Ödeme,1,49.07,274.51,1
CUST-10567,Erkek,32,Hayır,Evet,35,1 Yıllık,Yok,Var,Var,Hayır,Otomatik Ödeme,2,49.79,1681.45,0
CUST-10568,Erkek,59,Evet,Evet,12,Aylık,Fiber,Yok,Var,Evet,Posta Çeki,6,85.72,979.37,1
CUST-10569,Kadın,61,Hayır,Evet,40,Aylık,Fiber,Yok,Var,Hayır,Elektronik Çek,2,87.59,3302.4,1
CUST-10570,Kadın,29,Evet,Hayır,12,1 Yıllık,Yok,Yok,Yok,Hayır,Posta Çeki,2,46.41,599.94,0
CUST-10571,Kadın,32,Hayır,Evet,72,Aylık,Fiber,Yok,Yok,Evet,Elektronik Çek,1,87.4,6127.47,0
CUST-10572,Erkek,49,Hayır,Hayır,63,2 Yıllık,Fiber,Yok,Var,Evet,Posta Çeki,1,79.52,4764.62,0
CUST-10573,Kadın,44,Hayır,Hayır,63,2 Yıllık,Yok,Var,Var,Hayır,Posta Çeki,1,19.02,1239.41,0
CUST-10574,Kadın,71,Hayır,Hayır,4,1 Yıllık,Fiber,Yok,Yok,Hayır,Otomatik Ödeme,0,92.54,394.42,1
CUST-10575,Erkek,40,Hayır,Hayır,50,Aylık,Fiber,Yok,Yok,Evet,Elektronik Çek,1,91.13,4402.39,0
CUST-10576,Kadın,20,Hayır,Hayır,55,1 Yıllık,Yok,Var,Var,Hayır,Posta Çeki,0,52.02,2772.41,0
CUST-10577,Erkek,28,Hayır,Hayır,14,1 Yıllık,Yok,Var,Yok,Evet,Elektronik Çek,2,37.32,488.52,1
CUST-10578,Erkek,63,Hayır,Hayır,25,1 Yıllık,Yok,Yok,Yok,Evet,Otomatik Ödeme,2,18.0,439.81,0
CUST-10579,Kadın,44,Evet,Hayır,18,Aylık,DSL,Yok,Yok,Hayır,Otomatik Ödeme,0,56.06,1053.58,1
CUST-10580,Kadın,44,Hayır,Evet,45,2 Yıllık,DSL,Var,Var,Hayır,Otomatik Ödeme,3,55.45,2419.38,0
CUST-10581,Kadın,31,Hayır,Evet,72,2 Yıllık,Fiber,Yok,Yok,Evet,Elektronik Çek,2,81.64,5665.29,0
CUST-10582,Erkek,36,Hayır,Evet,10,Aylık,DSL,Yok,Var,Evet,Posta Çeki,3,77.93,800.67,1
CUST-10583,Kadın,50,Hayır,Hayır,8,Aylık,DSL,Var,Yok,Hayır,Posta Çeki,1,57.14,450.33,1
CUST-10584,Kadın,40,Evet,Hayır,37,Aylık,Fiber,Var,Yok,Evet,Posta Çeki,0,87.74,3288.06,1
CUST-10585,Kadın,50,Hayır,Evet,11,2 Yıllık,DSL,Yok,Yok,Evet,Elektronik Çek,2,56.57,579.49,0
CUST-10586,Kadın,30,Hayır,Hayır,43,2 Yıllık,Fiber,Yok,Yok,Hayır,Posta Çeki,1,108.67,4492.44,0
CUST-10587,Erkek,46,Hayır,Hayır,20,2 Yıllık,Yok,Yok,Yok,Evet,Elektronik Çek,4,37.46,780.05,0
CUST-10588,Erkek,61,Evet,Evet,35,1 Yıllık,Fiber,Yok,Yok,Evet,Elektronik Çek,3,99.03,3498.76,1
CUST-10589,Erkek,56,Evet,Hayır,47,1 Yıllık,Yok,Yok,Yok,Evet,Elektronik Çek,0,53.31,2344.11,1
CUST-10590,Erkek,40,Hayır,Hayır,30,1 Yıllık,DSL,Yok,Yok,Evet,Otomatik Ödeme,0,59.53,1834.64,0
CUST-10591,Kadın,38,Hayır,Hayır,50,Aylık,DSL,Yok,Yok,Hayır,Otomatik Ödeme,1,67.69,3230.87,1
CUST-10592,Kadın,30,Hayır,Hayır,11,2 Yıllık,Fiber,Var,Var,Hayır,Posta Çeki,1,92.92,1099.98,0
CUST-10593,Kadın,48,Evet,Hayır,9,1 Yıllık,DSL,Yok,Yok,Hayır,Posta Çeki,1,43.99,401.66,0
CUST-10594,Erkek,29,Evet,Hayır,30,Aylık,Fiber,Yok,Yok,Evet,Otomatik Ödeme,3,76.11,2273.31,1
CUST-10595,Erkek,57,Hayır,Hayır,10,Aylık,Yok,Var,Yok,Evet,Otomatik Ödeme,1,22.06,216.36,0
CUST-10596,Erkek,54,Evet,Evet,25,Aylık,Fiber,Yok,Yok,Evet,Posta Çeki,1,85.53,2212.99,1
CUST-10597,Kadın,53,Evet,Hayır,37,1 Yıllık,Yok,Yok,Yok,Hayır,Otomatik Ödeme,2,21.46,776.25,0
CUST-10598,Kadın,71,Evet,Hayır,25,1 Yıllık,Fiber,Yok,Var,Hayır,Elektronik Çek,1,83.02,2206.41,0
CUST-10599,Erkek,70,Hayır,Hayır,34,Aylık,Yok,Yok,Yok,Evet,Elektronik Çek,1,35.86,1297.85,1
CUST-10600,Kadın,59,Hayır,Evet,32,2 Yıllık,DSL,Yok,Yok,Evet,Otomatik Ödeme,2,81.15,2657.87,0
CUST-10601,Erkek,43,Evet,Evet,2,1 Yıllık,DSL,Var,Yok,Evet,Otomatik Ödeme,0,53.48,114.19,0
CUST-10602,Erkek,30,Hayır,Evet,22,Aylık,DSL,Yok,Var,Hayır,Otomatik Ödeme,1,67.17,1531.73,0
CUST-10603,Erkek,52,Evet,Hayır,18,Aylık,Yok,Yok,Yok,Evet,Posta Çeki,5,44.43,802.62,1
CUST-10604,Erkek,38,Hayır,Hayır,63,Aylık,DSL,Var,Var,Hayır,Otomatik Ödeme,1,68.58,4043.57,0
CUST-10605,Erkek,34,Evet,Hayır,59,Aylık,Yok,Yok,Var,Hayır,Otomatik Ödeme,0,32.93,1999.0,1
CUST-10606,Kadın,34,Hayır,Evet,17,Aylık,DSL,Var,Yok,Hayır,Posta Çeki,6,68.68,1238.32,0
CUST-10607,Kadın,48,Evet,Hayır,48,Aylık,Fiber,Var,Yok,Evet,Elektronik Çek,2,83.0,4280.89,0
CUST-10608,Erkek,64,Hayır,Hayır,21,2 Yıllık,Yok,Var,Var,Evet,Posta Çeki,2,42.22,931.02,0
CUST-10609,Erkek,36,Evet,Hayır,40,Aylık,DSL,Yok,Yok,Evet,Otomatik Ödeme,0,58.65,2501.8,1
CUST-10610,Erkek,50,Evet,Hayır,8,2 Yıllık,DSL,Yok,Var,Evet,Otomatik Ödeme,2,46.61,392.15,0
CUST-10611,Kadın,55,Evet,Hayır,41,1 Yıllık,Yok,Yok,Var,Hayır,Elektronik Çek,1,46.26,1782.38,0
CUST-10612,Kadın,67,Evet,Hayır,43,2 Yıllık,Fiber,Yok,Yok,Hayır,Otomatik Ödeme,2,71.17,3006.27,0
CUST-10613,Erkek,19,Hayır,Hayır,7,Aylık,Fiber,Yok,Yok,Evet,Posta Çeki,0,90.07,646.94,1
CUST-10614,Kadın,44,Hayır,Evet,36,Aylık,DSL,Yok,Yok,Evet,Otomatik Ödeme,1,57.26,1929.58,0
CUST-10615,Kadın,33,Hayır,Evet,62,1 Yıllık,Fiber,Var,Yok,Hayır,Otomatik Ödeme,1,103.61,6268.81,0
CUST-10616,Erkek,46,Evet,Hayır,24,Aylık,Fiber,Var,Yok,Evet,Otomatik Ödeme,2,96.27,2299.97,0
CUST-10617,Erkek,31,Hayır,Evet,56,Aylık,Fiber,Var,Yok,Evet,Elektronik Çek,0,82.26,4725.14,1
CUST-10618,Kadın,27,Evet,Hayır,12,1 Yıllık,Fiber,Yok,Yok,Evet,Elektronik Çek,1,83.23,1003.86,1
CUST-10619,Erkek,71,Hayır,Hayır,11,1 Yıllık,Yok,Var,Yok,Hayır,Otomatik Ödeme,3,34.75,406.17,1
CUST-10620,Kadın,46,Hayır,Hayır,8,Aylık,Fiber,Var,Yok,Evet,Elektronik Çek,2,91.58,769.88,1
CUST-10621,Kadın,37,Hayır,Hayır,47,Aylık,Fiber,Yok,Yok,Evet,Otomatik Ödeme,0,76.45,3581.47,0
CUST-10622,Erkek,63,Hayır,Hayır,3,2 Yıllık,DSL,Var,Yok,Hayır,Posta Çeki,1,77.87,244.09,0
CUST-10623,Erkek,45,Hayır,Hayır,42,Aylık,Fiber,Yok,Var,Evet,Otomatik Ödeme,0,95.73,4184.21,0
CUST-10624,Kadın,18,Hayır,Hayır,21,1 Yıllık,Fiber,Var,Yok,Evet,Elektronik Çek,1,89.08,1940.74,1
CUST-10625,Kadın,57,Evet,Hayır,46,Aylık,DSL,Var,Var,Evet,Posta Çeki,2,59.22,2629.99,1
CUST-10626,Erkek,38,Hayır,Hayır,31,1 Yıllık,Fiber,Var,Yok,Evet,Otomatik Ödeme,2,86.2,2658.34,0
CUST-10627,Kadın,60,Hayır,Hayır,26,Aylık,Fiber,Yok,Var,Evet,Otomatik Ödeme,2,69.37,1817.93,0
CUST-10628,Erkek,48,Evet,Hayır,42,Aylık,DSL,Yok,Yok,Hayır,Otomatik Ödeme,0,64.37,2502.07,0
CUST-10629,Erkek,59,Hayır,Hayır,50,Aylık,Fiber,Yok,Yok,Hayır,Posta Çeki,2,103.24,5512.12,1
CUST-10630,Erkek,67,Evet,Evet,55,Aylık,DSL,Var,Yok,Evet,Otomatik Ödeme,1,79.67,4684.34,0
CUST-10631,Kadın,44,Evet,Evet,53,2 Yıllık,Yok,Var,Yok,Hayır,Elektronik Çek,2,19.82,979.28,0
CUST-10632,Erkek,18,Hayır,Hayır,45,Aylık,Fiber,Var,Yok,Hayır,Elektronik Çek,3,85.28,3627.5,0
CUST-10633,Kadın,26,Hayır,Hayır,17,Aylık,DSL,Var,Var,Evet,Otomatik Ödeme,1,66.81,1099.82,1
CUST-10634,Erkek,43,Evet,Hayır,22,1 Yıllık,Fiber,Var,Yok,Evet,Otomatik Ödeme,0,83.3,1901.7,0
CUST-10635,Erkek,43,Evet,Hayır,6,1 Yıllık,Fiber,Var,Yok,Hayır,Elektronik Çek,3,75.19,475.5,0
CUST-10636,Kadın,53,Hayır,Hayır,21,Aylık,Fiber,Yok,Yok,Evet,Otomatik Ödeme,4,70.09,1526.96,1
CUST-10637,Erkek,57,Hayır,Hayır,22,1 Yıllık,Fiber,Yok,Yok,Evet,Otomatik Ödeme,1,107.42,2435.83,0
CUST-10638,Erkek,55,Hayır,Hayır,61,Aylık,Fiber,Yok,Yok,Hayır,Otomatik Ödeme,0,78.7,5158.68,0
CUST-10639,Erkek,36,Hayır,Hayır,72,2 Yıllık,Fiber,Var,Var,Evet,Posta Çeki,1,90.89,6759.01,0
CUST-10640,Kadın,38,Hayır,Hayır,9,Aylık,Yok,Yok,Yok,Hayır,Elektronik Çek,0,30.14,255.18,0
CUST-10641,Erkek,27,Hayır,Evet,5,1 Yıllık,Yok,Var,Var,Evet,Elektronik Çek,1,18.0,85.74,0
CUST-10642,Erkek,18,Evet,Evet,15,1 Yıllık,DSL,Var,Var,Evet,Posta Çeki,0,34.85,531.46,0
CUST-10643,Erkek,22,Evet,Evet,31,1 Yıllık,DSL,Var,Yok,Evet,Posta Çeki,2,73.85,2426.46,0
CUST-10644,Erkek,40,Evet,Evet,72,Aylık,Fiber,Var,Yok,Evet,Otomatik Ödeme,3,81.57,6292.79,1
CUST-10645,Kadın,39,Hayır,Evet,8,1 Yıllık,DSL,Var,Var,Hayır,Otomatik Ödeme,2,58.11,480.78,0
CUST-10646,Kadın,74,Evet,Evet,8,1 Yıllık,DSL,Yok,Yok,Evet,Otomatik Ödeme,2,84.82,673.99,1
CUST-10647,Kadın,29,Evet,Evet,9,Aylık,Yok,Yok,Var,Evet,Elektronik Çek,0,51.81,465.48,0
CUST-10648,Kadın,45,Evet,Evet,59,Aylık,DSL,Yok,Yok,Evet,Otomatik Ödeme,2,41.66,2490.42,0
CUST-10649,Kadın,32,Evet,Evet,15,2 Yıllık,Fiber,Yok,Var,Evet,Otomatik Ödeme,1,85.79,1330.04,0
CUST-10650,Erkek,35,Hayır,Hayır,20,1 Yıllık,DSL,Var,Var,Evet,Otomatik Ödeme,2,67.52,1429.76,0
CUST-10651,Kadın,40,Evet,Hayır,9,Aylık,Fiber,Yok,Var,Evet,Otomatik Ödeme,1,99.9,842.62,1
CUST-10652,Erkek,32,Evet,Hayır,38,1 Yıllık,Yok,Yok,Var,Hayır,Posta Çeki,0,40.5,1589.19,0
CUST-10653,Erkek,32,Hayır,Hayır,19,Aylık,Fiber,Yok,Yok,Evet,Otomatik Ödeme,1,93.13,1655.89,1
CUST-10654,Erkek,50,Hayır,Evet,25,Aylık,Fiber,Yok,Yok,Hayır,Elektronik Çek,1,71.38,1785.46,1
CUST-10655,Kadın,65,Evet,Hayır,14,2 Yıllık,Fiber,Var,Var,Evet,Elektronik Çek,0,73.23,1023.3,0
CUST-10656,Kadın,34,Evet,Hayır,16,Aylık,DSL,Yok,Yok,Evet,Posta Çeki,0,80.31,1372.05,0
CUST-10657,Erkek,50,Hayır,Evet,56,Aylık,Fiber,Yok,Var,Evet,Otomatik Ödeme,1,73.76,3836.39,0
CUST-10658,Kadın,32,Evet,Evet,16,Aylık,Yok,Var,Yok,Evet,Elektronik Çek,0,18.0,278.1,0
CUST-10659,Erkek,21,Evet,Evet,40,Aylık,DSL,Yok,Var,Evet,Otomatik Ödeme,0,18.0,749.01,0
CUST-10660,Kadın,40,Evet,Evet,18,Aylık,Yok,Yok,Yok,Hayır,Elektronik Çek,2,35.46,633.19,1
CUST-10661,Erkek,18,Hayır,Hayır,10,Aylık,Fiber,Yok,Yok,Hayır,Elektronik Çek,2,88.42,831.81,1
CUST-10662,Kadın,19,Evet,Evet,32,Aylık,Fiber,Yok,Yok,Evet,Otomatik Ödeme,0,91.56,2988.33,0
CUST-10663,Kadın,55,Hayır,Hayır,12,Aylık,Fiber,Yok,Var,Hayır,Otomatik Ödeme,2,91.73,1047.91,0
CUST-10664,Kadın,63,Hayır,Hayır,27,Aylık,Fiber,Yok,Yok,Hayır,Otomatik Ödeme,3,88.0,2242.6,1
CUST-10665,Erkek,42,Evet,Hayır,51,Aylık,DSL,Yok,Yok,Evet,Otomatik Ödeme,0,45.99,2165.74,0
CUST-10666,Erkek,32,Evet,Hayır,21,1 Yıllık,DSL,Yok,Yok,Evet,Elektronik Çek,2,56.74,1196.53,0
CUST-10667,Erkek,51,Hayır,Hayır,15,2 Yıllık,DSL,Yok,Var,Evet,Otomatik Ödeme,3,50.98,739.5,0
CUST-10668,Erkek,52,Hayır,Evet,53,Aylık,Fiber,Yok,Yok,Evet,Elektronik Çek,1,66.04,3226.24,0
CUST-10669,Kadın,48,Hayır,Evet,23,Aylık,Fiber,Yok,Yok,Evet,Otomatik Ödeme,0,89.0,2164.26,1
CUST-10670,Kadın,42,Hayır,Hayır,14,Aylık,DSL,Var,Yok,Evet,Otomatik Ödeme,1,49.1,737.45,0
CUST-10671,Kadın,35,Evet,Evet,25,Aylık,Yok,Yok,Var,Hayır,Otomatik Ödeme,0,35.98,947.21,1
CUST-10672,Kadın,53,Evet,Hayır,42,Aylık,Fiber,Yok,Yok,Evet,Posta Çeki,4,85.1,3487.69,1
CUST-10673,Erkek,51,Hayır,Evet,39,2 Yıllık,Fiber,Yok,Yok,Evet,Posta Çeki,0,79.58,3100.12,0
CUST-10674,Kadın,37,Evet,Hayır,33,Aylık,Fiber,Yok,Yok,Evet,Otomatik Ödeme,0,74.82,2654.27,1
CUST-10675,Erkek,59,Hayır,Hayır,37,1 Yıllık,Fiber,Yok,Var,Hayır,Otomatik Ödeme,4,76.02,2885.97,0
CUST-10676,Kadın,43,Evet,Evet,24,Aylık,DSL,Yok,Yok,Evet,Elektronik Çek,0,61.47,1486.02,0
CUST-10677,Kadın,46,Hayır,Hayır,9,1 Yıllık,DSL,Yok,Yok,Evet,Otomatik Ödeme,2,60.19,544.06,0
CUST-10678,Erkek,18,Evet,Evet,26,2 Yıllık,Yok,Var,Var,Evet,Otomatik Ödeme,2,46.97,1316.9,0
CUST-10679,Kadın,41,Evet,Hayır,5,2 Yıllık,DSL,Var,Var,Evet,Elektronik Çek,2,86.39,432.81,0
CUST-10680,Erkek,31,Hayır,Hayır,35,Aylık,Fiber,Yok,Yok,Evet,Elektronik Çek,3,82.67,2685.64,0
CUST-10681,Erkek,39,Hayır,Hayır,11,Aylık,Fiber,Yok,Yok,Evet,Elektronik Çek,1,73.05,818.34,1
CUST-10682,Kadın,39,Hayır,Hayır,9,Aylık,DSL,Yok,Yok,Hayır,Otomatik Ödeme,2,60.63,513.17,1
CUST-10683,Erkek,46,Hayır,Hayır,66,1 Yıllık,Fiber,Var,Yok,Evet,Elektronik Çek,0,68.26,4468.65,0
CUST-10684,Kadın,30,Hayır,Hayır,30,Aylık,DSL,Yok,Var,Hayır,Posta Çeki,0,68.36,1904.69,0
CUST-10685,Erkek,31,Evet,Hayır,29,Aylık,DSL,Yok,Yok,Evet,Otomatik Ödeme,1,50.31,1547.2,0
CUST-10686,Erkek,49,Hayır,Hayır,19,1 Yıllık,DSL,Yok,Yok,Evet,Otomatik Ödeme,0,70.02,1296.08,0
CUST-10687,Kadın,28,Evet,Hayır,27,Aylık,DSL,Yok,Var,Evet,Otomatik Ödeme,2,55.87,1547.19,0
CUST-10688,Erkek,41,Hayır,Hayır,14,Aylık,DSL,Var,Var,Hayır,Elektronik Çek,1,40.45,573.49,0
CUST-10689,Erkek,59,Evet,Hayır,17,2 Yıllık,DSL,Yok,Var,Hayır,Otomatik Ödeme,2,75.79,1281.32,0
CUST-10690,Kadın,32,Hayır,Evet,26,Aylık,Fiber,Yok,Yok,Evet,Posta Çeki,1,96.29,2437.68,0
CUST-10691,Erkek,18,Evet,Hayır,26,Aylık,Fiber,Yok,Yok,Evet,Elektronik Çek,1,81.29,2276.17,1
CUST-10692,Erkek,29,Hayır,Hayır,1,Aylık,Yok,Var,Var,Evet,Elektronik Çek,1,34.78,32.93,0
CUST-10693,Erkek,22,Hayır,Hayır,60,Aylık,DSL,Var,Var,Hayır,Otomatik Ödeme,0,59.77,3614.52,0
CUST-10694,Erkek,28,Hayır,Hayır,14,Aylık,DSL,Yok,Yok,Evet,Otomatik Ödeme,0,74.72,964.94,1
CUST-10695,Kadın,53,Evet,Evet,46,Aylık,DSL,Yok,Var,Evet,Posta Çeki,1,39.43,1870.07,1
CUST-10696,Kadın,18,Evet,Hayır,55,2 Yıllık,Fiber,Yok,Yok,Hayır,Otomatik Ödeme,2,76.62,4413.95,0
CUST-10697,Erkek,29,Evet,Evet,33,Aylık,DSL,Yok,Yok,Evet,Otomatik Ödeme,1,54.06,1726.23,1
CUST-10698,Erkek,39,Evet,Evet,17,1 Yıllık,Yok,Yok,Var,Evet,Elektronik Çek,1,48.66,868.92,0
CUST-10699,Erkek,42,Evet,Evet,37,Aylık,DSL,Var,Yok,Hayır,Otomatik Ödeme,3,54.12,2132.45,0
CUST-10700,Kadın,47,Hayır,Hayır,18,Aylık,Yok,Yok,Var,Hayır,Elektronik Çek,1,20.0,387.7,0
CUST-10701,Erkek,44,Hayır,Hayır,10,1 Yıllık,Fiber,Yok,Var,Evet,Otomatik Ödeme,3,70.11,747.4,1
CUST-10702,Erkek,32,Hayır,Hayır,1,1 Yıllık,Yok,Yok,Var,Evet,Posta Çeki,0,28.26,27.69,0
CUST-10703,Kadın,34,Hayır,Evet,40,1 Yıllık,Fiber,Yok,Yok,Hayır,Otomatik Ödeme,0,79.71,3123.33,0
CUST-10704,Kadın,22,Hayır,Hayır,28,Aylık,DSL,Yok,Var,Evet,Otomatik Ödeme,4,47.5,1386.15,0
CUST-10705,Erkek,54,Hayır,Evet,64,Aylık,Yok,Yok,Var,Evet,Otomatik Ödeme,4,49.07,3123.57,0
CUST-10706,Kadın,37,Evet,Hayır,24,1 Yıllık,DSL,Yok,Yok,Hayır,Otomatik Ödeme,3,74.32,1837.83,0
CUST-10707,Erkek,66,Hayır,Hayır,31,Aylık,Fiber,Var,Var,Evet,Otomatik Ödeme,1,91.75,2952.42,0
CUST-10708,Erkek,41,Hayır,Hayır,28,Aylık,Yok,Yok,Yok,Hayır,Otomatik Ödeme,1,48.58,1283.63,0
CUST-10709,Erkek,18,Hayır,Evet,20,1 Yıllık,Fiber,Yok,Var,Hayır,Elektronik Çek,2,90.54,1791.18,0
CUST-10710,Kadın,53,Evet,Hayır,36,1 Yıllık,DSL,Yok,Var,Evet,Posta Çeki,3,38.61,1377.79,0
CUST-10711,Kadın,36,Evet,Hayır,37,Aylık,DSL,Yok,Yok,Evet,Otomatik Ödeme,1,50.24,1821.97,1
CUST-10712,Kadın,42,Hayır,Evet,37,Aylık,DSL,Var,Yok,Evet,Elektronik Çek,2,75.23,2885.12,1
CUST-10713,Kadın,44,Hayır,Evet,12,1 Yıllık,DSL,Yok,Yok,Evet,Elektronik Çek,1,62.16,705.39,0
CUST-10714,Erkek,25,Hayır,Hayır,21,Aylık,Yok,Var,Var,Evet,Otomatik Ödeme,3,39.53,894.49,0
CUST-10715,Kadın,49,Evet,Hayır,72,Aylık,Yok,Yok,Yok,Evet,Otomatik Ödeme,0,29.49,2276.47,0
CUST-10716,Erkek,37,Hayır,Evet,29,Aylık,DSL,Yok,Yok,Evet,Elektronik Çek,1,55.82,1715.32,1
CUST-10717,Erkek,58,Hayır,Evet,15,Aylık,Yok,Var,Var,Evet,Otomatik Ödeme,0,25.48,392.15,0
CUST-10718,Kadın,25,Evet,Evet,7,1 Yıllık,Fiber,Yok,Yok,Hayır,Elektronik Çek,1,87.84,602.87,0
CUST-10719,Kadın,25,Evet,Evet,58,Aylık,Fiber,Yok,Yok,Evet,Posta Çeki,0,66.88,3603.06,0
CUST-10720,Erkek,50,Evet,Evet,50,Aylık,DSL,Yok,Yok,Evet,Posta Çeki,2,59.99,3141.85,0
CUST-10721,Erkek,31,Hayır,Hayır,33,1 Yıllık,DSL,Yok,Yok,Evet,Otomatik Ödeme,1,47.94,1465.82,0
CUST-10722,Erkek,39,Hayır,Hayır,18,2 Yıllık,Yok,Yok,Yok,Evet,Elektronik Çek,0,18.0,320.8,0
CUST-10723,Erkek,52,Hayır,Hayır,39,Aylık,Yok,Yok,Var,Evet,Posta Çeki,1,19.3,733.0,0
CUST-10724,Erkek,35,Hayır,Evet,53,Aylık,DSL,Yok,Var,Hayır,Elektronik Çek,3,67.59,3712.91,0
CUST-10725,Erkek,26,Hayır,Hayır,28,Aylık,Yok,Yok,Yok,Hayır,Otomatik Ödeme,0,34.05,961.94,0
CUST-10726,Erkek,41,Hayır,Evet,26,2 Yıllık,Fiber,Yok,Var,Hayır,Otomatik Ödeme,0,79.08,2161.55,0
CUST-10727,Erkek,40,Hayır,Hayır,19,2 Yıllık,DSL,Yok,Yok,Evet,Otomatik Ödeme,2,65.72,1181.62,0
CUST-10728,Erkek,40,Hayır,Hayır,25,Aylık,Fiber,Yok,Var,Evet,Elektronik Çek,1,83.07,2115.75,1
CUST-10729,Kadın,35,Hayır,Evet,12,Aylık,Yok,Yok,Var,Hayır,Elektronik Çek,1,18.0,229.42,1
CUST-10730,Kadın,29,Hayır,Evet,31,Aylık,DSL,Var,Yok,Evet,Otomatik Ödeme,2,65.02,2135.96,0
CUST-10731,Kadın,39,Evet,Hayır,12,Aylık,Yok,Var,Yok,Hayır,Otomatik Ödeme,1,42.58,486.38,0
CUST-10732,Erkek,41,Hayır,Evet,15,2 Yıllık,Fiber,Var,Yok,Evet,Posta Çeki,1,89.27,1313.53,0
CUST-10733,Erkek,42,Evet,Hayır,9,Aylık,Fiber,Yok,Yok,Evet,Posta Çeki,1,78.08,689.7,1
CUST-10734,Erkek,72,Evet,Hayır,7,Aylık,Fiber,Yok,Yok,Evet,Posta Çeki,2,94.31,653.16,1
CUST-10735,Erkek,39,Evet,Hayır,27,Aylık,Fiber,Yok,Var,Evet,Otomatik Ödeme,0,79.24,2055.2,1
CUST-10736,Erkek,41,Evet,Hayır,72,Aylık,Fiber,Var,Yok,Evet,Elektronik Çek,3,88.26,5993.14,0
CUST-10737,Erkek,49,Hayır,Hayır,3,1 Yıllık,DSL,Yok,Var,Hayır,Otomatik Ödeme,0,46.83,138.12,0
CUST-10738,Kadın,35,Evet,Evet,24,Aylık,DSL,Yok,Yok,Hayır,Elektronik Çek,2,60.53,1489.84,1
CUST-10739,Kadın,24,Evet,Hayır,5,Aylık,DSL,Var,Yok,Evet,Otomatik Ödeme,1,49.96,250.01,0
CUST-10740,Kadın,26,Hayır,Hayır,24,Aylık,Fiber,Yok,Var,Hayır,Otomatik Ödeme,1,73.12,1652.05,0
CUST-10741,Kadın,26,Hayır,Hayır,6,2 Yıllık,DSL,Yok,Yok,Evet,Elektronik Çek,1,72.51,469.19,1
CUST-10742,Erkek,44,Evet,Hayır,23,1 Yıllık,DSL,Yok,Var,Hayır,Otomatik Ödeme,0,58.93,1358.04,0
CUST-10743,Kadın,49,Evet,Hayır,18,Aylık,Fiber,Yok,Yok,Evet,Otomatik Ödeme,2,84.7,1407.07,1
CUST-10744,Kadın,51,Hayır,Hayır,27,1 Yıllık,Fiber,Var,Yok,Hayır,Otomatik Ödeme,3,66.11,1724.28,0
CUST-10745,Erkek,55,Hayır,Evet,32,Aylık,Fiber,Yok,Yok,Evet,Posta Çeki,0,88.49,2748.64,1
CUST-10746,Erkek,48,Evet,Hayır,22,1 Yıllık,Fiber,Var,Yok,Hayır,Elektronik Çek,1,75.39,1658.44,0
CUST-10747,Kadın,58,Evet,Hayır,24,Aylık,Fiber,Yok,Yok,Evet,Otomatik Ödeme,1,85.92,2147.19,0
CUST-10748,Kadın,52,Evet,Hayır,13,2 Yıllık,Yok,Yok,Yok,Evet,Otomatik Ödeme,2,29.14,354.64,0
CUST-10749,Kadın,52,Evet,Hayır,15,Aylık,Fiber,Yok,Yok,Evet,Elektronik Çek,2,85.99,1217.25,1
CUST-10750,Kadın,46,Evet,Evet,20,Aylık,Yok,Yok,Var,Evet,Elektronik Çek,0,33.51,620.61,0
CUST-10751,Kadın,62,Evet,Hayır,23,1 Yıllık,DSL,Yok,Yok,Evet,Otomatik Ödeme,2,44.15,946.11,1
CUST-10752,Kadın,75,Evet,Evet,30,Aylık,Yok,Yok,Yok,Evet,Otomatik Ödeme,3,41.46,1210.73,0
CUST-10753,Kadın,18,Hayır,Hayır,33,Aylık,Yok,Yok,Yok,Hayır,Otomatik Ödeme,3,59.58,2058.36,1
CUST-10754,Erkek,45,Hayır,Hayır,8,Aylık,Yok,Yok,Yok,Evet,Otomatik Ödeme,2,23.1,177.22,1
CUST-10755,Erkek,50,Hayır,Hayır,48,Aylık,Fiber,Yok,Yok,Evet,Otomatik Ödeme,0,96.87,4675.6,1
CUST-10756,Erkek,34,Hayır,Hayır,33,Aylık,DSL,Yok,Var,Hayır,Posta Çeki,3,64.31,2084.15,1
CUST-10757,Erkek,40,Evet,Hayır,24,Aylık,Fiber,Yok,Var,Evet,Otomatik Ödeme,0,82.69,2010.53,0
CUST-10758,Erkek,33,Hayır,Hayır,25,Aylık,Fiber,Yok,Yok,Evet,Elektronik Çek,4,93.73,2277.65,1
CUST-10759,Kadın,38,Evet,Evet,11,Aylık,Fiber,Yok,Yok,Evet,Elektronik Çek,3,85.76,906.48,1
CUST-10760,Erkek,35,Hayır,Evet,36,Aylık,Fiber,Yok,Var,Evet,Otomatik Ödeme,3,80.18,3104.8,1
CUST-10761,Erkek,57,Evet,Hayır,2,1 Yıllık,DSL,Yok,Yok,Hayır,Elektronik Çek,1,55.9,115.21,0
CUST-10762,Kadın,36,Evet,Evet,2,Aylık,Fiber,Yok,Var,Hayır,Elektronik Çek,2,113.51,235.04,1
CUST-10763,Erkek,27,Evet,Hayır,39,Aylık,DSL,Var,Yok,Hayır,Otomatik Ödeme,2,43.99,1720.63,0
CUST-10764,Erkek,51,Hayır,Hayır,14,Aylık,Fiber,Yok,Var,Evet,Elektronik Çek,2,74.03,970.12,1
CUST-10765,Kadın,32,Evet,Hayır,21,1 Yıllık,DSL,Yok,Yok,Hayır,Otomatik Ödeme,1,81.66,1686.43,1
CUST-10766,Erkek,47,Evet,Evet,13,Aylık,DSL,Var,Var,Evet,Posta Çeki,2,40.33,517.89,0
CUST-10767,Kadın,68,Evet,Hayır,39,Aylık,Fiber,Yok,Yok,Hayır,Elektronik Çek,0,70.99,2653.77,0
CUST-10768,Erkek,28,Evet,Hayır,10,1 Yıllık,Yok,Yok,Var,Hayır,Otomatik Ödeme,1,20.81,220.16,0
CUST-10769,Erkek,56,Hayır,Hayır,24,Aylık,DSL,Var,Yok,Hayır,Elektronik Çek,1,73.41,1801.91,0
CUST-10770,Erkek,58,Evet,Evet,33,2 Yıllık,DSL,Yok,Yok,Evet,Posta Çeki,0,58.06,1903.09,0
CUST-10771,Erkek,24,Evet,Hayır,66,2 Yıllık,DSL,Yok,Yok,Hayır,Otomatik Ödeme,0,58.28,3611.93,0
CUST-10772,Kadın,65,Evet,Hayır,50,Aylık,DSL,Var,Yok,Evet,Elektronik Çek,2,85.59,4309.09,0
CUST-10773,Kadın,77,Hayır,Evet,25,1 Yıllık,Fiber,Yok,Yok,Evet,Elektronik Çek,5,91.29,2408.77,1
CUST-10774,Kadın,51,Hayır,Hayır,43,Aylık,DSL,Yok,Var,Evet,Posta Çeki,0,70.06,2993.89,1
CUST-10775,Erkek,45,Hayır,Evet,17,Aylık,Fiber,Yok,Yok,Hayır,Elektronik Çek,0,84.15,1461.45,1
CUST-10776,Erkek,57,Evet,Hayır,25,Aylık,Yok,Var,Yok,Hayır,Posta Çeki,0,22.41,552.82,0
CUST-10777,Kadın,48,Hayır,Evet,41,1 Yıllık,DSL,Var,Yok,Hayır,Otomatik Ödeme,5,58.42,2297.44,0
CUST-10778,Kadın,52,Evet,Hayır,60,2 Yıllık,DSL,Yok,Var,Evet,Otomatik Ödeme,0,52.38,3139.41,0
CUST-10779,Erkek,48,Evet,Evet,9,Aylık,DSL,Yok,Yok,Evet,Elektronik Çek,2,48.68,466.22,1
CUST-10780,Kadın,42,Hayır,Evet,18,1 Yıllık,Yok,Yok,Yok,Evet,Elektronik Çek,0,18.48,341.75,1
CUST-10781,Kadın,28,Hayır,Hayır,35,Aylık,DSL,Yok,Yok,Evet,Otomatik Ödeme,4,58.95,2004.54,1
CUST-10782,Kadın,64,Evet,Evet,38,Aylık,Fiber,Yok,Var,Evet,Otomatik Ödeme,0,77.75,2740.51,0
CUST-10783,Erkek,36,Evet,Hayır,31,2 Yıllık,Fiber,Yok,Var,Evet,Otomatik Ödeme,1,98.68,2948.02,0
CUST-10784,Kadın,51,Evet,Evet,22,1 Yıllık,DSL,Var,Var,Evet,Otomatik Ödeme,1,45.33,984.2,0
CUST-10785,Kadın,56,Hayır,Hayır,11,Aylık,Fiber,Yok,Yok,Evet,Otomatik Ödeme,1,106.72,1088.25,1
CUST-10786,Erkek,29,Hayır,Hayır,9,2 Yıllık,DSL,Var,Var,Hayır,Otomatik Ödeme,0,59.42,518.55,0
CUST-10787,Kadın,48,Evet,Evet,34,Aylık,Fiber,Var,Yok,Hayır,Otomatik Ödeme,0,83.08,2668.59,0
CUST-10788,Erkek,49,Evet,Evet,16,Aylık,DSL,Yok,Yok,Hayır,Otomatik Ödeme,1,67.22,1105.87,0
CUST-10789,Erkek,46,Evet,Hayır,21,Aylık,Fiber,Var,Yok,Evet,Elektronik Çek,2,92.79,2093.58,1
CUST-10790,Kadın,62,Hayır,Hayır,14,2 Yıllık,Fiber,Yok,Yok,Evet,Otomatik Ödeme,2,89.25,1259.1,0
CUST-10791,Erkek,46,Hayır,Hayır,17,Aylık,Yok,Var,Yok,Evet,Elektronik Çek,1,53.5,895.71,1
CUST-10792,Kadın,36,Hayır,Hayır,12,2 Yıllık,Fiber,Yok,Var,Evet,Posta Çeki,1,76.89,870.23,0
CUST-10793,Kadın,52,Hayır,Evet,19,1 Yıllık,DSL,Yok,Var,Evet,Elektronik Çek,2,61.22,1084.0,0
CUST-10794,Kadın,64,Hayır,Hayır,20,Aylık,DSL,Var,Yok,Hayır,Elektronik Çek,1,78.66,1524.85,1
CUST-10795,Erkek,37,Evet,Hayır,34,Aylık,Fiber,Var,Yok,Evet,Posta Çeki,1,70.53,2519.68,0
CUST-10796,Kadın,29,Hayır,Hayır,12,Aylık,Fiber,Yok,Yok,Evet,Posta Çeki,1,95.46,1127.23,1
CUST-10797,Erkek,55,Hayır,Evet,4,Aylık,Yok,Var,Var,Evet,Otomatik Ödeme,0,39.59,156.51,0
CUST-10798,Kadın,52,Evet,Evet,19,1 Yıllık,DSL,Yok,Yok,Evet,Otomatik Ödeme,1,46.54,937.85,0
CUST-10799,Erkek,26,Hayır,Hayır,30,1 Yıllık,Fiber,Yok,Yok,Hayır,Posta Çeki,1,76.95,2491.8,1
CUST-10800,Kadın,22,Evet,Hayır,16,2 Yıllık,Yok,Var,Yok,Evet,Otomatik Ödeme,2,30.83,507.38,0
CUST-10801,Erkek,27,Hayır,Hayır,42,Aylık,Yok,Yok,Yok,Evet,Otomatik Ödeme,2,38.51,1559.04,1
CUST-10802,Erkek,39,Evet,Evet,24,1 Yıllık,DSL,Var,Var,Hayır,Otomatik Ödeme,1,45.19,1036.22,0
CUST-10803,Kadın,51,Evet,Hayır,12,Aylık,Fiber,Yok,Var,Hayır,Elektronik Çek,3,90.4,1151.54,1
CUST-10804,Kadın,64,Hayır,Evet,39,1 Yıllık,Fiber,Yok,Var,Evet,Posta Çeki,1,96.36,3731.23,0
CUST-10805,Kadın,70,Hayır,Evet,31,2 Yıllık,Fiber,Yok,Var,Evet,Elektronik Çek,1,92.34,2769.63,0
CUST-10806,Kadın,62,Evet,Hayır,20,2 Yıllık,Fiber,Yok,Yok,Evet,Posta Çeki,1,80.03,1721.62,0
CUST-10807,Erkek,44,Hayır,Hayır,19,Aylık,DSL,Yok,Var,Hayır,Elektronik Çek,2,53.62,940.9,1
CUST-10808,Erkek,66,Hayır,Hayır,10,Aylık,Fiber,Yok,Var,Evet,Elektronik Çek,3,77.71,774.03,1
CUST-10809,Kadın,56,Hayır,Hayır,4,2 Yıllık,DSL,Var,Yok,Hayır,Elektronik Çek,3,51.09,190.21,0
CUST-10810,Kadın,28,Hayır,Hayır,34,2 Yıllık,Fiber,Yok,Var,Hayır,Otomatik Ödeme,1,91.95,3270.14,0
CUST-10811,Erkek,66,Hayır,Hayır,42,Aylık,Yok,Var,Yok,Evet,Posta Çeki,0,18.21,807.44,0
CUST-10812,Erkek,34,Hayır,Hayır,35,2 Yıllık,Fiber,Var,Yok,Evet,Elektronik Çek,1,93.48,3349.17,0
CUST-10813,Kadın,32,Hayır,Hayır,26,Aylık,Fiber,Yok,Var,Evet,Posta Çeki,1,90.9,2236.38,1
CUST-10814,Erkek,29,Evet,Hayır,18,Aylık,Yok,Yok,Yok,Evet,Otomatik Ödeme,3,38.21,701.02,1
CUST-10815,Kadın,29,Hayır,Evet,67,1 Yıllık,Fiber,Var,Yok,Evet,Otomatik Ödeme,2,81.33,5500.04,0
CUST-10816,Kadın,45,Evet,Evet,30,Aylık,Fiber,Var,Yok,Evet,Otomatik Ödeme,0,79.42,2564.53,1
CUST-10817,Kadın,51,Evet,Evet,50,Aylık,Yok,Var,Yok,Hayır,Otomatik Ödeme,0,47.46,2320.5,0
CUST-10818,Kadın,31,Evet,Evet,22,Aylık,Fiber,Yok,Yok,Evet,Elektronik Çek,2,91.6,1994.17,1
CUST-10819,Erkek,39,Hayır,Evet,39,Aylık,DSL,Var,Yok,Evet,Otomatik Ödeme,2,60.96,2413.47,0
CUST-10820,Erkek,61,Evet,Hayır,43,Aylık,Fiber,Var,Yok,Evet,Elektronik Çek,0,83.04,3677.92,0
CUST-10821,Erkek,27,Hayır,Evet,13,Aylık,Yok,Var,Var,Evet,Otomatik Ödeme,2,25.17,310.61,0
CUST-10822,Erkek,49,Hayır,Hayır,8,1 Yıllık,Yok,Yok,Yok,Evet,Elektronik Çek,2,36.04,290.67,0
CUST-10823,Erkek,27,Hayır,Hayır,37,Aylık,Fiber,Yok,Var,Hayır,Elektronik Çek,1,96.72,3800.48,0
CUST-10824,Kadın,58,Evet,Hayır,46,1 Yıllık,Fiber,Yok,Yok,Evet,Elektronik Çek,1,78.87,3406.1,0
CUST-10825,Erkek,46,Evet,Evet,37,1 Yıllık,Fiber,Yok,Yok,Evet,Elektronik Çek,0,96.36,3283.53,0
CUST-10826,Erkek,47,Evet,Hayır,19,Aylık,DSL,Var,Var,Evet,Posta Çeki,1,59.64,1126.61,1
CUST-10827,Kadın,26,Hayır,Hayır,6,Aylık,Fiber,Var,Yok,Hayır,Posta Çeki,3,78.76,447.3,0
CUST-10828,Kadın,63,Evet,Hayır,14,Aylık,Yok,Yok,Yok,Hayır,Posta Çeki,1,40.29,521.47,0
CUST-10829,Kadın,50,Evet,Evet,49,Aylık,Fiber,Var,Yok,Evet,Otomatik Ödeme,2,99.17,5192.6,0
CUST-10830,Erkek,82,Evet,Hayır,43,1 Yıllık,DSL,Var,Var,Hayır,Elektronik Çek,4,67.26,3067.36,0
CUST-10831,Kadın,39,Hayır,Hayır,20,Aylık,Fiber,Yok,Yok,Hayır,Otomatik Ödeme,0,103.52,2178.52,1
CUST-10832,Erkek,35,Hayır,Hayır,43,Aylık,Fiber,Yok,Yok,Hayır,Elektronik Çek,3,84.75,3616.2,0
CUST-10833,Kadın,46,Evet,Evet,21,1 Yıllık,Fiber,Yok,Yok,Evet,Otomatik Ödeme,2,74.9,1527.69,1
CUST-10834,Kadın,47,Hayır,Evet,12,Aylık,DSL,Var,Yok,Hayır,Elektronik Çek,1,62.04,773.41,0
CUST-10835,Kadın,50,Evet,Hayır,25,Aylık,Fiber,Var,Yok,Hayır,Otomatik Ödeme,1,93.0,2227.63,1
CUST-10836,Erkek,33,Evet,Hayır,14,1 Yıllık,Yok,Var,Yok,Evet,Otomatik Ödeme,3,35.47,471.05,0
CUST-10837,Erkek,26,Evet,Hayır,45,1 Yıllık,DSL,Yok,Yok,Evet,Posta Çeki,2,68.87,2935.03,0
CUST-10838,Erkek,42,Hayır,Evet,14,Aylık,DSL,Yok,Yok,Hayır,Elektronik Çek,6,51.79,677.97,1
CUST-10839,Erkek,46,Evet,Evet,29,1 Yıllık,Yok,Yok,Var,Evet,Otomatik Ödeme,0,19.24,573.29,0
CUST-10840,Erkek,51,Evet,Hayır,53,Aylık,Fiber,Yok,Var,Hayır,Otomatik Ödeme,1,103.15,5794.05,1
CUST-10841,Erkek,51,Hayır,Evet,24,Aylık,Yok,Yok,Var,Hayır,Elektronik Çek,2,28.19,627.34,0
CUST-10842,Kadın,85,Hayır,Hayır,13,Aylık,Yok,Yok,Yok,Evet,Posta Çeki,0,33.83,435.09,1
CUST-10843,Erkek,57,Hayır,Hayır,47,Aylık,Fiber,Yok,Yok,Evet,Elektronik Çek,0,80.86,3878.0,1
CUST-10844,Kadın,48,Evet,Hayır,34,Aylık,Fiber,Yok,Yok,Evet,Posta Çeki,1,79.81,2916.68,1
CUST-10845,Kadın,54,Evet,Evet,52,1 Yıllık,Fiber,Yok,Yok,Hayır,Posta Çeki,0,94.82,5169.76,0
CUST-10846,Kadın,55,Hayır,Hayır,23,1 Yıllık,Fiber,Yok,Var,Evet,Posta Çeki,1,83.19,1952.89,0
CUST-10847,Erkek,45,Evet,Evet,34,Aylık,Fiber,Yok,Yok,Hayır,Posta Çeki,5,91.65,3145.03,1
CUST-10848,Kadın,18,Hayır,Hayır,22,1 Yıllık,Yok,Yok,Var,Evet,Elektronik Çek,3,30.07,671.49,1
CUST-10849,Kadın,37,Evet,Hayır,36,Aylık,Fiber,Var,Yok,Evet,Otomatik Ödeme,0,77.57,2888.49,0
CUST-10850,Erkek,40,Hayır,Hayır,26,2 Yıllık,Fiber,Yok,Var,Evet,Otomatik Ödeme,6,84.63,2222.31,1
CUST-10851,Kadın,41,Hayır,Hayır,18,Aylık,Yok,Var,Yok,Evet,Posta Çeki,3,59.76,1097.9,1
CUST-10852,Kadın,33,Evet,Evet,9,Aylık,Fiber,Yok,Var,Evet,Elektronik Çek,3,88.98,850.75,1
CUST-10853,Kadın,18,Hayır,Hayır,14,Aylık,Fiber,Yok,Yok,Evet,Elektronik Çek,3,72.44,989.22,1
CUST-10854,Erkek,44,Evet,Evet,19,2 Yıllık,DSL,Var,Yok,Evet,Elektronik Çek,2,20.48,396.6,0
CUST-10855,Kadın,65,Evet,Hayır,34,Aylık,DSL,Var,Var,Evet,Posta Çeki,0,47.67,1553.27,1
CUST-10856,Erkek,42,Hayır,Hayır,35,1 Yıllık,Fiber,Yok,Yok,Evet,Otomatik Ödeme,2,80.04,2861.47,1
CUST-10857,Kadın,61,Evet,Evet,22,2 Yıllık,DSL,Yok,Yok,Evet,Elektronik Çek,3,59.51,1204.76,1
CUST-10858,Kadın,31,Evet,Hayır,43,2 Yıllık,Fiber,Var,Yok,Evet,Otomatik Ödeme,2,58.34,2613.55,0
CUST-10859,Erkek,37,Evet,Hayır,72,Aylık,DSL,Yok,Yok,Evet,Elektronik Çek,1,51.31,3535.85,1
CUST-10860,Kadın,33,Hayır,Hayır,19,Aylık,Fiber,Var,Yok,Hayır,Posta Çeki,3,59.82,1119.92,1
CUST-10861,Kadın,32,Evet,Hayır,40,1 Yıllık,Fiber,Yok,Yok,Evet,Elektronik Çek,1,108.03,4666.03,0
CUST-10862,Kadın,51,Hayır,Hayır,33,1 Yıllık,Fiber,Yok,Yok,Hayır,Elektronik Çek,1,84.94,2625.16,0
CUST-10863,Kadın,37,Evet,Evet,31,Aylık,Fiber,Yok,Var,Hayır,Otomatik Ödeme,0,91.58,2800.94,1
CUST-10864,Erkek,43,Evet,Evet,27,Aylık,DSL,Yok,Yok,Evet,Elektronik Çek,1,77.02,2030.01,0
CUST-10865,Kadın,21,Evet,Evet,2,Aylık,DSL,Yok,Yok,Hayır,Elektronik Çek,0,69.7,146.62,0
CUST-10866,Erkek,40,Evet,Hayır,50,Aylık,Fiber,Yok,Var,Hayır,Posta Çeki,0,84.65,4386.49,1
CUST-10867,Erkek,32,Hayır,Hayır,3,Aylık,Yok,Var,Yok,Evet,Otomatik Ödeme,0,23.87,74.12,0
CUST-10868,Erkek,39,Evet,Hayır,30,Aylık,Yok,Var,Yok,Evet,Otomatik Ödeme,2,19.92,610.66,0
CUST-10869,Erkek,61,Evet,Hayır,43,Aylık,Fiber,Var,Yok,Evet,Otomatik Ödeme,4,101.38,4619.78,0
CUST-10870,Erkek,41,Hayır,Evet,38,Aylık,DSL,Var,Var,Hayır,Otomatik Ödeme,2,67.05,2657.12,0
CUST-10871,Erkek,45,Hayır,Evet,10,Aylık,DSL,Yok,Yok,Hayır,Otomatik Ödeme,0,57.06,565.29,1
CUST-10872,Kadın,46,Hayır,Hayır,9,Aylık,DSL,Yok,Yok,Evet,Otomatik Ödeme,1,57.38,498.85,1
CUST-10873,Erkek,27,Hayır,Evet,27,2 Yıllık,Fiber,Yok,Yok,Evet,Elektronik Çek,2,79.56,2160.33,0
CUST-10874,Kadın,32,Hayır,Evet,5,Aylık,Yok,Var,Yok,Evet,Otomatik Ödeme,1,30.53,144.13,0
CUST-10875,Kadın,55,Evet,Hayır,62,Aylık,Fiber,Yok,Var,Evet,Otomatik Ödeme,2,102.45,6223.94,1
CUST-10876,Kadın,51,Evet,Evet,68,1 Yıllık,DSL,Yok,Var,Evet,Elektronik Çek,2,46.98,3024.86,0
CUST-10877,Erkek,46,Hayır,Evet,22,Aylık,DSL,Var,Var,Hayır,Posta Çeki,0,73.04,1689.97,0
CUST-10878,Kadın,38,Hayır,Hayır,22,Aylık,Yok,Var,Yok,Hayır,Otomatik Ödeme,2,24.15,491.61,1
CUST-10879,Erkek,39,Evet,Hayır,29,2 Yıllık,Fiber,Yok,Yok,Evet,Otomatik Ödeme,1,87.84,2526.0,0
CUST-10880,Kadın,30,Hayır,Hayır,72,2 Yıllık,DSL,Yok,Var,Evet,Elektronik Çek,0,57.84,3948.34,0
CUST-10881,Erkek,68,Hayır,Evet,11,1 Yıllık,Fiber,Var,Var,Hayır,Otomatik Ödeme,0,80.82,959.71,0
CUST-10882,Kadın,40,Hayır,Hayır,13,Aylık,Yok,Yok,Yok,Evet,Otomatik Ödeme,3,26.17,351.88,1
CUST-10883,Kadın,63,Hayır,Hayır,34,Aylık,Fiber,Yok,Yok,Evet,Otomatik Ödeme,3,91.15,3282.34,0
CUST-10884,Kadın,43,Hayır,Hayır,17,Aylık,Fiber,Var,Var,Evet,Posta Çeki,3,83.67,1439.18,0
CUST-10885,Kadın,20,Evet,Hayır,44,Aylık,DSL,Yok,Yok,Hayır,Otomatik Ödeme,0,78.72,3232.78,0
CUST-10886,Kadın,55,Evet,Hayır,72,Aylık,DSL,Yok,Var,Hayır,Otomatik Ödeme,1,51.99,3944.21,1
CUST-10887,Kadın,18,Hayır,Hayır,43,Aylık,Fiber,Var,Yok,Hayır,Otomatik Ödeme,1,99.21,4351.15,0
CUST-10888,Erkek,24,Hayır,Hayır,15,1 Yıllık,DSL,Var,Var,Hayır,Otomatik Ödeme,2,69.33,1118.79,0
CUST-10889,Kadın,22,Hayır,Hayır,28,Aylık,DSL,Yok,Yok,Hayır,Posta Çeki,0,44.13,1264.5,0
CUST-10890,Kadın,18,Evet,Hayır,21,Aylık,Fiber,Yok,Yok,Evet,Posta Çeki,2,85.68,1833.17,1
CUST-10891,Erkek,41,Evet,Evet,10,2 Yıllık,Fiber,Yok,Var,Hayır,Posta Çeki,2,87.13,835.87,0
CUST-10892,Erkek,39,Hayır,Hayır,40,Aylık,Yok,Var,Var,Evet,Elektronik Çek,2,66.58,2866.54,0
CUST-10893,Kadın,62,Hayır,Evet,59,Aylık,DSL,Var,Yok,Hayır,Elektronik Çek,0,87.35,5331.0,1
CUST-10894,Kadın,36,Hayır,Hayır,38,Aylık,Yok,Var,Yok,Evet,Otomatik Ödeme,1,33.02,1235.82,0
CUST-10895,Erkek,39,Hayır,Hayır,72,1 Yıllık,Fiber,Yok,Yok,Evet,Posta Çeki,0,90.02,6744.23,0
CUST-10896,Kadın,38,Hayır,Evet,13,1 Yıllık,Fiber,Yok,Var,Hayır,Otomatik Ödeme,0,56.3,715.06,0
CUST-10897,Erkek,26,Hayır,Hayır,22,Aylık,Yok,Yok,Yok,Evet,Otomatik Ödeme,1,23.38,526.95,0
CUST-10898,Kadın,30,Hayır,Hayır,7,1 Yıllık,DSL,Yok,Var,Evet,Elektronik Çek,0,66.36,500.45,0
CUST-10899,Erkek,18,Evet,Evet,28,Aylık,Fiber,Yok,Var,Evet,Elektronik Çek,2,104.68,2988.29,1
CUST-10900,Kadın,55,Hayır,Hayır,60,Aylık,DSL,Yok,Yok,Evet,Otomatik Ödeme,0,53.53,3352.81,1
CUST-10901,Erkek,23,Evet,Hayır,25,1 Yıllık,DSL,Yok,Yok,Evet,Elektronik Çek,0,53.17,1260.36,0
CUST-10902,Erkek,40,Evet,Evet,19,2 Yıllık,Yok,Yok,Yok,Evet,Elektronik Çek,0,25.56,478.29,0
CUST-10903,Kadın,29,Evet,Hayır,42,1 Yıllık,Yok,Var,Var,Evet,Otomatik Ödeme,0,55.38,2485.44,0
CUST-10904,Kadın,49,Evet,Evet,58,1 Yıllık,DSL,Yok,Var,Evet,Elektronik Çek,1,55.1,3176.0,0
CUST-10905,Kadın,56,Evet,Evet,30,Aylık,Fiber,Yok,Var,Hayır,Elektronik Çek,1,101.03,3143.67,0
CUST-10906,Kadın,30,Evet,Evet,24,Aylık,Fiber,Yok,Var,Evet,Otomatik Ödeme,0,74.68,1841.8,1
CUST-10907,Erkek,63,Hayır,Hayır,59,2 Yıllık,Yok,Var,Yok,Hayır,Posta Çeki,0,24.56,1510.69,0
CUST-10908,Erkek,48,Hayır,Evet,36,Aylık,DSL,Var,Yok,Evet,Elektronik Çek,2,53.41,1954.33,0
CUST-10909,Kadın,36,Evet,Evet,62,Aylık,Yok,Var,Yok,Hayır,Otomatik Ödeme,1,51.53,3077.39,0
CUST-10910,Erkek,40,Evet,Hayır,16,1 Yıllık,DSL,Yok,Yok,Evet,Otomatik Ödeme,1,57.21,948.79,0
CUST-10911,Kadın,48,Evet,Hayır,26,1 Yıllık,DSL,Yok,Yok,Hayır,Otomatik Ödeme,0,61.83,1664.33,0
CUST-10912,Kadın,68,Evet,Hayır,16,1 Yıllık,Fiber,Yok,Var,Hayır,Posta Çeki,5,82.34,1344.94,1
CUST-10913,Kadın,32,Hayır,Hayır,6,Aylık,Fiber,Yok,Yok,Evet,Otomatik Ödeme,3,75.65,452.57,1
CUST-10914,Kadın,18,Hayır,Evet,11,Aylık,DSL,Var,Var,Evet,Elektronik Çek,4,51.6,525.77,0
CUST-10915,Erkek,29,Hayır,Hayır,38,Aylık,Fiber,Yok,Yok,Evet,Posta Çeki,0,80.68,2944.53,1
CUST-10916,Kadın,43,Evet,Hayır,46,2 Yıllık,Fiber,Var,Yok,Hayır,Otomatik Ödeme,1,89.31,4359.68,0
CUST-10917,Kadın,33,Hayır,Hayır,21,2 Yıllık,Yok,Var,Yok,Evet,Otomatik Ödeme,2,26.89,603.75,0
CUST-10918,Kadın,25,Evet,Evet,18,Aylık,Fiber,Var,Yok,Evet,Otomatik Ödeme,2,95.73,1718.88,1
CUST-10919,Kadın,21,Evet,Evet,60,2 Yıllık,DSL,Var,Yok,Evet,Otomatik Ödeme,1,67.33,3755.11,0
CUST-10920,Erkek,54,Evet,Evet,15,Aylık,DSL,Yok,Yok,Evet,Posta Çeki,1,51.08,758.91,0
CUST-10921,Kadın,42,Evet,Evet,38,Aylık,DSL,Yok,Var,Evet,Elektronik Çek,1,53.06,1942.42,0
CUST-10922,Kadın,45,Evet,Hayır,9,Aylık,Yok,Yok,Var,Hayır,Elektronik Çek,1,41.57,366.84,1
CUST-10923,Erkek,35,Evet,Evet,5,Aylık,Fiber,Yok,Yok,Hayır,Elektronik Çek,1,67.81,318.05,1
CUST-10924,Erkek,42,Evet,Evet,29,Aylık,Yok,Yok,Var,Evet,Elektronik Çek,1,32.02,866.97,1
CUST-10925,Kadın,18,Evet,Hayır,24,Aylık,Yok,Var,Yok,Hayır,Elektronik Çek,3,28.38,636.83,0
CUST-10926,Kadın,49,Evet,Hayır,15,1 Yıllık,DSL,Var,Yok,Hayır,Otomatik Ödeme,1,81.19,1184.62,0
CUST-10927,Kadın,45,Evet,Hayır,6,Aylık,Fiber,Yok,Var,Evet,Otomatik Ödeme,2,81.09,465.62,1
CUST-10928,Kadın,73,Hayır,Hayır,31,2 Yıllık,Yok,Yok,Yok,Evet,Otomatik Ödeme,1,21.05,613.98,0
CUST-10929,Erkek,40,Hayır,Hayır,13,2 Yıllık,DSL,Yok,Var,Evet,Elektronik Çek,1,62.63,799.47,0
CUST-10930,Erkek,75,Evet,Evet,72,Aylık,Yok,Yok,Var,Evet,Otomatik Ödeme,1,32.12,2208.87,0
CUST-10931,Erkek,50,Evet,Evet,37,Aylık,Fiber,Yok,Yok,Hayır,Otomatik Ödeme,1,90.89,3117.5,1
CUST-10932,Erkek,30,Hayır,Hayır,16,2 Yıllık,Fiber,Yok,Var,Evet,Posta Çeki,0,76.26,1254.92,0
CUST-10933,Kadın,28,Evet,Hayır,10,Aylık,Fiber,Var,Yok,Evet,Posta Çeki,2,94.93,1006.91,1
CUST-10934,Kadın,28,Evet,Hayır,25,Aylık,Yok,Var,Yok,Hayır,Otomatik Ödeme,1,19.29,483.2,1
CUST-10935,Erkek,59,Evet,Hayır,15,Aylık,Fiber,Yok,Yok,Evet,Otomatik Ödeme,0,83.89,1201.42,0
CUST-10936,Erkek,52,Hayır,Hayır,9,2 Yıllık,DSL,Yok,Yok,Evet,Elektronik Çek,1,67.82,578.91,0
CUST-10937,Kadın,40,Evet,Evet,40,Aylık,DSL,Yok,Var,Hayır,Elektronik Çek,0,68.92,2696.44,0
CUST-10938,Kadın,55,Hayır,Hayır,14,Aylık,Fiber,Yok,Var,Evet,Posta Çeki,0,103.61,1518.87,0
CUST-10939,Erkek,38,Evet,Hayır,38,Aylık,Fiber,Var,Yok,Evet,Otomatik Ödeme,1,97.63,3609.22,0
CUST-10940,Erkek,38,Evet,Hayır,16,Aylık,DSL,Yok,Var,Hayır,Otomatik Ödeme,1,75.61,1287.31,0
CUST-10941,Erkek,37,Evet,Hayır,33,Aylık,Fiber,Yok,Var,Evet,Otomatik Ödeme,1,73.78,2595.28,0
CUST-10942,Erkek,19,Evet,Evet,31,2 Yıllık,Fiber,Var,Var,Evet,Elektronik Çek,0,66.68,1928.94,0
CUST-10943,Erkek,38,Evet,Hayır,52,2 Yıllık,DSL,Yok,Yok,Evet,Posta Çeki,0,47.27,2358.34,0
CUST-10944,Erkek,39,Hayır,Evet,46,Aylık,Fiber,Yok,Yok,Hayır,Otomatik Ödeme,2,64.58,3178.92,0
CUST-10945,Kadın,47,Evet,Evet,12,Aylık,Fiber,Yok,Yok,Hayır,Otomatik Ödeme,3,111.24,1325.92,1
CUST-10946,Kadın,32,Hayır,Evet,46,Aylık,Fiber,Yok,Var,Hayır,Otomatik Ödeme,3,91.78,4198.45,1
CUST-10947,Erkek,32,Hayır,Hayır,72,2 Yıllık,Yok,Var,Yok,Evet,Elektronik Çek,0,33.79,2431.88,0
CUST-10948,Kadın,60,Evet,Hayır,13,1 Yıllık,DSL,Yok,Yok,Evet,Posta Çeki,1,53.21,719.25,1
CUST-10949,Kadın,35,Hayır,Evet,43,1 Yıllık,DSL,Yok,Yok,Evet,Elektronik Çek,4,68.36,2746.2,1
CUST-10950,Kadın,37,Hayır,Evet,24,Aylık,DSL,Var,Yok,Evet,Otomatik Ödeme,1,25.38,654.24,0
CUST-10951,Erkek,33,Evet,Hayır,34,Aylık,Fiber,Yok,Yok,Hayır,Otomatik Ödeme,1,68.93,2200.45,1
CUST-10952,Kadın,51,Evet,Hayır,72,1 Yıllık,Yok,Var,Yok,Evet,Elektronik Çek,3,18.27,1220.86,0
CUST-10953,Kadın,51,Evet,Hayır,11,Aylık,Fiber,Yok,Var,Evet,Elektronik Çek,1,80.97,937.32,1
CUST-10954,Erkek,39,Hayır,Hayır,28,1 Yıllık,Fiber,Var,Var,Hayır,Otomatik Ödeme,2,104.52,3095.66,0
CUST-10955,Erkek,27,Evet,Hayır,10,Aylık,Fiber,Yok,Yok,Evet,Elektronik Çek,1,78.62,795.23,0
CUST-10956,Kadın,40,Hayır,Hayır,23,Aylık,Fiber,Yok,Yok,Evet,Otomatik Ödeme,2,97.6,2406.51,1
CUST-10957,Erkek,68,Hayır,Evet,48,2 Yıllık,Fiber,Var,Yok,Evet,Elektronik Çek,1,82.75,3944.36,0
CUST-10958,Kadın,34,Hayır,Hayır,26,Aylık,Fiber,Var,Yok,Hayır,Elektronik Çek,1,72.47,1926.35,0
CUST-10959,Erkek,37,Evet,Hayır,11,Aylık,Fiber,Yok,Yok,Evet,Posta Çeki,3,90.62,1056.27,1
CUST-10960,Kadın,55,Evet,Hayır,50,Aylık,DSL,Var,Yok,Evet,Elektronik Çek,3,77.11,4092.05,1
CUST-10961,Erkek,53,Evet,Evet,36,1 Yıllık,Fiber,Yok,Yok,Hayır,Elektronik Çek,0,79.82,2989.05,0
CUST-10962,Kadın,37,Evet,Evet,14,Aylık,Yok,Yok,Yok,Hayır,Elektronik Çek,0,29.7,440.15,0
CUST-10963,Erkek,34,Evet,Evet,37,Aylık,Yok,Var,Yok,Evet,Otomatik Ödeme,0,18.0,649.86,1
CUST-10964,Kadın,60,Evet,Hayır,4,Aylık,Fiber,Yok,Yok,Evet,Otomatik Ödeme,1,74.64,281.31,1
CUST-10965,Kadın,45,Hayır,Hayır,30,Aylık,Fiber,Yok,Yok,Hayır,Elektronik Çek,0,72.61,2283.14,1
CUST-10966,Erkek,37,Evet,Hayır,21,Aylık,DSL,Yok,Var,Evet,Posta Çeki,1,34.58,708.5,0
CUST-10967,Erkek,44,Evet,Hayır,56,Aylık,Fiber,Var,Yok,Evet,Elektronik Çek,3,89.44,5281.86,0
CUST-10968,Kadın,28,Evet,Hayır,24,Aylık,Fiber,Yok,Yok,Hayır,Elektronik Çek,0,91.89,2352.27,1
CUST-10969,Erkek,28,Hayır,Hayır,5,1 Yıllık,Fiber,Yok,Yok,Evet,Posta Çeki,3,79.45,388.59,1
CUST-10970,Erkek,62,Evet,Hayır,72,Aylık,Fiber,Yok,Yok,Hayır,Elektronik Çek,1,77.15,5773.64,1
CUST-10971,Erkek,41,Evet,Hayır,27,2 Yıllık,Yok,Var,Yok,Hayır,Otomatik Ödeme,2,34.2,977.27,0
CUST-10972,Kadın,27,Evet,Evet,30,2 Yıllık,DSL,Yok,Yok,Hayır,Otomatik Ödeme,1,69.08,2181.19,0
CUST-10973,Kadın,58,Hayır,Evet,7,Aylık,Fiber,Yok,Yok,Evet,Otomatik Ödeme,2,65.97,425.5,1
CUST-10974,Erkek,44,Evet,Hayır,72,Aylık,Yok,Yok,Var,Evet,Elektronik Çek,2,35.12,2349.62,0
CUST-10975,Erkek,55,Hayır,Hayır,69,2 Yıllık,Fiber,Yok,Var,Evet,Otomatik Ödeme,0,82.85,5776.33,0
CUST-10976,Kadın,39,Hayır,Hayır,65,Aylık,DSL,Yok,Yok,Evet,Otomatik Ödeme,2,54.45,3780.99,0
CUST-10977,Erkek,51,Evet,Hayır,37,1 Yıllık,DSL,Var,Yok,Hayır,Posta Çeki,4,69.98,2567.68,1
CUST-10978,Erkek,50,Hayır,Hayır,50,Aylık,Fiber,Yok,Yok,Evet,Otomatik Ödeme,0,83.03,4305.15,1
CUST-10979,Kadın,28,Evet,Evet,47,1 Yıllık,DSL,Yok,Yok,Evet,Elektronik Çek,2,74.68,3700.63,0
CUST-10980,Erkek,47,Evet,Hayır,7,Aylık,Fiber,Yok,Var,Hayır,Otomatik Ödeme,0,89.25,603.17,1
CUST-10981,Kadın,56,Evet,Evet,62,1 Yıllık,DSL,Yok,Yok,Evet,Posta Çeki,2,47.02,2994.9,0
CUST-10982,Erkek,33,Evet,Hayır,9,2 Yıllık,Fiber,Var,Yok,Evet,Otomatik Ödeme,1,102.44,891.09,0
CUST-10983,Erkek,34,Hayır,Hayır,41,Aylık,Fiber,Yok,Yok,Hayır,Posta Çeki,2,83.33,3554.2,0
CUST-10984,Kadın,24,Evet,Evet,47,1 Yıllık,Fiber,Var,Var,Hayır,Otomatik Ödeme,1,79.73,3490.69,0
CUST-10985,Erkek,41,Evet,Hayır,5,Aylık,DSL,Yok,Yok,Evet,Elektronik Çek,1,79.34,372.27,1
CUST-10986,Kadın,39,Evet,Hayır,50,Aylık,DSL,Var,Var,Evet,Posta Çeki,1,35.33,1630.33,0
CUST-10987,Erkek,39,Evet,Hayır,37,Aylık,Fiber,Var,Yok,Hayır,Elektronik Çek,0,91.11,3332.79,1
CUST-10988,Kadın,33,Hayır,Hayır,34,Aylık,Fiber,Yok,Yok,Hayır,Posta Çeki,3,86.98,3042.08,1
CUST-10989,Kadın,75,Evet,Hayır,21,Aylık,DSL,Var,Yok,Evet,Otomatik Ödeme,1,64.83,1276.08,1
CUST-10990,Kadın,49,Evet,Hayır,31,1 Yıllık,DSL,Yok,Var,Hayır,Otomatik Ödeme,3,49.59,1498.7,0
CUST-10991,Kadın,28,Hayır,Evet,49,Aylık,Fiber,Yok,Yok,Hayır,Otomatik Ödeme,3,70.56,3458.37,1
CUST-10992,Erkek,53,Evet,Evet,14,1 Yıllık,Fiber,Yok,Yok,Hayır,Elektronik Çek,1,69.92,999.4,1
CUST-10993,Kadın,21,Hayır,Hayır,10,2 Yıllık,DSL,Yok,Yok,Evet,Posta Çeki,0,60.06,599.99,0
CUST-10994,Erkek,54,Evet,Hayır,53,2 Yıllık,Fiber,Yok,Var,Evet,Elektronik Çek,1,93.68,4896.67,0
CUST-10995,Kadın,62,Hayır,Hayır,3,2 Yıllık,Fiber,Yok,Yok,Evet,Posta Çeki,2,83.95,239.21,1
CUST-10996,Kadın,18,Hayır,Hayır,57,1 Yıllık,Fiber,Yok,Yok,Evet,Elektronik Çek,2,87.72,5031.99,0
CUST-10997,Erkek,51,Evet,Hayır,3,Aylık,DSL,Yok,Yok,Hayır,Posta Çeki,0,71.42,228.82,0
CUST-10998,Erkek,30,Hayır,Hayır,24,2 Yıllık,DSL,Yok,Yok,Hayır,Otomatik Ödeme,1,55.92,1236.01,0
CUST-10999,Erkek,38,Evet,Hayır,61,Aylık,Yok,Var,Var,Evet,Otomatik Ödeme,2,21.56,1359.56,1
CUST-11000,Kadın,54,Evet,Hayır,57,2 Yıllık,Fiber,Yok,Yok,Hayır,Otomatik Ödeme,1,83.53,4809.86,0
CUST-11001,Erkek,26,Evet,Hayır,18,2 Yıllık,Fiber,Yok,Var,Hayır,Otomatik Ödeme,1,88.51,1632.97,0
CUST-11002,Kadın,72,Evet,Hayır,50,1 Yıllık,Yok,Yok,Yok,Evet,Elektronik Çek,2,19.32,948.37,0
CUST-11003,Erkek,32,Hayır,Hayır,48,Aylık,DSL,Yok,Var,Evet,Elektronik Çek,1,53.68,2654.56,1
CUST-11004,Kadın,62,Hayır,Evet,0,Aylık,DSL,Var,Var,Hayır,Posta Çeki,1,70.64,0.0,0
CUST-11005,Kadın,60,Evet,Hayır,36,Aylık,Fiber,Yok,Yok,Hayır,Elektronik Çek,1,97.39,3325.76,1
CUST-11006,Kadın,48,Hayır,Evet,11,Aylık,Yok,Yok,Yok,Evet,Otomatik Ödeme,2,30.94,326.48,0
CUST-11007,Erkek,43,Hayır,Hayır,72,Aylık,Fiber,Yok,Yok,Evet,Elektronik Çek,3,109.33,7479.7,1
CUST-11008,Kadın,48,Hayır,Hayır,15,Aylık,Fiber,Yok,Var,Hayır,Elektronik Çek,0,78.77,1159.27,1
CUST-11009,Kadın,49,Evet,Hayır,72,1 Yıllık,Fiber,Yok,Yok,Evet,Elektronik Çek,1,85.84,5967.79,0
CUST-11010,Erkek,52,Hayır,Hayır,40,2 Yıllık,Fiber,Var,Yok,Evet,Otomatik Ödeme,4,95.25,3840.35,0
CUST-11011,Erkek,18,Evet,Evet,53,Aylık,DSL,Yok,Yok,Evet,Otomatik Ödeme,0,86.63,4743.74,0
CUST-11012,Kadın,46,Evet,Hayır,49,Aylık,Fiber,Yok,Yok,Hayır,Otomatik Ödeme,0,84.59,3819.55,0
CUST-11013,Kadın,46,Evet,Evet,37,Aylık,Fiber,Yok,Var,Hayır,Posta Çeki,3,97.21,3653.88,0
CUST-11014,Kadın,72,Evet,Evet,17,Aylık,Fiber,Yok,Yok,Evet,Otomatik Ödeme,1,108.69,1781.7,0
CUST-11015,Erkek,41,Evet,Hayır,17,Aylık,Fiber,Var,Yok,Hayır,Otomatik Ödeme,1,95.82,1670.01,1
CUST-11016,Kadın,49,Evet,Hayır,16,1 Yıllık,Yok,Var,Yok,Hayır,Otomatik Ödeme,1,30.54,463.53,0
CUST-11017,Kadın,18,Evet,Hayır,10,Aylık,Fiber,Yok,Yok,Hayır,Posta Çeki,0,61.45,583.31,1
CUST-11018,Erkek,28,Evet,Hayır,20,Aylık,Fiber,Yok,Yok,Hayır,Otomatik Ödeme,0,89.16,1864.12,0
CUST-11019,Kadın,33,Hayır,Hayır,29,Aylık,Yok,Yok,Yok,Evet,Elektronik Çek,1,40.68,1189.44,1
CUST-11020,Erkek,44,Hayır,Evet,22,1 Yıllık,Yok,Yok,Var,Evet,Posta Çeki,0,36.27,781.88,0
CUST-11021,Kadın,21,Evet,Evet,53,Aylık,Fiber,Yok,Yok,Evet,Elektronik Çek,1,82.07,4651.67,1
CUST-11022,Erkek,52,Evet,Hayır,22,Aylık,DSL,Yok,Yok,Evet,Otomatik Ödeme,1,52.93,1119.84,0
CUST-11023,Kadın,40,Hayır,Hayır,50,Aylık,Fiber,Yok,Yok,Hayır,Posta Çeki,2,83.51,4195.06,0
CUST-11024,Kadın,18,Hayır,Hayır,37,2 Yıllık,DSL,Var,Var,Evet,Otomatik Ödeme,0,51.21,1863.12,0
CUST-11025,Erkek,60,Evet,Evet,72,Aylık,Fiber,Yok,Yok,Hayır,Elektronik Çek,1,71.14,4993.33,1
CUST-11026,Kadın,48,Hayır,Hayır,40,1 Yıllık,Fiber,Yok,Var,Evet,Elektronik Çek,0,101.43,4381.39,0
CUST-11027,Kadın,59,Hayır,Hayır,59,Aylık,Yok,Var,Yok,Evet,Posta Çeki,3,21.34,1249.59,0
CUST-11028,Kadın,27,Evet,Hayır,46,2 Yıllık,Fiber,Var,Var,Evet,Posta Çeki,2,90.81,4294.55,0
CUST-11029,Erkek,37,Hayır,Hayır,28,Aylık,DSL,Var,Yok,Evet,Otomatik Ödeme,2,33.56,973.08,1
CUST-11030,Erkek,61,Evet,Hayır,53,Aylık,DSL,Yok,Yok,Evet,Otomatik Ödeme,1,51.0,2506.56,0
CUST-11031,Kadın,34,Evet,Evet,11,2 Yıllık,Fiber,Yok,Yok,Hayır,Posta Çeki,3,98.35,1098.83,0
CUST-11032,Kadın,18,Evet,Evet,31,1 Yıllık,Yok,Var,Yok,Hayır,Otomatik Ödeme,1,32.64,1056.63,0
CUST-11033,Erkek,45,Hayır,Evet,32,Aylık,DSL,Var,Yok,Evet,Otomatik Ödeme,2,71.78,2409.97,0
CUST-11034,Kadın,36,Evet,Hayır,51,Aylık,Fiber,Var,Yok,Evet,Otomatik Ödeme,2,89.73,4222.84,1
CUST-11035,Kadın,25,Evet,Hayır,8,2 Yıllık,DSL,Yok,Yok,Evet,Posta Çeki,2,39.19,336.66,1
CUST-11036,Kadın,36,Evet,Hayır,27,Aylık,DSL,Var,Yok,Evet,Posta Çeki,4,84.24,2304.58,1
CUST-11037,Kadın,59,Hayır,Hayır,42,Aylık,Fiber,Var,Yok,Evet,Otomatik Ödeme,0,93.96,3939.1,0
CUST-11038,Erkek,38,Evet,Evet,48,2 Yıllık,Fiber,Yok,Yok,Hayır,Otomatik Ödeme,0,92.63,4242.88,0
CUST-11039,Erkek,64,Evet,Hayır,18,Aylık,DSL,Yok,Var,Hayır,Otomatik Ödeme,1,65.72,1183.25,0
CUST-11040,Kadın,45,Hayır,Hayır,9,Aylık,DSL,Yok,Yok,Hayır,Posta Çeki,0,58.38,501.72,0
CUST-11041,Erkek,52,Hayır,Evet,36,Aylık,Fiber,Var,Var,Evet,Posta Çeki,0,81.51,3025.93,0
CUST-11042,Kadın,36,Hayır,Hayır,8,Aylık,Fiber,Var,Yok,Evet,Otomatik Ödeme,3,71.98,565.91,0
CUST-11043,Kadın,36,Hayır,Hayır,29,Aylık,Fiber,Var,Yok,Hayır,Otomatik Ödeme,2,93.3,2537.16,0
CUST-11044,Kadın,18,Evet,Evet,27,1 Yıllık,Fiber,Yok,Yok,Hayır,Elektronik Çek,2,95.39,2629.42,0
CUST-11045,Kadın,47,Hayır,Hayır,32,Aylık,Yok,Yok,Yok,Evet,Otomatik Ödeme,0,18.0,609.43,1
CUST-11046,Kadın,49,Evet,Hayır,62,Aylık,Fiber,Yok,Yok,Evet,Posta Çeki,2,107.11,6743.81,1
CUST-11047,Erkek,40,Hayır,Evet,51,1 Yıllık,Fiber,Yok,Var,Hayır,Otomatik Ödeme,1,87.27,4373.19,0
CUST-11048,Kadın,53,Hayır,Hayır,38,1 Yıllık,DSL,Yok,Yok,Evet,Otomatik Ödeme,0,60.0,2389.24,0
CUST-11049,Kadın,48,Evet,Evet,44,Aylık,Fiber,Var,Yok,Evet,Otomatik Ödeme,1,85.1,3938.71,0
CUST-11050,Kadın,49,Hayır,Hayır,25,Aylık,Yok,Yok,Yok,Evet,Posta Çeki,0,50.51,1302.54,1
CUST-11051,Erkek,40,Hayır,Hayır,36,Aylık,DSL,Yok,Yok,Evet,Elektronik Çek,1,70.41,2657.15,1
CUST-11052,Kadın,38,Evet,Hayır,34,1 Yıllık,DSL,Yok,Yok,Evet,Posta Çeki,2,63.09,2233.92,0
CUST-11053,Erkek,28,Hayır,Hayır,18,Aylık,Fiber,Yok,Var,Evet,Otomatik Ödeme,1,64.65,1127.95,0
CUST-11054,Kadın,27,Evet,Hayır,31,2 Yıllık,Fiber,Yok,Var,Evet,Otomatik Ödeme,0,93.74,3093.9,0
CUST-11055,Erkek,33,Evet,Hayır,72,Aylık,DSL,Yok,Yok,Evet,Elektronik Çek,1,52.12,3834.98,0
CUST-11056,Kadın,57,Hayır,Evet,27,Aylık,DSL,Yok,Yok,Evet,Posta Çeki,0,62.84,1586.03,0
CUST-11057,Kadın,62,Evet,Evet,32,Aylık,Fiber,Yok,Yok,Evet,Elektronik Çek,0,80.65,2402.31,1
CUST-11058,Kadın,53,Hayır,Hayır,13,Aylık,Yok,Yok,Yok,Evet,Posta Çeki,1,18.0,247.18,1
CUST-11059,Erkek,18,Evet,Hayır,14,1 Yıllık,Yok,Yok,Yok,Evet,Elektronik Çek,0,24.23,354.14,0
CUST-11060,Kadın,33,Evet,Hayır,10,1 Yıllık,DSL,Var,Yok,Evet,Otomatik Ödeme,1,42.58,392.93,0
CUST-11061,Kadın,27,Evet,Hayır,16,Aylık,DSL,Yok,Yok,Hayır,Elektronik Çek,0,55.07,889.98,1
CUST-11062,Erkek,31,Evet,Hayır,65,2 Yıllık,Fiber,Var,Var,Hayır,Otomatik Ödeme,0,61.09,4273.21,0
CUST-11063,Erkek,53,Hayır,Hayır,29,1 Yıllık,Fiber,Yok,Yok,Evet,Elektronik Çek,1,82.29,2247.62,0
CUST-11064,Erkek,44,Evet,Evet,3,Aylık,Fiber,Var,Var,Hayır,Otomatik Ödeme,1,95.21,303.06,0
CUST-11065,Kadın,32,Evet,Hayır,60,Aylık,DSL,Var,Yok,Hayır,Otomatik Ödeme,1,70.11,4014.62,1
CUST-11066,Erkek,41,Hayır,Hayır,18,1 Yıllık,DSL,Yok,Yok,Hayır,Otomatik Ödeme,2,48.12,859.75,1
CUST-11067,Kadın,25,Hayır,Hayır,12,Aylık,Fiber,Yok,Var,Hayır,Otomatik Ödeme,4,81.78,970.68,1
CUST-11068,Kadın,51,Hayır,Evet,67,1 Yıllık,DSL,Var,Var,Evet,Otomatik Ödeme,3,38.32,2374.84,0
CUST-11069,Kadın,43,Hayır,Evet,30,1 Yıllık,Yok,Yok,Yok,Hayır,Elektronik Çek,1,19.26,616.47,0
CUST-11070,Erkek,59,Hayır,Hayır,72,Aylık,Fiber,Var,Var,Evet,Otomatik Ödeme,0,56.36,4031.57,0
CUST-11071,Erkek,39,Hayır,Hayır,33,2 Yıllık,Fiber,Var,Var,Evet,Otomatik Ödeme,4,113.54,3474.42,0
CUST-11072,Erkek,39,Hayır,Hayır,16,Aylık,Fiber,Var,Yok,Evet,Posta Çeki,1,90.98,1351.77,0
CUST-11073,Erkek,51,Hayır,Hayır,16,Aylık,Fiber,Yok,Var,Evet,Otomatik Ödeme,0,81.91,1226.89,0
CUST-11074,Kadın,39,Hayır,Evet,29,Aylık,Yok,Var,Var,Evet,Elektronik Çek,1,36.48,1088.65,0
CUST-11075,Kadın,29,Evet,Hayır,18,2 Yıllık,Fiber,Var,Yok,Hayır,Elektronik Çek,0,92.38,1603.04,0
CUST-11076,Erkek,43,Evet,Hayır,41,Aylık,DSL,Yok,Yok,Evet,Otomatik Ödeme,3,54.42,2234.06,0
CUST-11077,Kadın,18,Hayır,Hayır,25,1 Yıllık,Yok,Var,Var,Hayır,Otomatik Ödeme,3,27.49,701.55,0
CUST-11078,Erkek,39,Evet,Hayır,72,Aylık,Fiber,Yok,Var,Evet,Elektronik Çek,1,93.2,6761.67,0
CUST-11079,Erkek,18,Evet,Evet,19,2 Yıllık,Yok,Yok,Yok,Hayır,Elektronik Çek,1,30.79,545.54,0
CUST-11080,Erkek,39,Evet,Evet,36,2 Yıllık,DSL,Yok,Var,Evet,Otomatik Ödeme,2,55.21,1995.02,0
CUST-11081,Kadın,59,Evet,Evet,72,Aylık,Yok,Var,Var,Hayır,Otomatik Ödeme,2,32.68,2378.31,0
CUST-11082,Kadın,41,Hayır,Hayır,45,2 Yıllık,DSL,Yok,Yok,Evet,Posta Çeki,1,81.84,3584.33,0
CUST-11083,Kadın,49,Hayır,Evet,72,1 Yıllık,DSL,Yok,Yok,Hayır,Posta Çeki,0,55.29,3916.55,0
CUST-11084,Kadın,39,Hayır,Evet,69,Aylık,Yok,Var,Yok,Evet,Otomatik Ödeme,1,27.74,2012.79,0
CUST-11085,Erkek,59,Evet,Hayır,25,Aylık,Fiber,Yok,Yok,Hayır,Otomatik Ödeme,4,70.0,1860.42,1
CUST-11086,Erkek,67,Evet,Hayır,20,Aylık,Fiber,Yok,Yok,Hayır,Otomatik Ödeme,1,82.38,1778.25,1
CUST-11087,Kadın,43,Hayır,Evet,2,Aylık,DSL,Var,Yok,Evet,Otomatik Ödeme,0,45.6,86.35,0
CUST-11088,Kadın,51,Evet,Hayır,28,Aylık,Fiber,Yok,Var,Evet,Posta Çeki,1,82.13,2328.48,0
CUST-11089,Kadın,41,Hayır,Hayır,26,Aylık,Fiber,Var,Var,Evet,Otomatik Ödeme,0,86.82,2106.15,1
CUST-11090,Kadın,51,Evet,Hayır,35,Aylık,Yok,Var,Yok,Evet,Elektronik Çek,2,44.56,1465.01,0
CUST-11091,Kadın,34,Evet,Hayır,72,1 Yıllık,Yok,Yok,Yok,Evet,Otomatik Ödeme,1,25.28,1808.59,0
CUST-11092,Kadın,72,Hayır,Evet,24,2 Yıllık,Fiber,Yok,Yok,Hayır,Otomatik Ödeme,1,92.75,2175.46,0
CUST-11093,Kadın,75,Evet,Hayır,23,2 Yıllık,DSL,Yok,Var,Evet,Elektronik Çek,1,49.72,1217.81,0
CUST-11094,Kadın,57,Evet,Evet,39,Aylık,Yok,Var,Yok,Hayır,Posta Çeki,1,41.57,1719.54,1
CUST-11095,Kadın,52,Evet,Hayır,24,Aylık,Yok,Var,Yok,Evet,Posta Çeki,1,18.0,404.05,0
CUST-11096,Erkek,37,Hayır,Evet,20,Aylık,Fiber,Yok,Yok,Evet,Posta Çeki,4,85.59,1843.89,1
CUST-11097,Erkek,26,Evet,Hayır,15,Aylık,Fiber,Var,Yok,Hayır,Otomatik Ödeme,1,72.29,1080.53,1
CUST-11098,Kadın,47,Hayır,Hayır,28,2 Yıllık,Fiber,Var,Yok,Evet,Otomatik Ödeme,2,79.54,2372.46,1
CUST-11099,Kadın,22,Evet,Evet,36,Aylık,Yok,Yok,Var,Evet,Posta Çeki,0,62.48,2333.27,1
CUST-11100,Kadın,40,Hayır,Hayır,13,2 Yıllık,Yok,Yok,Yok,Hayır,Otomatik Ödeme,0,23.49,317.37,0
CUST-11101,Kadın,35,Hayır,Evet,19,1 Yıllık,Fiber,Yok,Yok,Evet,Otomatik Ödeme,3,104.72,2069.37,0
CUST-11102,Kadın,36,Evet,Hayır,29,Aylık,Yok,Yok,Var,Evet,Posta Çeki,0,27.75,770.57,0
CUST-11103,Kadın,24,Evet,Evet,13,1 Yıllık,DSL,Yok,Var,Hayır,Posta Çeki,1,54.57,740.72,0
CUST-11104,Kadın,49,Hayır,Evet,48,Aylık,DSL,Yok,Yok,Evet,Otomatik Ödeme,0,49.46,2207.36,0
CUST-11105,Kadın,32,Evet,Hayır,49,2 Yıllık,Fiber,Yok,Var,Evet,Elektronik Çek,1,85.87,4278.76,0
CUST-11106,Erkek,27,Evet,Hayır,22,Aylık,DSL,Var,Yok,Hayır,Elektronik Çek,2,42.01,872.39,1
CUST-11107,Kadın,45,Evet,Hayır,72,Aylık,Yok,Yok,Yok,Evet,Posta Çeki,0,21.38,1499.58,0
CUST-11108,Erkek,32,Evet,Hayır,52,1 Yıllık,DSL,Var,Yok,Evet,Otomatik Ödeme,1,63.13,3271.82,0
CUST-11109,Erkek,41,Evet,Evet,40,Aylık,Yok,Yok,Yok,Evet,Otomatik Ödeme,3,43.72,1789.52,1
CUST-11110,Kadın,51,Evet,Hayır,36,Aylık,DSL,Var,Var,Hayır,Elektronik Çek,1,59.93,2103.88,0
CUST-11111,Kadın,57,Hayır,Evet,58,Aylık,Fiber,Yok,Var,Hayır,Posta Çeki,4,80.77,4903.61,0
CUST-11112,Kadın,60,Evet,Hayır,69,Aylık,Fiber,Yok,Yok,Hayır,Otomatik Ödeme,2,89.92,6239.51,0
CUST-11113,Erkek,69,Evet,Evet,37,Aylık,Fiber,Yok,Var,Hayır,Elektronik Çek,1,108.44,3852.32,0
CUST-11114,Erkek,55,Hayır,Hayır,72,1 Yıllık,Fiber,Yok,Yok,Hayır,Posta Çeki,1,70.4,4919.03,0
CUST-11115,Erkek,41,Hayır,Evet,29,2 Yıllık,DSL,Var,Yok,Evet,Posta Çeki,2,75.79,2169.68,0
CUST-11116,Kadın,44,Hayır,Hayır,19,Aylık,DSL,Yok,Yok,Evet,Elektronik Çek,1,48.17,865.36,0
CUST-11117,Kadın,56,Hayır,Hayır,15,1 Yıllık,Yok,Yok,Yok,Evet,Otomatik Ödeme,1,54.68,865.45,0
CUST-11118,Kadın,44,Hayır,Hayır,20,2 Yıllık,Fiber,Var,Yok,Evet,Otomatik Ödeme,0,69.49,1302.17,0
CUST-11119,Erkek,63,Evet,Hayır,24,Aylık,Fiber,Yok,Yok,Evet,Posta Çeki,1,75.3,1777.42,1
CUST-11120,Kadın,27,Evet,Evet,22,1 Yıllık,Fiber,Yok,Yok,Evet,Elektronik Çek,1,75.81,1797.09,0
CUST-11121,Kadın,25,Evet,Evet,18,Aylık,Fiber,Var,Yok,Evet,Otomatik Ödeme,0,78.56,1341.76,1
CUST-11122,Kadın,41,Hayır,Hayır,41,2 Yıllık,DSL,Var,Yok,Evet,Elektronik Çek,0,65.06,2622.91,0
CUST-11123,Erkek,33,Hayır,Hayır,10,1 Yıllık,Fiber,Var,Yok,Evet,Posta Çeki,1,94.01,911.57,0
CUST-11124,Erkek,44,Hayır,Hayır,9,2 Yıllık,DSL,Yok,Var,Evet,Otomatik Ödeme,2,59.53,574.0,0
CUST-11125,Erkek,70,Hayır,Hayır,28,1 Yıllık,Yok,Yok,Var,Evet,Otomatik Ödeme,2,22.8,667.82,0
CUST-11126,Erkek,54,Hayır,Evet,22,2 Yıllık,DSL,Yok,Yok,Evet,Elektronik Çek,4,70.94,1456.68,0
CUST-11127,Kadın,44,Hayır,Hayır,14,Aylık,Fiber,Var,Yok,Hayır,Elektronik Çek,2,94.84,1362.97,1
CUST-11128,Erkek,51,Hayır,Evet,72,1 Yıllık,DSL,Var,Yok,Evet,Elektronik Çek,1,57.03,4328.7,0
CUST-11129,Kadın,29,Evet,Hayır,23,Aylık,Yok,Yok,Yok,Evet,Otomatik Ödeme,0,26.39,587.07,1
CUST-11130,Kadın,62,Hayır,Hayır,35,Aylık,DSL,Var,Yok,Evet,Otomatik Ödeme,0,57.14,1989.77,1
CUST-11131,Kadın,48,Hayır,Hayır,10,Aylık,Fiber,Yok,Yok,Hayır,Elektronik Çek,1,87.53,899.1,1
CUST-11132,Kadın,45,Evet,Hayır,72,1 Yıllık,DSL,Var,Yok,Hayır,Elektronik Çek,2,59.99,4434.22,0
CUST-11133,Kadın,48,Hayır,Hayır,22,1 Yıllık,Fiber,Yok,Yok,Evet,Elektronik Çek,2,106.35,2379.92,0
CUST-11134,Kadın,50,Evet,Hayır,50,2 Yıllık,DSL,Var,Yok,Evet,Otomatik Ödeme,1,65.69,3174.18,0
CUST-11135,Kadın,43,Hayır,Hayır,32,Aylık,Fiber,Var,Yok,Hayır,Elektronik Çek,1,80.9,2448.64,0
CUST-11136,Kadın,28,Evet,Evet,41,Aylık,DSL,Var,Yok,Evet,Otomatik Ödeme,2,48.64,1980.38,0
CUST-11137,Kadın,50,Evet,Evet,18,Aylık,Fiber,Yok,Yok,Evet,Otomatik Ödeme,0,85.68,1661.7,1
CUST-11138,Kadın,27,Hayır,Hayır,2,1 Yıllık,Fiber,Yok,Yok,Hayır,Elektronik Çek,1,85.02,183.47,0
CUST-11139,Kadın,26,Hayır,Evet,8,Aylık,Yok,Yok,Var,Evet,Posta Çeki,0,36.27,271.45,0
CUST-11140,Kadın,52,Evet,Hayır,71,Aylık,Fiber,Var,Yok,Hayır,Elektronik Çek,2,94.66,6243.38,0
CUST-11141,Kadın,52,Evet,Evet,40,1 Yıllık,DSL,Yok,Yok,Hayır,Otomatik Ödeme,0,65.47,2695.05,1
CUST-11142,Erkek,54,Hayır,Hayır,42,1 Yıllık,Fiber,Yok,Yok,Evet,Elektronik Çek,3,84.23,3482.98,0
CUST-11143,Erkek,47,Evet,Hayır,18,Aylık,DSL,Yok,Yok,Hayır,Otomatik Ödeme,0,69.91,1281.82,1
CUST-11144,Erkek,45,Evet,Hayır,22,Aylık,Fiber,Yok,Yok,Evet,Elektronik Çek,0,68.03,1585.28,1
CUST-11145,Erkek,18,Evet,Evet,21,Aylık,DSL,Yok,Var,Hayır,Otomatik Ödeme,0,56.03,1096.14,0
CUST-11146,Erkek,67,Hayır,Hayır,11,2 Yıllık,Yok,Yok,Yok,Hayır,Otomatik Ödeme,3,56.97,594.01,0
CUST-11147,Kadın,32,Hayır,Hayır,44,1 Yıllık,Fiber,Yok,Yok,Hayır,Elektronik Çek,0,92.02,4209.19,0
CUST-11148,Erkek,49,Evet,Hayır,16,Aylık,Fiber,Yok,Yok,Hayır,Posta Çeki,4,75.95,1154.22,1
CUST-11149,Kadın,42,Hayır,Hayır,6,Aylık,Yok,Var,Yok,Evet,Elektronik Çek,1,47.31,293.23,0
CUST-11150,Kadın,37,Hayır,Evet,29,Aylık,Fiber,Var,Var,Evet,Posta Çeki,2,86.0,2661.84,0
CUST-11151,Kadın,20,Evet,Hayır,26,1 Yıllık,DSL,Yok,Yok,Evet,Otomatik Ödeme,2,53.18,1313.54,0
CUST-11152,Kadın,53,Evet,Evet,17,1 Yıllık,DSL,Yok,Yok,Hayır,Elektronik Çek,1,35.15,642.91,1
CUST-11153,Erkek,42,Evet,Hayır,33,2 Yıllık,DSL,Var,Yok,Hayır,Otomatik Ödeme,2,77.59,2640.98,0
CUST-11154,Kadın,53,Hayır,Hayır,40,Aylık,Yok,Yok,Yok,Hayır,Otomatik Ödeme,4,49.15,2116.91,1
CUST-11155,Kadın,38,Evet,Hayır,55,Aylık,Yok,Yok,Yok,Evet,Otomatik Ödeme,2,33.01,1792.36,0
CUST-11156,Kadın,18,Evet,Hayır,18,1 Yıllık,Fiber,Yok,Var,Evet,Otomatik Ödeme,1,92.45,1704.93,1
CUST-11157,Kadın,45,Evet,Hayır,16,2 Yıllık,Fiber,Yok,Yok,Evet,Elektronik Çek,2,87.0,1487.35,1
CUST-11158,Erkek,54,Evet,Evet,43,1 Yıllık,DSL,Var,Yok,Hayır,Otomatik Ödeme,2,55.74,2444.1,0
CUST-11159,Kadın,48,Evet,Hayır,29,Aylık,Fiber,Yok,Var,Evet,Posta Çeki,3,86.11,2341.14,0
CUST-11160,Kadın,48,Hayır,Hayır,21,1 Yıllık,DSL,Yok,Var,Hayır,Elektronik Çek,1,42.08,951.32,0
CUST-11161,Kadın,63,Hayır,Evet,47,Aylık,Fiber,Var,Yok,Evet,Otomatik Ödeme,0,99.35,4950.04,0
CUST-11162,Kadın,18,Hayır,Hayır,63,2 Yıllık,DSL,Yok,Var,Hayır,Elektronik Çek,3,48.97,2847.88,0
CUST-11163,Kadın,44,Evet,Hayır,43,Aylık,Fiber,Yok,Yok,Hayır,Otomatik Ödeme,0,90.43,4198.98,0
CUST-11164,Kadın,58,Hayır,Hayır,13,Aylık,Fiber,Yok,Var,Hayır,Elektronik Çek,1,91.55,1246.0,1
CUST-11165,Erkek,35,Evet,Hayır,1,2 Yıllık,DSL,Var,Yok,Hayır,Elektronik Çek,2,42.07,40.08,0
CUST-11166,Erkek,27,Evet,Hayır,49,Aylık,Fiber,Yok,Yok,Hayır,Elektronik Çek,0,87.54,3970.56,0
CUST-11167,Kadın,38,Evet,Hayır,23,2 Yıllık,Fiber,Yok,Var,Evet,Otomatik Ödeme,1,73.86,1820.57,0
CUST-11168,Kadın,41,Evet,Evet,26,1 Yıllık,Yok,Yok,Yok,Hayır,Otomatik Ödeme,1,36.88,956.41,0
CUST-11169,Erkek,46,Hayır,Hayır,72,Aylık,Fiber,Yok,Var,Evet,Elektronik Çek,2,76.2,5293.1,0
CUST-11170,Erkek,50,Evet,Evet,48,Aylık,DSL,Yok,Yok,Hayır,Otomatik Ödeme,1,52.31,2608.64,0
CUST-11171,Erkek,49,Hayır,Evet,32,1 Yıllık,DSL,Yok,Yok,Hayır,Elektronik Çek,3,51.11,1662.34,0
CUST-11172,Kadın,45,Evet,Hayır,28,Aylık,Fiber,Yok,Yok,Hayır,Otomatik Ödeme,5,97.65,2843.35,1
CUST-11173,Erkek,59,Evet,Hayır,7,2 Yıllık,DSL,Yok,Yok,Hayır,Elektronik Çek,0,80.19,555.84,0
CUST-11174,Erkek,50,Evet,Evet,41,2 Yıllık,Fiber,Yok,Yok,Hayır,Elektronik Çek,0,73.34,2849.3,0
CUST-11175,Kadın,45,Evet,Hayır,25,Aylık,DSL,Yok,Yok,Hayır,Otomatik Ödeme,0,70.98,1898.44,0
CUST-11176,Kadın,39,Evet,Evet,36,Aylık,Fiber,Var,Yok,Evet,Otomatik Ödeme,0,82.9,2915.48,0
CUST-11177,Erkek,29,Hayır,Evet,64,2 Yıllık,Yok,Yok,Var,Evet,Otomatik Ödeme,0,29.03,1722.86,0
CUST-11178,Erkek,60,Evet,Hayır,15,Aylık,Yok,Var,Yok,Hayır,Otomatik Ödeme,1,18.0,270.06,0
CUST-11179,Erkek,32,Hayır,Evet,39,Aylık,DSL,Var,Yok,Hayır,Elektronik Çek,1,59.33,2245.03,0
CUST-11180,Erkek,39,Evet,Hayır,3,Aylık,DSL,Yok,Yok,Evet,Elektronik Çek,1,65.78,183.88,1
CUST-11181,Kadın,35,Hayır,Hayır,5,Aylık,Fiber,Yok,Yok,Hayır,Otomatik Ödeme,2,88.47,432.99,1
CUST-11182,Kadın,47,Evet,Hayır,36,Aylık,DSL,Yok,Yok,Hayır,Elektronik Çek,3,62.04,2259.03,0
CUST-11183,Kadın,73,Hayır,Hayır,47,1 Yıllık,DSL,Yok,Yok,Evet,Elektronik Çek,2,66.08,3169.68,0
CUST-11184,Erkek,43,Evet,Hayır,16,2 Yıllık,DSL,Yok,Yok,Evet,Elektronik Çek,2,65.16,1120.36,0
CUST-11185,Kadın,49,Evet,Hayır,56,1 Yıllık,Fiber,Yok,Yok,Hayır,Otomatik Ödeme,1,91.54,5225.74,0
CUST-11186,Erkek,50,Hayır,Hayır,27,Aylık,Yok,Yok,Yok,Hayır,Elektronik Çek,1,40.3,1173.02,1
CUST-11187,Kadın,38,Hayır,Evet,54,Aylık,Fiber,Yok,Yok,Evet,Otomatik Ödeme,1,85.81,4373.51,0
CUST-11188,Erkek,45,Hayır,Hayır,15,Aylık,Yok,Yok,Yok,Hayır,Elektronik Çek,0,18.0,267.5,0
CUST-11189,Erkek,40,Hayır,Hayır,14,2 Yıllık,Fiber,Var,Yok,Evet,Posta Çeki,2,64.0,882.18,0
CUST-11190,Kadın,18,Evet,Hayır,58,Aylık,DSL,Var,Yok,Evet,Otomatik Ödeme,2,58.94,3562.23,0
CUST-11191,Kadın,67,Hayır,Hayır,63,Aylık,Yok,Var,Var,Evet,Elektronik Çek,5,54.08,3674.75,1
CUST-11192,Erkek,47,Hayır,Evet,13,2 Yıllık,Fiber,Yok,Var,Evet,Elektronik Çek,1,90.05,1243.24,1
CUST-11193,Kadın,55,Hayır,Hayır,65,Aylık,Fiber,Yok,Var,Evet,Elektronik Çek,2,90.3,5697.04,1
CUST-11194,Kadın,22,Evet,Hayır,36,Aylık,DSL,Yok,Var,Evet,Elektronik Çek,1,56.52,2171.18,1
CUST-11195,Kadın,73,Evet,Hayır,12,Aylık,DSL,Yok,Yok,Hayır,Otomatik Ödeme,1,58.3,722.59,1
CUST-11196,Erkek,56,Evet,Hayır,15,Aylık,Fiber,Yok,Yok,Hayır,Posta Çeki,2,86.35,1271.88,1
CUST-11197,Kadın,29,Evet,Hayır,26,2 Yıllık,DSL,Yok,Yok,Evet,Elektronik Çek,0,47.49,1266.08,0
CUST-11198,Erkek,18,Evet,Evet,24,Aylık,Yok,Var,Yok,Evet,Otomatik Ödeme,0,43.59,999.78,0
CUST-11199,Erkek,37,Hayır,Hayır,48,Aylık,Fiber,Var,Yok,Evet,Elektronik Çek,0,63.23,3242.5,0
CUST-11200,Kadın,45,Hayır,Evet,22,Aylık,DSL,Yok,Yok,Evet,Elektronik Çek,5,57.8,1222.95,1
CUST-11201,Erkek,45,Evet,Hayır,6,1 Yıllık,DSL,Yok,Yok,Evet,Elektronik Çek,2,48.95,276.62,1
CUST-11202,Kadın,50,Hayır,Evet,50,Aylık,DSL,Yok,Yok,Evet,Otomatik Ödeme,1,56.95,2738.67,0
CUST-11203,Kadın,32,Hayır,Hayır,72,2 Yıllık,Fiber,Yok,Yok,Evet,Elektronik Çek,0,94.86,6789.47,0
CUST-11204,Erkek,43,Hayır,Hayır,5,2 Yıllık,Fiber,Var,Var,Evet,Otomatik Ödeme,1,101.49,467.29,0
CUST-11205,Erkek,47,Evet,Hayır,51,2 Yıllık,Fiber,Var,Var,Hayır,Elektronik Çek,0,57.89,2857.64,0
CUST-11206,Kadın,64,Hayır,Evet,7,Aylık,Yok,Yok,Yok,Evet,Elektronik Çek,2,42.64,279.95,1
CUST-11207,Kadın,37,Hayır,Hayır,42,Aylık,DSL,Var,Yok,Hayır,Elektronik Çek,1,64.42,2582.0,0
CUST-11208,Kadın,38,Hayır,Hayır,21,Aylık,DSL,Var,Yok,Hayır,Otomatik Ödeme,0,67.06,1451.52,1
CUST-11209,Erkek,30,Hayır,Hayır,10,2 Yıllık,Fiber,Yok,Yok,Evet,Otomatik Ödeme,2,78.72,738.24,0
CUST-11210,Erkek,38,Evet,Hayır,29,1 Yıllık,Yok,Var,Yok,Evet,Elektronik Çek,1,34.29,942.87,1
CUST-11211,Kadın,50,Hayır,Hayır,16,Aylık,Fiber,Yok,Yok,Evet,Otomatik Ödeme,3,93.01,1465.02,1
CUST-11212,Erkek,63,Hayır,Hayır,72,1 Yıllık,Fiber,Yok,Yok,Evet,Elektronik Çek,1,71.37,4770.89,0
CUST-11213,Erkek,27,Evet,Hayır,24,2 Yıllık,Fiber,Yok,Var,Evet,Otomatik Ödeme,0,102.71,2344.83,0
CUST-11214,Erkek,27,Hayır,Evet,34,2 Yıllık,DSL,Yok,Yok,Evet,Otomatik Ödeme,2,36.81,1320.48,0
CUST-11215,Erkek,49,Evet,Hayır,28,1 Yıllık,Fiber,Yok,Var,Hayır,Otomatik Ödeme,0,81.21,2434.23,1
CUST-11216,Kadın,38,Hayır,Hayır,47,2 Yıllık,Fiber,Var,Var,Hayır,Otomatik Ödeme,0,65.29,3205.62,0
CUST-11217,Erkek,54,Evet,Hayır,16,2 Yıllık,Fiber,Yok,Yok,Evet,Otomatik Ödeme,1,96.23,1605.96,0
CUST-11218,Erkek,40,Hayır,Evet,72,Aylık,Fiber,Yok,Yok,Evet,Elektronik Çek,0,99.24,7287.87,0
CUST-11219,Erkek,44,Hayır,Hayır,32,Aylık,Yok,Var,Yok,Evet,Otomatik Ödeme,3,31.83,996.52,1
CUST-11220,Erkek,46,Evet,Hayır,33,1 Yıllık,Yok,Yok,Var,Evet,Otomatik Ödeme,0,28.69,927.59,0
CUST-11221,Erkek,43,Evet,Evet,29,Aylık,Fiber,Var,Yok,Hayır,Otomatik Ödeme,4,106.12,3288.5,1
CUST-11222,Kadın,57,Hayır,Evet,32,Aylık,DSL,Yok,Yok,Hayır,Otomatik Ödeme,1,61.34,1853.44,1
CUST-11223,Kadın,43,Evet,Evet,23,2 Yıllık,Fiber,Var,Yok,Evet,Otomatik Ödeme,0,119.99,2692.47,0
CUST-11224,Kadın,63,Evet,Hayır,20,Aylık,Yok,Yok,Yok,Evet,Elektronik Çek,0,20.42,414.2,0
CUST-11225,Erkek,51,Hayır,Hayır,22,Aylık,DSL,Yok,Yok,Hayır,Elektronik Çek,1,51.78,1138.06,1
CUST-11226,Erkek,38,Evet,Hayır,34,2 Yıllık,Fiber,Yok,Yok,Evet,Otomatik Ödeme,1,89.71,2932.47,0
CUST-11227,Erkek,30,Hayır,Hayır,52,Aylık,Fiber,Yok,Yok,Evet,Posta Çeki,2,71.37,3769.23,0
CUST-11228,Kadın,61,Hayır,Hayır,35,2 Yıllık,Fiber,Yok,Yok,Hayır,Otomatik Ödeme,0,61.46,2006.71,0
CUST-11229,Erkek,38,Hayır,Hayır,25,2 Yıllık,DSL,Yok,Yok,Hayır,Posta Çeki,4,67.76,1716.52,0
CUST-11230,Kadın,43,Evet,Hayır,38,Aylık,DSL,Var,Yok,Evet,Otomatik Ödeme,2,42.99,1642.18,0
CUST-11231,Kadın,36,Hayır,Evet,50,Aylık,Fiber,Yok,Var,Evet,Elektronik Çek,0,69.98,3591.63,1
CUST-11232,Erkek,67,Evet,Hayır,40,Aylık,Yok,Yok,Yok,Evet,Elektronik Çek,0,43.43,1616.93,0
CUST-11233,Erkek,50,Hayır,Hayır,72,2 Yıllık,DSL,Yok,Yok,Evet,Elektronik Çek,1,75.95,5749.17,0
CUST-11234,Kadın,23,Evet,Evet,29,Aylık,Yok,Yok,Var,Evet,Otomatik Ödeme,0,34.73,1020.67,0
CUST-11235,Erkek,37,Evet,Hayır,29,Aylık,Fiber,Yok,Yok,Hayır,Elektronik Çek,0,75.54,2328.5,0
CUST-11236,Kadın,27,Evet,Hayır,18,2 Yıllık,Yok,Var,Var,Evet,Otomatik Ödeme,2,25.12,431.16,0
CUST-11237,Kadın,41,Evet,Hayır,15,1 Yıllık,DSL,Yok,Yok,Hayır,Elektronik Çek,2,48.87,688.95,1
CUST-11238,Erkek,41,Hayır,Evet,33,1 Yıllık,Fiber,Var,Yok,Hayır,Otomatik Ödeme,2,71.37,2398.95,0
CUST-11239,Erkek,50,Evet,Hayır,22,1 Yıllık,Fiber,Yok,Var,Evet,Elektronik Çek,2,89.09,1927.34,1
CUST-11240,Erkek,34,Hayır,Hayır,44,Aylık,Fiber,Yok,Yok,Evet,Posta Çeki,1,78.61,3681.28,1
CUST-11241,Erkek,32,Hayır,Hayır,24,Aylık,Yok,Var,Yok,Evet,Posta Çeki,1,47.19,1135.78,0
CUST-11242,Erkek,36,Hayır,Hayır,30,Aylık,DSL,Var,Yok,Evet,Otomatik Ödeme,2,82.16,2539.81,0
CUST-11243,Erkek,44,Evet,Evet,72,Aylık,Fiber,Var,Var,Evet,Posta Çeki,2,97.97,7348.86,0
CUST-11244,Kadın,18,Hayır,Hayır,48,Aylık,Fiber,Yok,Yok,Evet,Otomatik Ödeme,0,74.13,3607.39,1
CUST-11245,Erkek,59,Evet,Evet,54,1 Yıllık,DSL,Yok,Yok,Evet,Otomatik Ödeme,2,48.4,2724.03,0
CUST-11246,Kadın,47,Hayır,Evet,16,1 Yıllık,Fiber,Yok,Yok,Evet,Elektronik Çek,1,62.65,925.51,0
CUST-11247,Erkek,19,Evet,Hayır,14,1 Yıllık,Fiber,Var,Yok,Evet,Elektronik Çek,2,91.69,1224.99,0
CUST-11248,Erkek,30,Hayır,Hayır,21,Aylık,DSL,Var,Var,Hayır,Otomatik Ödeme,1,64.69,1461.6,1
CUST-11249,Erkek,60,Evet,Hayır,58,Aylık,DSL,Yok,Yok,Hayır,Posta Çeki,1,57.22,3222.6,0
CUST-11250,Erkek,70,Evet,Hayır,13,2 Yıllık,Yok,Yok,Var,Evet,Posta Çeki,1,40.61,487.32,0
CUST-11251,Erkek,39,Hayır,Evet,30,Aylık,Fiber,Yok,Yok,Hayır,Posta Çeki,1,102.28,3163.63,1
CUST-11252,Erkek,44,Evet,Evet,72,Aylık,DSL,Yok,Yok,Hayır,Elektronik Çek,0,62.91,4661.6,0
CUST-11253,Erkek,50,Hayır,Hayır,22,Aylık,DSL,Yok,Var,Hayır,Posta Çeki,1,48.4,1076.77,0
CUST-11254,Kadın,33,Evet,Hayır,29,2 Yıllık,DSL,Var,Var,Hayır,Elektronik Çek,3,58.48,1568.78,0
CUST-11255,Kadın,46,Evet,Hayır,42,Aylık,DSL,Yok,Yok,Hayır,Otomatik Ödeme,1,57.5,2303.56,0
CUST-11256,Kadın,40,Hayır,Evet,7,Aylık,Yok,Yok,Yok,Evet,Otomatik Ödeme,3,57.1,406.44,0
CUST-11257,Kadın,32,Hayır,Evet,61,Aylık,DSL,Yok,Yok,Evet,Otomatik Ödeme,0,52.55,3279.1,0
CUST-11258,Kadın,60,Evet,Hayır,23,1 Yıllık,Fiber,Var,Var,Evet,Elektronik Çek,0,104.73,2380.89,0
CUST-11259,Erkek,40,Hayır,Hayır,23,2 Yıllık,Fiber,Var,Var,Evet,Otomatik Ödeme,1,84.8,1824.51,0
CUST-11260,Kadın,68,Hayır,Evet,6,1 Yıllık,DSL,Var,Var,Hayır,Otomatik Ödeme,1,85.44,492.44,0
CUST-11261,Kadın,29,Hayır,Evet,16,Aylık,Yok,Yok,Yok,Evet,Elektronik Çek,1,26.41,423.61,1
CUST-11262,Erkek,21,Evet,Hayır,2,Aylık,Yok,Var,Yok,Hayır,Elektronik Çek,0,47.19,97.08,0
CUST-11263,Kadın,26,Hayır,Hayır,59,1 Yıllık,DSL,Yok,Yok,Hayır,Elektronik Çek,2,57.12,3408.86,0
CUST-11264,Kadın,69,Hayır,Hayır,65,2 Yıllık,DSL,Var,Yok,Hayır,Otomatik Ödeme,1,75.57,5013.89,0
CUST-11265,Erkek,30,Hayır,Hayır,15,Aylık,Fiber,Yok,Yok,Hayır,Elektronik Çek,0,94.49,1442.29,1
CUST-11266,Kadın,69,Evet,Hayır,54,1 Yıllık,DSL,Yok,Yok,Evet,Elektronik Çek,3,50.34,2590.53,0
CUST-11267,Erkek,21,Evet,Hayır,39,Aylık,Fiber,Yok,Var,Evet,Posta Çeki,1,100.95,3638.83,1
CUST-11268,Kadın,67,Evet,Hayır,14,Aylık,Yok,Yok,Yok,Evet,Otomatik Ödeme,0,33.79,465.99,1
CUST-11269,Erkek,40,Hayır,Hayır,12,Aylık,Yok,Yok,Yok,Hayır,Otomatik Ödeme,1,31.46,398.16,0
CUST-11270,Kadın,35,Evet,Hayır,6,1 Yıllık,DSL,Yok,Var,Hayır,Otomatik Ödeme,2,52.32,301.7,0
CUST-11271,Erkek,72,Hayır,Hayır,8,2 Yıllık,Fiber,Var,Yok,Hayır,Posta Çeki,1,89.29,726.61,0
CUST-11272,Erkek,45,Hayır,Evet,40,1 Yıllık,Fiber,Yok,Yok,Hayır,Elektronik Çek,0,76.89,3143.4,0
CUST-11273,Kadın,27,Hayır,Hayır,72,Aylık,Yok,Yok,Yok,Evet,Elektronik Çek,1,30.25,2208.6,0
CUST-11274,Erkek,24,Evet,Evet,39,1 Yıllık,Fiber,Var,Yok,Hayır,Otomatik Ödeme,1,92.05,3718.79,0
CUST-11275,Kadın,34,Evet,Hayır,5,Aylık,DSL,Yok,Yok,Hayır,Otomatik Ödeme,1,55.88,272.52,0
CUST-11276,Kadın,42,Evet,Evet,21,Aylık,Yok,Yok,Yok,Evet,Elektronik Çek,2,18.0,389.8,1
CUST-11277,Kadın,24,Hayır,Hayır,26,Aylık,DSL,Var,Yok,Evet,Otomatik Ödeme,3,59.93,1539.72,0
CUST-11278,Kadın,37,Evet,Hayır,8,Aylık,Fiber,Var,Var,Evet,Posta Çeki,0,69.51,552.44,1
CUST-11279,Kadın,41,Evet,Hayır,13,Aylık,DSL,Yok,Var,Evet,Posta Çeki,1,71.74,882.63,0
CUST-11280,Kadın,24,Hayır,Hayır,35,Aylık,Yok,Var,Var,Hayır,Posta Çeki,4,42.05,1502.66,0
CUST-11281,Kadın,80,Evet,Hayır,21,Aylık,DSL,Yok,Yok,Hayır,Elektronik Çek,2,42.54,887.03,0
CUST-11282,Kadın,41,Evet,Hayır,15,Aylık,Yok,Yok,Yok,Evet,Otomatik Ödeme,1,25.55,369.97,0
CUST-11283,Erkek,18,Evet,Evet,6,Aylık,Yok,Var,Yok,Hayır,Elektronik Çek,1,26.1,156.82,1
CUST-11284,Erkek,56,Evet,Hayır,48,2 Yıllık,DSL,Var,Var,Evet,Elektronik Çek,3,72.29,3227.17,0
CUST-11285,Erkek,49,Evet,Hayır,36,2 Yıllık,DSL,Yok,Yok,Evet,Otomatik Ödeme,2,45.05,1656.99,0
CUST-11286,Erkek,54,Evet,Evet,72,Aylık,DSL,Yok,Var,Hayır,Posta Çeki,3,46.42,3431.49,0
CUST-11287,Kadın,54,Evet,Hayır,9,1 Yıllık,Yok,Yok,Yok,Hayır,Otomatik Ödeme,3,25.6,230.04,0
CUST-11288,Kadın,33,Evet,Hayır,41,2 Yıllık,Fiber,Yok,Yok,Evet,Posta Çeki,2,82.06,3500.6,0
CUST-11289,Kadın,40,Hayır,Hayır,43,Aylık,Fiber,Var,Yok,Evet,Elektronik Çek,2,110.58,4605.42,0
CUST-11290,Erkek,45,Evet,Hayır,30,Aylık,DSL,Yok,Yok,Evet,Otomatik Ödeme,2,60.63,1893.88,1
CUST-11291,Erkek,48,Evet,Evet,15,Aylık,DSL,Var,Yok,Evet,Elektronik Çek,0,58.95,837.84,1
CUST-11292,Kadın,34,Evet,Hayır,20,1 Yıllık,DSL,Var,Yok,Evet,Otomatik Ödeme,2,49.03,966.46,1
CUST-11293,Erkek,45,Hayır,Hayır,28,2 Yıllık,Fiber,Yok,Var,Evet,Posta Çeki,0,80.64,2170.88,0
CUST-11294,Erkek,18,Hayır,Evet,4,Aylık,Fiber,Yok,Yok,Evet,Otomatik Ödeme,2,89.2,347.84,0
CUST-11295,Erkek,44,Hayır,Hayır,43,2 Yıllık,Yok,Var,Var,Evet,Elektronik Çek,2,45.21,2071.04,0
CUST-11296,Erkek,56,Hayır,Evet,29,1 Yıllık,Fiber,Yok,Var,Hayır,Otomatik Ödeme,0,72.75,2243.51,0
CUST-11297,Erkek,51,Evet,Hayır,21,1 Yıllık,Fiber,Yok,Var,Evet,Elektronik Çek,0,69.83,1507.35,0
CUST-11298,Kadın,64,Evet,Hayır,30,1 Yıllık,Yok,Yok,Yok,Hayır,Otomatik Ödeme,3,55.55,1585.55,1
CUST-11299,Kadın,32,Hayır,Evet,30,2 Yıllık,DSL,Var,Yok,Hayır,Elektronik Çek,5,70.49,2126.96,0
CUST-11300,Kadın,47,Hayır,Evet,37,Aylık,Fiber,Yok,Var,Hayır,Otomatik Ödeme,1,93.72,3226.59,0
CUST-11301,Erkek,61,Hayır,Hayır,31,1 Yıllık,Fiber,Yok,Yok,Evet,Otomatik Ödeme,0,86.39,2490.55,0
CUST-11302,Erkek,38,Hayır,Hayır,14,Aylık,Yok,Var,Yok,Hayır,Elektronik Çek,1,36.34,525.81,1
CUST-11303,Kadın,41,Hayır,Evet,17,Aylık,Yok,Yok,Yok,Evet,Otomatik Ödeme,4,41.23,673.05,1
CUST-11304,Erkek,43,Evet,Hayır,29,1 Yıllık,Fiber,Var,Yok,Evet,Otomatik Ödeme,2,82.46,2237.9,0
CUST-11305,Kadın,65,Evet,Hayır,26,Aylık,DSL,Yok,Yok,Evet,Elektronik Çek,2,55.15,1472.19,1
CUST-11306,Kadın,42,Evet,Hayır,66,Aylık,Fiber,Var,Yok,Hayır,Otomatik Ödeme,0,92.76,5796.28,0
CUST-11307,Erkek,31,Evet,Hayır,17,1 Yıllık,Fiber,Yok,Yok,Hayır,Posta Çeki,2,69.02,1238.94,0
CUST-11308,Erkek,69,Hayır,Evet,20,1 Yıllık,DSL,Var,Yok,Hayır,Elektronik Çek,3,74.45,1386.53,0
CUST-11309,Kadın,24,Hayır,Evet,22,1 Yıllık,Fiber,Yok,Yok,Evet,Posta Çeki,1,83.44,1747.18,0
CUST-11310,Erkek,18,Evet,Hayır,8,Aylık,DSL,Yok,Yok,Hayır,Elektronik Çek,1,63.14,521.47,0
CUST-11311,Kadın,33,Evet,Hayır,30,1 Yıllık,Yok,Var,Yok,Hayır,Otomatik Ödeme,3,36.82,1111.98,0
CUST-11312,Kadın,46,Evet,Evet,13,Aylık,Yok,Var,Yok,Evet,Otomatik Ödeme,0,43.95,528.41,0
CUST-11313,Kadın,30,Hayır,Hayır,19,1 Yıllık,DSL,Yok,Yok,Hayır,Posta Çeki,2,53.55,1052.44,0
CUST-11314,Kadın,38,Evet,Hayır,14,Aylık,Fiber,Yok,Yok,Hayır,Otomatik Ödeme,0,66.07,887.4,1
CUST-11315,Erkek,52,Hayır,Evet,24,1 Yıllık,Fiber,Var,Yok,Hayır,Otomatik Ödeme,1,83.7,1940.25,0
CUST-11316,Erkek,50,Evet,Hayır,30,Aylık,Fiber,Yok,Yok,Evet,Posta Çeki,3,72.19,2008.92,0
CUST-11317,Erkek,28,Evet,Evet,2,Aylık,DSL,Var,Yok,Evet,Elektronik Çek,0,49.21,95.33,0
CUST-11318,Erkek,80,Hayır,Hayır,25,1 Yıllık,DSL,Var,Yok,Evet,Otomatik Ödeme,1,51.13,1180.5,0
CUST-11319,Kadın,50,Hayır,Evet,33,Aylık,Fiber,Var,Var,Hayır,Posta Çeki,2,61.17,1992.14,0
CUST-11320,Erkek,41,Hayır,Hayır,11,1 Yıllık,Fiber,Yok,Yok,Hayır,Posta Çeki,0,70.1,746.68,0
CUST-11321,Erkek,56,Evet,Evet,19,Aylık,DSL,Yok,Yok,Evet,Otomatik Ödeme,4,64.09,1231.3,1
CUST-11322,Kadın,18,Evet,Hayır,72,Aylık,Fiber,Var,Var,Evet,Elektronik Çek,1,76.53,5470.13,0
CUST-11323,Erkek,23,Hayır,Hayır,19,Aylık,DSL,Var,Yok,Evet,Otomatik Ödeme,1,52.16,952.58,0
CUST-11324,Erkek,34,Hayır,Hayır,37,1 Yıllık,DSL,Yok,Yok,Evet,Elektronik Çek,1,53.86,2093.83,0
CUST-11325,Kadın,57,Hayır,Evet,50,2 Yıllık,Fiber,Yok,Var,Evet,Otomatik Ödeme,1,89.02,4241.69,0
CUST-11326,Kadın,33,Evet,Evet,5,2 Yıllık,Yok,Yok,Yok,Evet,Elektronik Çek,2,43.11,207.51,0
CUST-11327,Kadın,25,Evet,Hayır,30,Aylık,DSL,Yok,Yok,Hayır,Posta Çeki,3,61.15,1920.17,1
CUST-11328,Erkek,39,Hayır,Evet,20,1 Yıllık,Fiber,Yok,Var,Evet,Posta Çeki,1,91.71,1751.07,1
CUST-11329,Kadın,31,Evet,Evet,30,Aylık,Yok,Var,Yok,Evet,Otomatik Ödeme,2,40.5,1232.61,0
CUST-11330,Kadın,18,Hayır,Hayır,26,1 Yıllık,DSL,Yok,Yok,Hayır,Elektronik Çek,1,44.85,1217.49,0
CUST-11331,Erkek,39,Hayır,Evet,38,Aylık,Fiber,Var,Yok,Evet,Otomatik Ödeme,1,98.26,3763.59,1
CUST-11332,Kadın,54,Hayır,Hayır,10,Aylık,DSL,Yok,Var,Hayır,Posta Çeki,2,66.76,654.44,0
CUST-11333,Kadın,51,Evet,Hayır,8,Aylık,Fiber,Yok,Yok,Hayır,Otomatik Ödeme,1,67.87,507.84,1
CUST-11334,Kadın,26,Hayır,Evet,35,Aylık,DSL,Yok,Yok,Evet,Otomatik Ödeme,0,44.61,1450.93,0
CUST-11335,Erkek,62,Evet,Hayır,30,1 Yıllık,DSL,Var,Yok,Evet,Elektronik Çek,2,39.51,1220.78,0
CUST-11336,Erkek,32,Evet,Hayır,3,1 Yıllık,Yok,Yok,Yok,Evet,Elektronik Çek,0,30.58,97.33,0
CUST-11337,Erkek,35,Hayır,Evet,69,1 Yıllık,Yok,Yok,Yok,Hayır,Elektronik Çek,2,23.94,1750.33,0
CUST-11338,Erkek,32,Hayır,Hayır,23,Aylık,Yok,Var,Var,Evet,Otomatik Ödeme,1,19.56,457.2,0
CUST-11339,Erkek,44,Hayır,Evet,24,1 Yıllık,Yok,Yok,Yok,Evet,Otomatik Ödeme,3,41.47,920.24,0
CUST-11340,Erkek,36,Evet,Hayır,6,Aylık,Fiber,Yok,Yok,Hayır,Otomatik Ödeme,0,88.7,557.92,1
CUST-11341,Kadın,39,Evet,Evet,28,1 Yıllık,Fiber,Yok,Yok,Evet,Otomatik Ödeme,2,85.75,2376.4,0
CUST-11342,Erkek,56,Evet,Hayır,34,Aylık,Fiber,Yok,Yok,Hayır,Elektronik Çek,1,79.63,2696.74,1
CUST-11343,Kadın,68,Evet,Hayır,41,Aylık,DSL,Yok,Var,Hayır,Otomatik Ödeme,2,55.34,2133.35,0
CUST-11344,Erkek,31,Hayır,Hayır,11,Aylık,Fiber,Yok,Var,Evet,Posta Çeki,0,74.1,769.2,0
CUST-11345,Erkek,38,Hayır,Hayır,72,Aylık,Fiber,Yok,Var,Evet,Otomatik Ödeme,2,93.8,6917.28,1
CUST-11346,Erkek,53,Evet,Hayır,44,Aylık,Fiber,Yok,Yok,Hayır,Otomatik Ödeme,0,103.77,4916.95,1
CUST-11347,Erkek,35,Hayır,Evet,48,Aylık,DSL,Yok,Var,Evet,Otomatik Ödeme,1,55.48,2662.61,0
CUST-11348,Kadın,20,Hayır,Hayır,72,Aylık,DSL,Yok,Yok,Hayır,Otomatik Ödeme,1,63.98,4473.32,0
CUST-11349,Kadın,62,Evet,Hayır,24,1 Yıllık,Fiber,Var,Var,Hayır,Otomatik Ödeme,1,103.28,2481.39,0
CUST-11350,Kadın,43,Hayır,Evet,31,2 Yıllık,Fiber,Yok,Yok,Evet,Elektronik Çek,0,79.48,2448.76,0
CUST-11351,Kadın,62,Evet,Evet,3,Aylık,Yok,Yok,Var,Evet,Otomatik Ödeme,1,19.74,55.9,1
CUST-11352,Erkek,27,Hayır,Hayır,5,Aylık,Fiber,Yok,Var,Evet,Posta Çeki,3,83.35,411.23,1
CUST-11353,Erkek,48,Hayır,Hayır,24,1 Yıllık,Fiber,Yok,Var,Evet,Elektronik Çek,1,96.37,2178.38,0
CUST-11354,Erkek,28,Evet,Evet,29,Aylık,DSL,Yok,Var,Evet,Otomatik Ödeme,1,35.71,1096.68,1
CUST-11355,Kadın,39,Hayır,Evet,24,2 Yıllık,DSL,Yok,Yok,Hayır,Elektronik Çek,1,42.18,1080.11,0
CUST-11356,Kadın,33,Evet,Hayır,19,Aylık,DSL,Yok,Var,Hayır,Otomatik Ödeme,0,64.46,1315.81,1
CUST-11357,Erkek,66,Evet,Hayır,40,Aylık,Fiber,Yok,Yok,Evet,Elektronik Çek,2,65.0,2612.15,1
CUST-11358,Erkek,46,Hayır,Hayır,41,Aylık,Fiber,Var,Var,Evet,Otomatik Ödeme,3,81.69,3108.69,0
CUST-11359,Erkek,27,Hayır,Evet,20,Aylık,Yok,Yok,Var,Evet,Otomatik Ödeme,3,42.19,829.9,1
CUST-11360,Erkek,32,Hayır,Evet,28,Aylık,Fiber,Var,Yok,Hayır,Otomatik Ödeme,3,86.14,2296.21,1
CUST-11361,Erkek,37,Hayır,Evet,36,Aylık,Fiber,Var,Var,Hayır,Posta Çeki,1,90.18,3182.83,0
CUST-11362,Erkek,49,Evet,Evet,31,1 Yıllık,Fiber,Yok,Yok,Hayır,Otomatik Ödeme,0,63.98,1962.35,0
CUST-11363,Erkek,62,Hayır,Hayır,7,2 Yıllık,DSL,Var,Var,Hayır,Elektronik Çek,2,75.85,544.22,0
CUST-11364,Kadın,50,Evet,Evet,20,Aylık,Yok,Yok,Var,Hayır,Otomatik Ödeme,1,18.0,386.72,0
CUST-11365,Erkek,36,Hayır,Evet,18,1 Yıllık,Yok,Yok,Yok,Evet,Otomatik Ödeme,0,29.76,495.35,0
CUST-11366,Erkek,60,Evet,Hayır,61,Aylık,Yok,Yok,Yok,Evet,Elektronik Çek,0,56.74,3473.03,0
CUST-11367,Kadın,41,Evet,Hayır,13,Aylık,Yok,Var,Yok,Evet,Otomatik Ödeme,0,23.18,314.34,1
CUST-11368,Kadın,32,Hayır,Hayır,23,Aylık,Yok,Yok,Yok,Evet,Otomatik Ödeme,4,23.76,543.33,0
CUST-11369,Kadın,50,Hayır,Hayır,21,Aylık,Yok,Var,Yok,Hayır,Otomatik Ödeme,1,34.59,674.91,0
CUST-11370,Kadın,36,Hayır,Hayır,19,2 Yıllık,DSL,Var,Var,Hayır,Otomatik Ödeme,2,78.04,1503.43,0
CUST-11371,Erkek,31,Hayır,Evet,6,1 Yıllık,Fiber,Yok,Yok,Evet,Elektronik Çek,1,81.95,454.97,1
CUST-11372,Kadın,41,Hayır,Hayır,72,Aylık,Yok,Yok,Var,Evet,Posta Çeki,0,59.55,4052.39,0
CUST-11373,Erkek,47,Hayır,Evet,24,Aylık,Fiber,Yok,Yok,Hayır,Elektronik Çek,0,91.6,2229.69,0
CUST-11374,Kadın,52,Hayır,Evet,36,1 Yıllık,Fiber,Yok,Yok,Hayır,Posta Çeki,1,87.17,2913.51,1
CUST-11375,Erkek,58,Hayır,Hayır,32,2 Yıllık,DSL,Var,Var,Evet,Otomatik Ödeme,1,59.0,1774.56,0
CUST-11376,Erkek,60,Hayır,Hayır,19,1 Yıllık,Fiber,Var,Var,Evet,Elektronik Çek,3,77.91,1379.41,0
CUST-11377,Erkek,49,Evet,Hayır,24,2 Yıllık,Fiber,Var,Yok,Evet,Otomatik Ödeme,0,96.77,2157.46,0
CUST-11378,Kadın,64,Evet,Evet,56,2 Yıllık,DSL,Var,Var,Evet,Posta Çeki,1,57.68,3235.54,0
CUST-11379,Erkek,25,Evet,Evet,8,1 Yıllık,Yok,Yok,Yok,Evet,Otomatik Ödeme,1,36.29,301.68,0
CUST-11380,Erkek,57,Evet,Hayır,25,1 Yıllık,DSL,Yok,Yok,Evet,Elektronik Çek,1,82.17,2041.49,0
CUST-11381,Erkek,61,Evet,Hayır,31,Aylık,DSL,Yok,Yok,Evet,Otomatik Ödeme,5,66.48,1930.57,1
CUST-11382,Kadın,55,Hayır,Hayır,20,Aylık,Fiber,Var,Yok,Hayır,Otomatik Ödeme,1,86.79,1808.29,0
CUST-11383,Erkek,61,Hayır,Evet,19,1 Yıllık,DSL,Yok,Var,Hayır,Otomatik Ödeme,3,29.55,521.55,0
CUST-11384,Erkek,35,Evet,Evet,38,2 Yıllık,Fiber,Yok,Yok,Evet,Elektronik Çek,4,79.91,3011.59,0
CUST-11385,Kadın,56,Hayır,Evet,22,Aylık,Fiber,Yok,Var,Evet,Elektronik Çek,1,85.38,1954.61,0
CUST-11386,Kadın,41,Hayır,Evet,72,Aylık,DSL,Var,Var,Evet,Otomatik Ödeme,0,64.84,4423.21,0
CUST-11387,Erkek,20,Hayır,Hayır,39,Aylık,DSL,Yok,Yok,Hayır,Otomatik Ödeme,2,46.88,1724.58,1
CUST-11388,Erkek,33,Evet,Hayır,64,1 Yıllık,Fiber,Var,Yok,Evet,Posta Çeki,2,83.12,5106.2,1
CUST-11389,Kadın,52,Evet,Hayır,41,Aylık,Fiber,Yok,Var,Evet,Elektronik Çek,0,92.9,3670.86,0
CUST-11390,Erkek,52,Hayır,Evet,13,1 Yıllık,Fiber,Yok,Var,Evet,Posta Çeki,1,100.51,1305.43,1
CUST-11391,Erkek,54,Evet,Hayır,24,Aylık,Yok,Var,Yok,Evet,Otomatik Ödeme,1,21.85,519.97,1
CUST-11392,Kadın,55,Hayır,Hayır,26,1 Yıllık,DSL,Var,Yok,Hayır,Elektronik Çek,2,63.88,1781.07,1
CUST-11393,Erkek,37,Hayır,Evet,26,1 Yıllık,DSL,Var,Yok,Evet,Otomatik Ödeme,1,65.6,1767.63,0
CUST-11394,Erkek,30,Evet,Hayır,6,Aylık,Yok,Yok,Var,Hayır,Posta Çeki,2,21.79,137.03,0
CUST-11395,Kadın,42,Hayır,Hayır,38,Aylık,DSL,Yok,Yok,Hayır,Otomatik Ödeme,2,86.19,3364.55,0
CUST-11396,Erkek,36,Hayır,Hayır,36,Aylık,DSL,Yok,Var,Hayır,Elektronik Çek,3,60.63,2270.34,1
CUST-11397,Erkek,37,Hayır,Evet,27,1 Yıllık,Fiber,Var,Yok,Evet,Otomatik Ödeme,1,86.58,2371.17,1
CUST-11398,Kadın,35,Evet,Hayır,9,Aylık,DSL,Yok,Var,Evet,Otomatik Ödeme,2,70.48,606.54,0
CUST-11399,Erkek,29,Hayır,Evet,70,Aylık,DSL,Yok,Yok,Evet,Elektronik Çek,1,61.08,4328.74,0
CUST-11400,Erkek,24,Evet,Hayır,20,Aylık,DSL,Yok,Var,Evet,Elektronik Çek,1,88.43,1721.45,1
CUST-11401,Erkek,41,Evet,Evet,17,Aylık,DSL,Var,Yok,Evet,Otomatik Ödeme,1,64.52,1093.02,0
CUST-11402,Kadın,58,Hayır,Hayır,3,1 Yıllık,DSL,Yok,Yok,Hayır,Elektronik Çek,2,55.4,171.14,1
CUST-11403,Kadın,38,Evet,Hayır,40,1 Yıllık,Yok,Yok,Yok,Evet,Otomatik Ödeme,1,24.99,1020.88,0
CUST-11404,Erkek,44,Evet,Hayır,50,2 Yıllık,Fiber,Var,Yok,Evet,Otomatik Ödeme,0,98.79,4698.62,0
CUST-11405,Erkek,69,Evet,Evet,49,2 Yıllık,DSL,Var,Yok,Evet,Elektronik Çek,1,52.14,2743.96,0
CUST-11406,Kadın,49,Evet,Evet,3,1 Yıllık,Fiber,Yok,Yok,Hayır,Posta Çeki,3,71.32,218.93,0
CUST-11407,Erkek,52,Hayır,Hayır,53,Aylık,Fiber,Yok,Yok,Evet,Otomatik Ödeme,2,82.92,4609.34,1
CUST-11408,Erkek,66,Hayır,Evet,20,2 Yıllık,Yok,Yok,Yok,Evet,Posta Çeki,1,37.48,745.61,0
CUST-11409,Erkek,26,Hayır,Hayır,21,1 Yıllık,DSL,Var,Yok,Hayır,Otomatik Ödeme,2,56.08,1237.56,1
CUST-11410,Erkek,66,Evet,Hayır,15,1 Yıllık,Yok,Yok,Yok,Hayır,Elektronik Çek,3,49.37,733.44,1
CUST-11411,Kadın,50,Evet,Evet,38,1 Yıllık,Fiber,Yok,Var,Evet,Otomatik Ödeme,2,88.89,3260.26,0
CUST-11412,Erkek,36,Evet,Hayır,50,2 Yıllık,Yok,Yok,Yok,Evet,Otomatik Ödeme,2,20.21,940.09,0
CUST-11413,Erkek,73,Evet,Hayır,26,Aylık,Fiber,Var,Yok,Hayır,Otomatik Ödeme,0,80.25,1964.23,0
CUST-11414,Kadın,39,Hayır,Hayır,20,1 Yıllık,Fiber,Yok,Var,Evet,Elektronik Çek,0,88.32,1778.97,1
CUST-11415,Erkek,40,Hayır,Evet,53,Aylık,DSL,Yok,Var,Evet,Elektronik Çek,0,68.54,3798.86,0
CUST-11416,Kadın,43,Hayır,Evet,24,Aylık,Yok,Var,Yok,Hayır,Elektronik Çek,1,26.78,607.95,0
CUST-11417,Erkek,50,Evet,Hayır,30,Aylık,Yok,Yok,Yok,Evet,Otomatik Ödeme,2,18.0,581.22,0
CUST-11418,Kadın,22,Hayır,Evet,19,Aylık,DSL,Yok,Yok,Evet,Otomatik Ödeme,3,59.48,1137.4,1
CUST-11419,Erkek,38,Evet,Hayır,32,Aylık,DSL,Yok,Yok,Evet,Otomatik Ödeme,1,55.87,1752.49,0
CUST-11420,Kadın,47,Evet,Hayır,36,Aylık,Yok,Yok,Yok,Evet,Elektronik Çek,5,32.32,1078.23,1
CUST-11421,Erkek,41,Hayır,Hayır,14,Aylık,DSL,Yok,Var,Evet,Otomatik Ödeme,2,60.68,854.6,1
CUST-11422,Kadın,50,Evet,Hayır,8,2 Yıllık,Yok,Yok,Yok,Evet,Otomatik Ödeme,2,23.03,185.38,0
CUST-11423,Kadın,49,Hayır,Hayır,22,1 Yıllık,DSL,Yok,Var,Hayır,Elektronik Çek,2,34.46,769.3,0
CUST-11424,Erkek,55,Hayır,Evet,8,1 Yıllık,Fiber,Var,Yok,Evet,Otomatik Ödeme,1,85.44,699.89,1
CUST-11425,Erkek,37,Evet,Evet,23,2 Yıllık,Fiber,Var,Yok,Hayır,Otomatik Ödeme,1,89.9,1932.53,1
CUST-11426,Erkek,51,Hayır,Evet,51,Aylık,DSL,Var,Var,Evet,Otomatik Ödeme,0,58.44,2886.16,0
CUST-11427,Kadın,53,Evet,Hayır,21,Aylık,DSL,Var,Yok,Evet,Posta Çeki,1,81.54,1604.66,1
CUST-11428,Kadın,29,Hayır,Hayır,2,Aylık,Yok,Yok,Yok,Evet,Elektronik Çek,1,47.73,88.73,1
CUST-11429,Erkek,69,Evet,Evet,12,Aylık,Fiber,Yok,Yok,Evet,Otomatik Ödeme,4,84.77,1039.12,1
CUST-11430,Erkek,66,Hayır,Hayır,30,2 Yıllık,Fiber,Var,Yok,Evet,Elektronik Çek,2,90.0,2566.18,0
CUST-11431,Erkek,35,Evet,Hayır,29,Aylık,Fiber,Yok,Yok,Evet,Posta Çeki,5,88.54,2750.59,1
CUST-11432,Kadın,23,Evet,Evet,14,1 Yıllık,Yok,Var,Var,Evet,Otomatik Ödeme,0,34.74,453.15,0
CUST-11433,Kadın,41,Hayır,Evet,38,2 Yıllık,Fiber,Yok,Yok,Hayır,Otomatik Ödeme,0,88.38,3542.46,0
CUST-11434,Kadın,43,Evet,Hayır,14,Aylık,Yok,Yok,Var,Evet,Posta Çeki,1,24.86,321.19,0
CUST-11435,Erkek,41,Evet,Evet,66,1 Yıllık,Fiber,Yok,Yok,Hayır,Elektronik Çek,3,119.56,8381.54,1
CUST-11436,Erkek,38,Hayır,Hayır,46,Aylık,Yok,Yok,Yok,Evet,Elektronik Çek,3,26.57,1206.74,1
CUST-11437,Erkek,53,Hayır,Hayır,72,Aylık,DSL,Var,Yok,Evet,Elektronik Çek,1,82.85,6426.47,0
CUST-11438,Erkek,83,Hayır,Evet,38,Aylık,Yok,Yok,Yok,Evet,Elektronik Çek,3,37.39,1421.47,1
CUST-11439,Kadın,56,Hayır,Hayır,31,Aylık,Yok,Var,Var,Evet,Elektronik Çek,2,34.21,1002.12,0
CUST-11440,Kadın,59,Evet,Hayır,10,Aylık,Yok,Yok,Yok,Evet,Otomatik Ödeme,3,42.4,404.53,1
CUST-11441,Erkek,26,Evet,Hayır,27,Aylık,Fiber,Var,Yok,Evet,Posta Çeki,0,94.33,2676.35,0
CUST-11442,Kadın,61,Hayır,Evet,10,2 Yıllık,Yok,Yok,Var,Hayır,Elektronik Çek,3,35.24,326.82,0
CUST-11443,Erkek,68,Evet,Hayır,50,Aylık,DSL,Yok,Yok,Evet,Otomatik Ödeme,2,66.27,3436.47,0
CUST-11444,Erkek,37,Hayır,Hayır,14,Aylık,Fiber,Var,Yok,Hayır,Otomatik Ödeme,1,81.05,1177.78,0
CUST-11445,Erkek,25,Hayır,Hayır,72,2 Yıllık,Fiber,Yok,Yok,Hayır,Elektronik Çek,0,74.5,5329.27,0
CUST-11446,Kadın,49,Evet,Hayır,24,Aylık,DSL,Yok,Yok,Hayır,Posta Çeki,1,69.56,1577.5,0
CUST-11447,Erkek,51,Hayır,Hayır,72,2 Yıllık,DSL,Yok,Yok,Evet,Posta Çeki,2,89.6,5947.12,0
CUST-11448,Kadın,26,Evet,Hayır,7,2 Yıllık,Fiber,Yok,Yok,Evet,Elektronik Çek,2,89.02,603.06,0
CUST-11449,Kadın,41,Hayır,Hayır,19,1 Yıllık,DSL,Var,Yok,Hayır,Otomatik Ödeme,1,65.97,1266.0,0
CUST-11450,Erkek,55,Evet,Evet,9,Aylık,DSL,Var,Yok,Hayır,Otomatik Ödeme,1,77.71,730.88,1
CUST-11451,Kadın,43,Evet,Hayır,10,Aylık,DSL,Var,Var,Hayır,Otomatik Ödeme,1,55.99,557.64,0
CUST-11452,Erkek,42,Evet,Hayır,26,Aylık,Yok,Yok,Yok,Hayır,Otomatik Ödeme,1,41.34,1102.54,0
CUST-11453,Kadın,43,Hayır,Evet,5,Aylık,DSL,Yok,Yok,Hayır,Otomatik Ödeme,1,57.46,266.91,0
CUST-11454,Erkek,27,Evet,Hayır,40,Aylık,Yok,Yok,Yok,Evet,Elektronik Çek,0,43.37,1808.85,0
CUST-11455,Kadın,68,Hayır,Hayır,24,Aylık,DSL,Yok,Yok,Evet,Elektronik Çek,1,52.97,1187.81,0
CUST-11456,Kadın,62,Evet,Evet,17,2 Yıllık,Fiber,Var,Yok,Hayır,Otomatik Ödeme,1,98.58,1585.66,0
CUST-11457,Kadın,60,Hayır,Hayır,20,Aylık,Fiber,Yok,Var,Hayır,Otomatik Ödeme,1,85.19,1771.3,1
CUST-11458,Kadın,34,Evet,Hayır,18,2 Yıllık,Fiber,Yok,Yok,Evet,Posta Çeki,0,62.49,1061.83,0
CUST-11459,Kadın,62,Hayır,Hayır,72,1 Yıllık,Yok,Yok,Yok,Hayır,Posta Çeki,1,51.91,3987.29,0
CUST-11460,Kadın,30,Evet,Evet,22,Aylık,DSL,Yok,Var,Evet,Otomatik Ödeme,1,55.68,1161.78,1
CUST-11461,Erkek,48,Hayır,Hayır,23,Aylık,DSL,Yok,Var,Hayır,Posta Çeki,3,41.34,917.99,1
CUST-11462,Kadın,35,Hayır,Evet,18,Aylık,Yok,Var,Var,Evet,Elektronik Çek,0,43.54,723.47,0
CUST-11463,Kadın,36,Evet,Hayır,50,Aylık,DSL,Yok,Var,Evet,Otomatik Ödeme,4,66.12,3104.64,1
CUST-11464,Kadın,46,Evet,Hayır,32,2 Yıllık,DSL,Var,Var,Hayır,Elektronik Çek,1,67.09,2171.42,0
CUST-11465,Kadın,59,Evet,Hayır,30,Aylık,Fiber,Yok,Yok,Evet,Otomatik Ödeme,0,74.87,2160.43,0
CUST-11466,Kadın,41,Evet,Hayır,5,Aylık,Yok,Yok,Yok,Evet,Elektronik Çek,2,32.98,172.5,1
CUST-11467,Erkek,38,Hayır,Hayır,24,Aylık,DSL,Var,Var,Evet,Otomatik Ödeme,1,57.39,1475.59,0
CUST-11468,Erkek,45,Hayır,Hayır,52,1 Yıllık,Fiber,Yok,Yok,Evet,Otomatik Ödeme,1,92.18,5012.64,1
CUST-11469,Kadın,21,Evet,Evet,13,Aylık,Fiber,Yok,Yok,Evet,Elektronik Çek,1,91.42,1239.55,0
CUST-11470,Erkek,44,Hayır,Evet,55,Aylık,Fiber,Var,Var,Evet,Posta Çeki,1,83.22,4638.14,0
CUST-11471,Kadın,42,Evet,Hayır,32,1 Yıllık,DSL,Var,Yok,Hayır,Elektronik Çek,2,54.48,1788.06,0
CUST-11472,Erkek,42,Evet,Evet,32,Aylık,Fiber,Yok,Yok,Evet,Elektronik Çek,3,75.64,2269.06,1
CUST-11473,Erkek,64,Evet,Hayır,40,1 Yıllık,Yok,Yok,Var,Evet,Otomatik Ödeme,1,20.53,838.51,0
CUST-11474,Erkek,66,Evet,Hayır,18,Aylık,Yok,Yok,Yok,Evet,Elektronik Çek,3,31.68,556.94,1
CUST-11475,Erkek,33,Hayır,Hayır,24,Aylık,Fiber,Yok,Var,Hayır,Otomatik Ödeme,4,69.17,1648.77,1
CUST-11476,Erkek,43,Evet,Hayır,52,Aylık,Fiber,Yok,Yok,Hayır,Elektronik Çek,2,88.13,4348.41,1
CUST-11477,Kadın,27,Hayır,Evet,63,1 Yıllık,Yok,Yok,Yok,Hayır,Otomatik Ödeme,3,18.0,1148.43,0
CUST-11478,Erkek,25,Evet,Evet,55,2 Yıllık,DSL,Var,Yok,Evet,Elektronik Çek,1,37.49,2117.37,0
CUST-11479,Kadın,25,Hayır,Hayır,67,1 Yıllık,Yok,Yok,Yok,Hayır,Otomatik Ödeme,2,22.08,1579.69,0
CUST-11480,Erkek,65,Hayır,Hayır,56,Aylık,Yok,Yok,Yok,Evet,Otomatik Ödeme,4,28.02,1546.93,0
CUST-11481,Erkek,25,Hayır,Hayır,7,Aylık,Fiber,Var,Yok,Evet,Elektronik Çek,0,83.71,586.23,0
CUST-11482,Kadın,51,Evet,Hayır,37,Aylık,DSL,Yok,Yok,Hayır,Elektronik Çek,2,63.72,2427.64,1
CUST-11483,Kadın,29,Evet,Evet,7,Aylık,Fiber,Yok,Yok,Hayır,Posta Çeki,1,110.76,800.5,1
CUST-11484,Kadın,45,Hayır,Evet,11,Aylık,DSL,Var,Yok,Hayır,Otomatik Ödeme,2,56.55,662.51,0
CUST-11485,Erkek,18,Hayır,Hayır,9,Aylık,Fiber,Yok,Yok,Evet,Elektronik Çek,2,90.81,833.63,1
CUST-11486,Kadın,67,Hayır,Hayır,13,2 Yıllık,DSL,Yok,Yok,Evet,Elektronik Çek,1,55.48,777.45,0
CUST-11487,Erkek,62,Hayır,Hayır,28,1 Yıllık,Fiber,Var,Yok,Hayır,Elektronik Çek,2,86.8,2315.14,0
CUST-11488,Kadın,39,Evet,Hayır,12,2 Yıllık,Fiber,Var,Yok,Evet,Posta Çeki,2,81.84,986.39,0
CUST-11489,Erkek,40,Evet,Hayır,30,1 Yıllık,Fiber,Var,Var,Hayır,Otomatik Ödeme,2,81.59,2290.83,0
CUST-11490,Kadın,32,Hayır,Evet,52,Aylık,Fiber,Var,Yok,Hayır,Otomatik Ödeme,1,67.64,3426.4,0
CUST-11491,Erkek,35,Evet,Hayır,35,Aylık,Fiber,Yok,Yok,Evet,Elektronik Çek,0,77.98,2687.39,1
CUST-11492,Erkek,58,Evet,Hayır,5,Aylık,DSL,Yok,Yok,Hayır,Elektronik Çek,2,54.75,254.53,0
CUST-11493,Erkek,34,Hayır,Hayır,22,Aylık,Fiber,Var,Yok,Hayır,Elektronik Çek,2,104.82,2209.13,0
CUST-11494,Erkek,27,Evet,Hayır,42,Aylık,Fiber,Yok,Yok,Evet,Elektronik Çek,3,101.02,3921.66,1
CUST-11495,Erkek,44,Evet,Evet,21,1 Yıllık,Yok,Var,Yok,Evet,Elektronik Çek,0,38.81,853.72,1
CUST-11496,Kadın,53,Evet,Hayır,35,Aylık,Fiber,Var,Yok,Evet,Elektronik Çek,2,91.08,3169.63,1
CUST-11497,Kadın,25,Hayır,Hayır,13,Aylık,Fiber,Yok,Var,Hayır,Elektronik Çek,1,100.36,1349.88,1
CUST-11498,Kadın,41,Evet,Evet,21,Aylık,Fiber,Yok,Var,Evet,Otomatik Ödeme,2,92.08,1864.58,0
CUST-11499,Erkek,18,Evet,Hayır,44,1 Yıllık,Yok,Var,Yok,Evet,Otomatik Ödeme,1,18.0,814.58,0
CUST-11500,Erkek,55,Evet,Hayır,10,1 Yıllık,Fiber,Var,Yok,Evet,Posta Çeki,1,82.07,830.94,0
CUST-11501,Kadın,46,Evet,Hayır,25,1 Yıllık,Fiber,Yok,Yok,Evet,Posta Çeki,3,86.32,2103.58,1
CUST-11502,Erkek,22,Evet,Hayır,23,Aylık,DSL,Yok,Yok,Hayır,Posta Çeki,2,29.75,630.69,1
CUST-11503,Erkek,58,Evet,Evet,19,Aylık,Fiber,Yok,Var,Evet,Otomatik Ödeme,1,75.26,1373.95,0
CUST-11504,Erkek,28,Evet,Hayır,34,Aylık,Fiber,Yok,Var,Hayır,Otomatik Ödeme,1,89.24,3063.26,1
CUST-11505,Kadın,44,Hayır,Evet,57,Aylık,Fiber,Yok,Var,Evet,Otomatik Ödeme,2,78.61,4640.54,0
CUST-11506,Kadın,38,Evet,Evet,22,1 Yıllık,Fiber,Yok,Var,Hayır,Otomatik Ödeme,2,83.49,1827.44,1
CUST-11507,Erkek,36,Hayır,Hayır,16,2 Yıllık,Fiber,Yok,Yok,Evet,Otomatik Ödeme,4,111.42,1791.44,0
CUST-11508,Kadın,18,Hayır,Hayır,22,1 Yıllık,DSL,Var,Yok,Hayır,Elektronik Çek,0,53.61,1235.9,0
CUST-11509,Kadın,50,Evet,Hayır,61,Aylık,DSL,Var,Yok,Evet,Otomatik Ödeme,0,48.99,3209.62,0
CUST-11510,Erkek,54,Hayır,Evet,13,Aylık,Fiber,Yok,Yok,Evet,Otomatik Ödeme,0,71.61,897.72,1
CUST-11511,Erkek,50,Evet,Evet,11,1 Yıllık,DSL,Yok,Yok,Evet,Elektronik Çek,2,77.73,902.21,1
CUST-11512,Kadın,49,Hayır,Hayır,17,2 Yıllık,Fiber,Yok,Var,Hayır,Posta Çeki,0,93.7,1575.07,0
CUST-11513,Erkek,48,Hayır,Evet,42,1 Yıllık,Yok,Yok,Yok,Hayır,Otomatik Ödeme,1,35.56,1575.13,1
CUST-11514,Erkek,57,Hayır,Evet,26,Aylık,DSL,Yok,Yok,Hayır,Otomatik Ödeme,1,56.25,1576.49,0
CUST-11515,Erkek,42,Evet,Hayır,41,Aylık,Fiber,Yok,Yok,Evet,Elektronik Çek,1,80.83,3383.78,1
CUST-11516,Kadın,31,Evet,Hayır,10,1 Yıllık,Yok,Yok,Yok,Evet,Elektronik Çek,1,27.41,271.39,0
CUST-11517,Erkek,53,Hayır,Hayır,22,2 Yıllık,Fiber,Yok,Yok,Hayır,Elektronik Çek,1,96.95,2009.92,0
CUST-11518,Kadın,57,Hayır,Hayır,11,Aylık,Fiber,Yok,Yok,Evet,Elektronik Çek,3,95.05,1091.51,1
CUST-11519,Erkek,35,Evet,Hayır,12,Aylık,Yok,Var,Yok,Evet,Elektronik Çek,0,40.33,465.48,1
CUST-11520,Kadın,65,Hayır,Evet,33,Aylık,Fiber,Yok,Yok,Hayır,Elektronik Çek,2,76.64,2327.19,0
CUST-11521,Kadın,18,Evet,Hayır,22,Aylık,Fiber,Yok,Var,Hayır,Otomatik Ödeme,1,64.0,1316.02,1
CUST-11522,Erkek,42,Hayır,Evet,72,2 Yıllık,DSL,Var,Yok,Hayır,Elektronik Çek,0,55.02,4261.6,0
CUST-11523,Erkek,38,Hayır,Hayır,55,1 Yıllık,Yok,Yok,Var,Evet,Posta Çeki,1,27.96,1486.08,0
CUST-11524,Erkek,54,Hayır,Evet,27,2 Yıllık,Fiber,Yok,Var,Hayır,Otomatik Ödeme,1,80.61,2209.62,0
CUST-11525,Kadın,44,Evet,Hayır,22,Aylık,DSL,Yok,Yok,Hayır,Posta Çeki,3,54.85,1149.83,1
CUST-11526,Erkek,53,Hayır,Hayır,7,Aylık,Yok,Var,Yok,Evet,Otomatik Ödeme,3,38.79,267.88,0
CUST-11527,Kadın,31,Hayır,Hayır,5,1 Yıllık,Yok,Yok,Var,Evet,Otomatik Ödeme,1,51.18,262.15,1
CUST-11528,Kadın,26,Evet,Hayır,53,1 Yıllık,Fiber,Yok,Yok,Evet,Otomatik Ödeme,3,89.15,4566.83,1
CUST-11529,Erkek,47,Hayır,Hayır,17,Aylık,Fiber,Yok,Yok,Evet,Elektronik Çek,1,86.73,1411.26,1
CUST-11530,Kadın,69,Hayır,Hayır,31,Aylık,DSL,Var,Yok,Hayır,Posta Çeki,2,43.82,1289.86,0
CUST-11531,Kadın,41,Evet,Evet,28,1 Yıllık,DSL,Yok,Var,Hayır,Posta Çeki,0,55.08,1636.56,0
CUST-11532,Erkek,63,Evet,Hayır,42,1 Yıllık,Fiber,Yok,Yok,Evet,Otomatik Ödeme,0,76.76,3312.56,1
CUST-11533,Kadın,52,Hayır,Hayır,72,Aylık,DSL,Yok,Var,Evet,Otomatik Ödeme,0,55.21,3676.3,1
CUST-11534,Kadın,34,Evet,Hayır,46,Aylık,Fiber,Yok,Yok,Evet,Elektronik Çek,2,97.11,4807.33,0
CUST-11535,Erkek,63,Hayır,Hayır,23,2 Yıllık,Yok,Yok,Yok,Evet,Elektronik Çek,4,48.02,1030.17,0
CUST-11536,Erkek,52,Hayır,Evet,62,Aylık,Fiber,Var,Yok,Evet,Elektronik Çek,2,62.23,3739.76,0
CUST-11537,Erkek,51,Hayır,Hayır,37,1 Yıllık,Fiber,Var,Yok,Evet,Otomatik Ödeme,1,74.08,2638.43,0
CUST-11538,Kadın,40,Hayır,Hayır,24,Aylık,Fiber,Yok,Var,Evet,Otomatik Ödeme,4,61.35,1412.78,1
CUST-11539,Kadın,45,Evet,Hayır,30,Aylık,Yok,Yok,Yok,Evet,Otomatik Ödeme,0,57.43,1830.47,1
CUST-11540,Erkek,39,Hayır,Hayır,48,Aylık,Fiber,Var,Yok,Evet,Otomatik Ödeme,3,102.59,5116.7,1
CUST-11541,Erkek,18,Hayır,Evet,61,Aylık,Fiber,Var,Yok,Hayır,Elektronik Çek,5,90.66,5286.68,0
CUST-11542,Erkek,43,Evet,Hayır,16,Aylık,Fiber,Yok,Yok,Evet,Elektronik Çek,2,95.84,1607.47,1
CUST-11543,Erkek,50,Evet,Evet,21,Aylık,Fiber,Yok,Yok,Evet,Elektronik Çek,3,90.19,2001.96,1
CUST-11544,Kadın,31,Evet,Hayır,8,Aylık,Fiber,Var,Yok,Evet,Otomatik Ödeme,2,75.21,565.65,1
CUST-11545,Kadın,37,Hayır,Evet,47,Aylık,Fiber,Yok,Yok,Evet,Elektronik Çek,0,84.61,4273.64,1
CUST-11546,Kadın,50,Evet,Evet,23,Aylık,DSL,Yok,Var,Evet,Elektronik Çek,1,36.76,787.0,1
CUST-11547,Kadın,50,Hayır,Hayır,70,1 Yıllık,DSL,Yok,Yok,Evet,Elektronik Çek,1,67.9,4462.17,0
CUST-11548,Kadın,18,Hayır,Hayır,64,Aylık,Fiber,Var,Var,Evet,Otomatik Ödeme,2,104.06,6844.07,0
CUST-11549,Kadın,44,Evet,Hayır,30,Aylık,Yok,Yok,Var,Evet,Elektronik Çek,0,43.2,1221.33,0
CUST-11550,Kadın,59,Evet,Hayır,32,1 Yıllık,Fiber,Yok,Var,Evet,Elektronik Çek,1,76.86,2421.36,0
CUST-11551,Erkek,45,Hayır,Hayır,15,Aylık,DSL,Yok,Var,Hayır,Posta Çeki,1,67.75,959.42,0
CUST-11552,Kadın,43,Hayır,Hayır,15,Aylık,DSL,Yok,Yok,Hayır,Otomatik Ödeme,2,58.25,927.62,0
CUST-11553,Kadın,31,Hayır,Hayır,27,Aylık,Yok,Yok,Var,Hayır,Elektronik Çek,1,31.24,838.61,0
CUST-11554,Kadın,28,Evet,Evet,22,Aylık,DSL,Yok,Var,Evet,Otomatik Ödeme,2,68.23,1608.68,1
CUST-11555,Erkek,76,Evet,Hayır,72,Aylık,Yok,Var,Yok,Evet,Elektronik Çek,0,29.86,2252.23,0
CUST-11556,Kadın,44,Evet,Evet,16,2 Yıllık,Fiber,Var,Var,Evet,Elektronik Çek,0,80.25,1305.03,0
CUST-11557,Erkek,43,Evet,Hayır,40,2 Yıllık,Fiber,Yok,Yok,Evet,Otomatik Ödeme,2,85.99,3213.15,0
CUST-11558,Erkek,41,Evet,Hayır,23,Aylık,DSL,Var,Var,Hayır,Elektronik Çek,1,43.83,961.39,0
CUST-11559,Kadın,66,Hayır,Hayır,29,Aylık,DSL,Var,Yok,Hayır,Elektronik Çek,3,60.1,1848.24,0
CUST-11560,Kadın,39,Hayır,Hayır,35,2 Yıllık,Fiber,Yok,Var,Hayır,Elektronik Çek,2,77.0,2626.53,0
CUST-11561,Erkek,26,Evet,Hayır,10,Aylık,Fiber,Var,Yok,Hayır,Elektronik Çek,2,99.85,1061.88,1
CUST-11562,Kadın,75,Evet,Hayır,44,1 Yıllık,DSL,Var,Yok,Evet,Elektronik Çek,1,73.73,3187.08,0
CUST-11563,Erkek,34,Evet,Evet,59,2 Yıllık,Fiber,Yok,Yok,Hayır,Elektronik Çek,1,106.16,5993.37,0
CUST-11564,Kadın,66,Hayır,Hayır,54,1 Yıllık,DSL,Yok,Yok,Hayır,Posta Çeki,0,50.15,2676.1,1
CUST-11565,Erkek,34,Evet,Evet,23,2 Yıllık,Fiber,Var,Yok,Evet,Elektronik Çek,4,84.12,1951.59,1
CUST-11566,Kadın,61,Hayır,Hayır,14,Aylık,DSL,Yok,Var,Hayır,Otomatik Ödeme,0,80.61,1194.32,0
CUST-11567,Kadın,53,Hayır,Evet,47,2 Yıllık,DSL,Yok,Var,Hayır,Otomatik Ödeme,4,62.87,3143.27,0
CUST-11568,Kadın,44,Hayır,Hayır,18,Aylık,Fiber,Yok,Var,Hayır,Otomatik Ödeme,2,98.48,1660.47,1
CUST-11569,Kadın,37,Evet,Hayır,31,Aylık,Yok,Var,Yok,Hayır,Otomatik Ödeme,2,32.04,934.95,1
CUST-11570,Kadın,41,Evet,Hayır,5,Aylık,Fiber,Var,Yok,Evet,Elektronik Çek,1,72.37,376.17,1
CUST-11571,Kadın,35,Evet,Hayır,7,Aylık,DSL,Yok,Yok,Evet,Otomatik Ödeme,2,67.09,483.92,1
CUST-11572,Kadın,37,Hayır,Evet,23,1 Yıllık,Yok,Var,Var,Hayır,Otomatik Ödeme,0,44.5,1055.02,0
CUST-11573,Kadın,38,Evet,Evet,23,2 Yıllık,DSL,Yok,Yok,Hayır,Otomatik Ödeme,1,83.4,1997.84,0
CUST-11574,Kadın,24,Evet,Hayır,12,Aylık,Fiber,Yok,Yok,Evet,Posta Çeki,2,74.41,956.35,1
CUST-11575,Kadın,38,Hayır,Hayır,5,Aylık,Fiber,Var,Yok,Hayır,Posta Çeki,2,90.9,455.19,1
CUST-11576,Erkek,25,Hayır,Hayır,34,Aylık,Fiber,Var,Yok,Hayır,Otomatik Ödeme,2,88.85,3163.1,1
CUST-11577,Erkek,55,Evet,Hayır,6,Aylık,DSL,Yok,Var,Evet,Otomatik Ödeme,3,46.08,260.6,1
CUST-11578,Kadın,41,Hayır,Hayır,15,2 Yıllık,Fiber,Yok,Yok,Evet,Elektronik Çek,1,74.4,1194.52,0
CUST-11579,Erkek,66,Evet,Hayır,43,2 Yıllık,Fiber,Yok,Yok,Hayır,Otomatik Ödeme,2,74.24,2953.51,0
CUST-11580,Kadın,31,Hayır,Hayır,26,2 Yıllık,DSL,Yok,Yok,Hayır,Elektronik Çek,1,55.7,1563.12,0
CUST-11581,Erkek,44,Hayır,Hayır,33,1 Yıllık,DSL,Yok,Yok,Evet,Elektronik Çek,2,69.14,2149.5,0
CUST-11582,Kadın,66,Hayır,Evet,29,1 Yıllık,Fiber,Var,Yok,Hayır,Posta Çeki,0,107.47,3188.67,0
CUST-11583,Kadın,36,Hayır,Evet,30,Aylık,Fiber,Var,Var,Hayır,Otomatik Ödeme,1,91.64,2641.51,0
CUST-11584,Erkek,29,Evet,Evet,23,Aylık,Fiber,Yok,Yok,Evet,Otomatik Ödeme,2,79.9,1949.68,1
CUST-11585,Kadın,31,Hayır,Hayır,12,Aylık,Fiber,Yok,Yok,Evet,Elektronik Çek,0,99.3,1147.31,1
CUST-11586,Kadın,70,Evet,Evet,53,2 Yıllık,Yok,Yok,Yok,Evet,Elektronik Çek,0,18.0,917.26,0
CUST-11587,Erkek,61,Hayır,Hayır,30,Aylık,Yok,Var,Var,Evet,Posta Çeki,2,37.21,1035.57,0
CUST-11588,Erkek,64,Evet,Hayır,29,Aylık,Fiber,Yok,Yok,Evet,Elektronik Çek,1,66.14,1968.01,0
CUST-11589,Erkek,31,Hayır,Evet,72,Aylık,Fiber,Yok,Var,Evet,Otomatik Ödeme,3,92.11,6742.02,1
CUST-11590,Kadın,54,Evet,Hayır,11,Aylık,Yok,Yok,Yok,Hayır,Otomatik Ödeme,0,43.45,476.58,0
CUST-11591,Kadın,61,Evet,Hayır,53,1 Yıllık,DSL,Var,Yok,Evet,Posta Çeki,3,76.2,3843.33,0
CUST-11592,Kadın,33,Evet,Hayır,31,Aylık,Fiber,Yok,Yok,Hayır,Elektronik Çek,0,86.71,2546.45,1
CUST-11593,Erkek,33,Hayır,Evet,9,Aylık,Yok,Yok,Yok,Evet,Otomatik Ödeme,1,22.35,188.72,1
CUST-11594,Erkek,28,Evet,Hayır,17,2 Yıllık,Fiber,Yok,Var,Hayır,Otomatik Ödeme,1,71.47,1210.71,0
CUST-11595,Erkek,50,Evet,Hayır,20,2 Yıllık,Fiber,Var,Yok,Hayır,Elektronik Çek,1,78.77,1554.87,0
CUST-11596,Erkek,25,Evet,Evet,7,1 Yıllık,Yok,Yok,Yok,Evet,Posta Çeki,1,36.33,261.04,0
CUST-11597,Erkek,38,Evet,Hayır,18,Aylık,DSL,Yok,Var,Hayır,Otomatik Ödeme,1,68.07,1237.42,1
CUST-11598,Kadın,62,Hayır,Hayır,45,Aylık,DSL,Yok,Yok,Evet,Otomatik Ödeme,0,37.86,1619.77,1
CUST-11599,Erkek,18,Evet,Evet,60,2 Yıllık,Fiber,Yok,Var,Evet,Elektronik Çek,0,100.84,6335.76,0
CUST-11600,Erkek,30,Evet,Hayır,33,1 Yıllık,DSL,Yok,Yok,Evet,Elektronik Çek,2,56.95,1901.2,0
CUST-11601,Kadın,38,Hayır,Hayır,29,Aylık,Yok,Yok,Yok,Evet,Posta Çeki,0,43.12,1247.5,0
CUST-11602,Erkek,41,Hayır,Evet,24,Aylık,DSL,Var,Var,Evet,Otomatik Ödeme,1,64.52,1542.0,1
CUST-11603,Erkek,26,Hayır,Hayır,15,Aylık,Fiber,Var,Yok,Evet,Otomatik Ödeme,0,70.92,1125.14,1
CUST-11604,Kadın,24,Evet,Evet,20,Aylık,DSL,Yok,Yok,Evet,Posta Çeki,0,57.04,1218.7,0
CUST-11605,Erkek,49,Evet,Hayır,34,Aylık,DSL,Yok,Var,Evet,Posta Çeki,1,64.19,2319.49,0
CUST-11606,Kadın,25,Evet,Hayır,8,Aylık,DSL,Var,Var,Evet,Elektronik Çek,2,53.77,452.59,1
CUST-11607,Erkek,53,Hayır,Evet,22,Aylık,DSL,Var,Var,Hayır,Otomatik Ödeme,1,62.23,1294.94,1
CUST-11608,Kadın,43,Evet,Evet,29,Aylık,DSL,Var,Var,Evet,Otomatik Ödeme,0,61.96,1780.33,1
CUST-11609,Erkek,47,Hayır,Evet,31,Aylık,Fiber,Yok,Yok,Evet,Elektronik Çek,1,92.15,2659.44,1
CUST-11610,Erkek,59,Evet,Hayır,7,Aylık,Fiber,Yok,Yok,Evet,Otomatik Ödeme,0,100.8,675.96,1
CUST-11611,Kadın,44,Evet,Hayır,67,Aylık,Fiber,Yok,Yok,Evet,Otomatik Ödeme,1,82.28,5720.97,1
CUST-11612,Kadın,18,Hayır,Hayır,38,Aylık,Fiber,Yok,Yok,Hayır,Otomatik Ödeme,2,88.96,3614.1,1
CUST-11613,Erkek,18,Hayır,Evet,13,1 Yıllık,DSL,Yok,Yok,Hayır,Posta Çeki,2,64.32,890.09,1
CUST-11614,Erkek,47,Evet,Hayır,19,Aylık,DSL,Yok,Yok,Hayır,Elektronik Çek,1,61.64,1164.48,0
CUST-11615,Kadın,42,Evet,Hayır,44,Aylık,DSL,Yok,Yok,Evet,Elektronik Çek,1,63.18,2767.47,0
CUST-11616,Kadın,44,Hayır,Hayır,49,1 Yıllık,Yok,Yok,Var,Evet,Posta Çeki,3,28.6,1424.77,0
CUST-11617,Kadın,41,Hayır,Evet,15,Aylık,Yok,Yok,Var,Evet,Otomatik Ödeme,5,52.07,794.59,0
CUST-11618,Kadın,33,Evet,Hayır,12,Aylık,Yok,Yok,Yok,Evet,Elektronik Çek,1,41.72,468.95,1
CUST-11619,Erkek,36,Hayır,Evet,58,1 Yıllık,DSL,Yok,Yok,Hayır,Elektronik Çek,2,63.44,3555.0,1
CUST-11620,Erkek,36,Evet,Hayır,37,1 Yıllık,Yok,Yok,Var,Evet,Elektronik Çek,0,40.54,1491.39,0
CUST-11621,Erkek,24,Evet,Hayır,25,2 Yıllık,Fiber,Var,Yok,Evet,Otomatik Ödeme,1,87.6,2044.72,0
CUST-11622,Kadın,36,Evet,Hayır,18,1 Yıllık,DSL,Var,Yok,Evet,Otomatik Ödeme,0,57.48,1115.54,0
CUST-11623,Erkek,55,Evet,Hayır,24,1 Yıllık,Fiber,Yok,Var,Hayır,Posta Çeki,1,73.64,1778.06,0
CUST-11624,Erkek,34,Evet,Hayır,12,1 Yıllık,Fiber,Yok,Yok,Evet,Otomatik Ödeme,1,68.14,772.94,0
CUST-11625,Erkek,33,Hayır,Hayır,49,Aylık,Yok,Yok,Yok,Hayır,Otomatik Ödeme,2,45.32,2170.63,0
CUST-11626,Kadın,73,Evet,Hayır,31,1 Yıllık,DSL,Yok,Yok,Evet,Posta Çeki,2,57.97,1726.93,1
CUST-11627,Erkek,73,Hayır,Evet,33,Aylık,DSL,Yok,Yok,Evet,Elektronik Çek,0,61.6,1890.08,1
CUST-11628,Erkek,34,Evet,Hayır,72,Aylık,Fiber,Yok,Var,Evet,Posta Çeki,0,76.75,5906.27,0
CUST-11629,Erkek,51,Hayır,Hayır,35,Aylık,DSL,Yok,Var,Hayır,Elektronik Çek,1,49.56,1614.96,0
CUST-11630,Kadın,74,Evet,Hayır,11,Aylık,Fiber,Var,Yok,Hayır,Elektronik Çek,1,107.12,1090.78,1
CUST-11631,Erkek,39,Hayır,Hayır,17,Aylık,Fiber,Var,Var,Hayır,Otomatik Ödeme,1,84.72,1555.04,1
CUST-11632,Erkek,35,Evet,Hayır,52,1 Yıllık,Fiber,Yok,Yok,Evet,Otomatik Ödeme,4,103.87,5004.71,0
CUST-11633,Erkek,49,Evet,Hayır,59,1 Yıllık,DSL,Yok,Yok,Hayır,Elektronik Çek,1,79.26,4657.59,0
CUST-11634,Kadın,53,Hayır,Hayır,31,1 Yıllık,Fiber,Var,Yok,Evet,Posta Çeki,1,81.85,2411.15,0
CUST-11635,Erkek,42,Hayır,Hayır,21,Aylık,DSL,Yok,Yok,Evet,Elektronik Çek,0,58.22,1130.49,0
CUST-11636,Erkek,22,Hayır,Hayır,47,1 Yıllık,Fiber,Yok,Yok,Evet,Elektronik Çek,1,84.01,3674.92,1
CUST-11637,Kadın,51,Evet,Hayır,11,2 Yıllık,DSL,Yok,Yok,Hayır,Otomatik Ödeme,2,56.51,638.03,0
CUST-11638,Kadın,48,Hayır,Hayır,13,Aylık,Yok,Yok,Yok,Hayır,Posta Çeki,0,28.05,373.11,1
CUST-11639,Erkek,52,Evet,Hayır,24,Aylık,DSL,Yok,Var,Evet,Otomatik Ödeme,2,56.86,1381.8,1
CUST-11640,Kadın,64,Hayır,Evet,36,Aylık,DSL,Var,Yok,Hayır,Elektronik Çek,0,51.34,1936.01,0
CUST-11641,Kadın,27,Evet,Hayır,30,Aylık,DSL,Yok,Yok,Evet,Posta Çeki,1,91.98,2545.25,1
CUST-11642,Kadın,33,Evet,Hayır,32,Aylık,Fiber,Yok,Yok,Evet,Otomatik Ödeme,0,62.92,2091.43,1
CUST-11643,Kadın,62,Hayır,Hayır,9,Aylık,Yok,Var,Yok,Hayır,Posta Çeki,2,41.18,366.44,1
CUST-11644,Erkek,18,Evet,Hayır,20,Aylık,DSL,Var,Yok,Evet,Elektronik Çek,1,70.23,1354.97,0
CUST-11645,Kadın,31,Evet,Hayır,25,1 Yıllık,Yok,Var,Yok,Evet,Otomatik Ödeme,0,38.08,902.1,0
CUST-11646,Kadın,45,Hayır,Evet,20,Aylık,Fiber,Var,Yok,Hayır,Otomatik Ödeme,1,88.45,1840.91,0
CUST-11647,Erkek,54,Hayır,Hayır,17,1 Yıllık,DSL,Yok,Yok,Evet,Otomatik Ödeme,2,68.12,1249.13,1
CUST-11648,Kadın,50,Hayır,Hayır,39,Aylık,Fiber,Var,Yok,Evet,Posta Çeki,2,88.22,3508.44,0
CUST-11649,Erkek,48,Hayır,Hayır,21,1 Yıllık,Fiber,Var,Yok,Hayır,Otomatik Ödeme,2,94.28,1914.45,0
CUST-11650,Erkek,37,Evet,Hayır,13,1 Yıllık,Yok,Yok,Yok,Evet,Elektronik Çek,3,30.07,397.65,0
CUST-11651,Erkek,54,Hayır,Hayır,53,1 Yıllık,DSL,Yok,Yok,Hayır,Elektronik Çek,3,53.57,2912.35,0
CUST-11652,Erkek,52,Hayır,Hayır,29,Aylık,Yok,Yok,Var,Evet,Otomatik Ödeme,1,30.94,894.18,0
CUST-11653,Erkek,51,Evet,Hayır,6,2 Yıllık,DSL,Yok,Yok,Hayır,Otomatik Ödeme,1,27.91,171.11,0
CUST-11654,Kadın,36,Hayır,Hayır,36,Aylık,Fiber,Yok,Yok,Hayır,Otomatik Ödeme,3,77.07,2889.32,0
CUST-11655,Kadın,63,Hayır,Evet,72,Aylık,DSL,Yok,Var,Evet,Elektronik Çek,2,56.04,3740.65,1
CUST-11656,Erkek,42,Hayır,Hayır,48,Aylık,Fiber,Yok,Yok,Evet,Posta Çeki,2,95.0,4242.67,1
CUST-11657,Kadın,43,Hayır,Evet,56,Aylık,DSL,Yok,Yok,Hayır,Elektronik Çek,0,68.77,3829.11,0
CUST-11658,Erkek,38,Hayır,Hayır,61,Aylık,DSL,Var,Var,Evet,Elektronik Çek,2,54.98,3552.95,0
CUST-11659,Kadın,38,Hayır,Hayır,36,Aylık,DSL,Yok,Yok,Evet,Otomatik Ödeme,3,45.75,1731.74,0
CUST-11660,Erkek,34,Evet,Hayır,16,Aylık,DSL,Yok,Yok,Hayır,Posta Çeki,2,58.66,914.07,1
CUST-11661,Kadın,35,Hayır,Evet,52,Aylık,Fiber,Yok,Yok,Evet,Elektronik Çek,1,90.1,4600.79,1
CUST-11662,Kadın,29,Hayır,Hayır,10,1 Yıllık,Yok,Yok,Yok,Hayır,Elektronik Çek,0,41.02,408.05,1
CUST-11663,Erkek,30,Hayır,Hayır,29,Aylık,DSL,Yok,Yok,Hayır,Otomatik Ödeme,3,60.79,1824.89,0
CUST-11664,Erkek,33,Hayır,Hayır,40,Aylık,Fiber,Yok,Yok,Evet,Otomatik Ödeme,0,77.4,2913.51,0
CUST-11665,Erkek,21,Evet,Hayır,33,Aylık,DSL,Yok,Var,Hayır,Otomatik Ödeme,2,52.61,1809.07,0
CUST-11666,Kadın,37,Hayır,Hayır,20,Aylık,DSL,Yok,Var,Hayır,Elektronik Çek,0,61.7,1274.79,0
CUST-11667,Erkek,21,Hayır,Hayır,10,Aylık,Yok,Yok,Yok,Evet,Elektronik Çek,3,56.85,523.47,1
CUST-11668,Erkek,39,Evet,Evet,72,2 Yıllık,DSL,Yok,Yok,Evet,Posta Çeki,1,79.11,5289.4,0
CUST-11669,Erkek,45,Evet,Hayır,43,Aylık,Fiber,Var,Yok,Evet,Otomatik Ödeme,0,90.2,4056.64,0
CUST-11670,Kadın,39,Hayır,Evet,17,Aylık,Fiber,Yok,Yok,Evet,Otomatik Ödeme,0,73.87,1267.74,0
CUST-11671,Erkek,62,Evet,Evet,11,Aylık,Fiber,Yok,Yok,Evet,Elektronik Çek,0,78.35,824.91,1
CUST-11672,Erkek,42,Hayır,Hayır,30,Aylık,Fiber,Var,Var,Evet,Elektronik Çek,2,72.66,2055.71,0
CUST-11673,Kadın,43,Hayır,Evet,29,2 Yıllık,DSL,Yok,Yok,Evet,Otomatik Ödeme,2,68.95,2032.38,0
CUST-11674,Erkek,37,Hayır,Hayır,30,2 Yıllık,Fiber,Var,Yok,Evet,Posta Çeki,1,80.99,2277.47,0
CUST-11675,Erkek,52,Hayır,Hayır,64,Aylık,Fiber,Yok,Yok,Evet,Otomatik Ödeme,1,87.51,5582.31,0
CUST-11676,Kadın,31,Hayır,Hayır,15,Aylık,DSL,Var,Yok,Hayır,Elektronik Çek,2,48.33,730.84,1
CUST-11677,Erkek,54,Hayır,Hayır,36,Aylık,Fiber,Yok,Var,Hayır,Otomatik Ödeme,1,89.09,3002.33,0
CUST-11678,Erkek,58,Hayır,Hayır,6,Aylık,Fiber,Yok,Yok,Evet,Otomatik Ödeme,2,80.42,508.28,1
CUST-11679,Erkek,25,Evet,Evet,22,1 Yıllık,Fiber,Var,Yok,Hayır,Elektronik Çek,4,84.91,1819.49,0
CUST-11680,Erkek,29,Evet,Evet,66,1 Yıllık,DSL,Yok,Yok,Hayır,Posta Çeki,1,47.7,3385.86,0
CUST-11681,Kadın,66,Evet,Hayır,9,1 Yıllık,DSL,Yok,Var,Evet,Elektronik Çek,2,58.57,521.42,1
CUST-11682,Erkek,53,Evet,Evet,46,1 Yıllık,Yok,Yok,Yok,Hayır,Elektronik Çek,0,30.48,1446.55,0
CUST-11683,Erkek,29,Evet,Evet,20,Aylık,Fiber,Var,Yok,Hayır,Posta Çeki,1,67.18,1260.99,1
CUST-11684,Kadın,36,Hayır,Hayır,24,Aylık,DSL,Yok,Yok,Hayır,Otomatik Ödeme,1,61.07,1562.97,0
CUST-11685,Erkek,33,Hayır,Hayır,18,Aylık,Fiber,Yok,Yok,Evet,Otomatik Ödeme,2,71.65,1189.8,0
CUST-11686,Kadın,57,Evet,Evet,38,1 Yıllık,Yok,Yok,Yok,Evet,Elektronik Çek,3,45.68,1766.76,1
CUST-11687,Kadın,23,Evet,Hayır,40,Aylık,DSL,Yok,Var,Evet,Posta Çeki,3,56.88,2307.28,0
CUST-11688,Kadın,48,Evet,Hayır,50,Aylık,Fiber,Yok,Yok,Evet,Posta Çeki,0,80.72,4160.32,1
CUST-11689,Kadın,46,Evet,Hayır,20,2 Yıllık,Fiber,Yok,Yok,Evet,Otomatik Ödeme,1,77.56,1514.19,0
CUST-11690,Erkek,35,Hayır,Hayır,15,Aylık,Yok,Var,Var,Hayır,Elektronik Çek,0,20.64,306.57,0
CUST-11691,Erkek,26,Hayır,Evet,57,Aylık,DSL,Yok,Var,Hayır,Elektronik Çek,3,59.98,3629.8,0
CUST-11692,Kadın,73,Hayır,Hayır,17,Aylık,Yok,Yok,Yok,Evet,Otomatik Ödeme,1,29.24,491.6,0
CUST-11693,Kadın,44,Hayır,Hayır,39,2 Yıllık,Fiber,Var,Var,Evet,Otomatik Ödeme,2,88.11,3593.91,0
CUST-11694,Kadın,61,Hayır,Hayır,16,Aylık,DSL,Yok,Yok,Hayır,Posta Çeki,3,67.58,1124.9,1
CUST-11695,Erkek,51,Evet,Hayır,39,Aylık,DSL,Var,Yok,Hayır,Otomatik Ödeme,2,74.82,3068.31,0
CUST-11696,Kadın,51,Evet,Evet,72,Aylık,Fiber,Yok,Yok,Evet,Elektronik Çek,1,103.54,6881.6,0
CUST-11697,Erkek,50,Evet,Hayır,46,1 Yıllık,DSL,Yok,Yok,Hayır,Otomatik Ödeme,0,58.6,2533.44,0
CUST-11698,Kadın,18,Hayır,Hayır,15,Aylık,Yok,Yok,Yok,Evet,Otomatik Ödeme,2,31.85,452.46,0
CUST-11699,Kadın,52,Hayır,Hayır,28,2 Yıllık,Fiber,Var,Var,Evet,Elektronik Çek,0,97.82,2788.02,0
CUST-11700,Erkek,59,Evet,Evet,32,Aylık,Fiber,Var,Var,Hayır,Otomatik Ödeme,0,86.17,2881.21,1
CUST-11701,Erkek,70,Evet,Evet,26,1 Yıllık,Fiber,Yok,Yok,Hayır,Posta Çeki,1,83.33,2317.24,0
CUST-11702,Erkek,31,Evet,Evet,46,Aylık,DSL,Yok,Yok,Evet,Elektronik Çek,1,60.35,2750.8,1
CUST-11703,Kadın,52,Evet,Evet,46,2 Yıllık,Fiber,Yok,Yok,Evet,Elektronik Çek,4,83.69,4053.13,0
CUST-11704,Erkek,28,Evet,Evet,33,Aylık,DSL,Yok,Yok,Hayır,Otomatik Ödeme,1,57.54,1888.65,1
CUST-11705,Kadın,77,Hayır,Hayır,72,1 Yıllık,Yok,Var,Var,Evet,Posta Çeki,1,39.46,2891.96,0
CUST-11706,Kadın,18,Hayır,Hayır,14,2 Yıllık,Fiber,Var,Yok,Evet,Otomatik Ödeme,1,85.88,1222.87,0
CUST-11707,Erkek,51,Evet,Hayır,17,Aylık,Yok,Yok,Yok,Hayır,Posta Çeki,2,39.86,635.19,1
CUST-11708,Erkek,60,Hayır,Hayır,3,Aylık,DSL,Yok,Yok,Evet,Elektronik Çek,0,69.02,214.49,1
CUST-11709,Erkek,28,Hayır,Evet,31,1 Yıllık,DSL,Yok,Var,Evet,Elektronik Çek,3,50.15,1635.24,0
CUST-11710,Erkek,51,Hayır,Evet,22,Aylık,Fiber,Yok,Yok,Evet,Otomatik Ödeme,2,94.74,2042.59,0
CUST-11711,Kadın,63,Evet,Hayır,36,Aylık,DSL,Var,Yok,Evet,Otomatik Ödeme,4,45.92,1730.42,0
CUST-11712,Kadın,39,Evet,Hayır,15,1 Yıllık,Fiber,Yok,Var,Hayır,Elektronik Çek,2,89.86,1324.58,0
CUST-11713,Kadın,67,Hayır,Hayır,14,Aylık,Fiber,Var,Yok,Evet,Elektronik Çek,0,102.63,1342.14,1
CUST-11714,Kadın,38,Hayır,Hayır,28,Aylık,DSL,Yok,Yok,Evet,Otomatik Ödeme,3,49.15,1463.57,1
CUST-11715,Kadın,18,Hayır,Hayır,17,Aylık,Fiber,Yok,Yok,Evet,Posta Çeki,1,91.44,1515.66,1
CUST-11716,Kadın,45,Evet,Hayır,34,Aylık,Fiber,Yok,Yok,Evet,Otomatik Ödeme,1,95.78,3064.65,1
CUST-11717,Erkek,18,Evet,Evet,33,Aylık,Fiber,Yok,Var,Evet,Elektronik Çek,2,61.59,1873.1,1
CUST-11718,Erkek,36,Evet,Hayır,25,Aylık,Fiber,Var,Var,Hayır,Posta Çeki,2,70.61,1806.46,1
CUST-11719,Erkek,23,Hayır,Hayır,44,Aylık,DSL,Var,Var,Evet,Posta Çeki,2,58.6,2663.61,0
CUST-11720,Kadın,18,Evet,Hayır,30,Aylık,Yok,Var,Yok,Evet,Otomatik Ödeme,5,38.37,1121.96,0
CUST-11721,Kadın,32,Evet,Evet,20,Aylık,Yok,Yok,Yok,Evet,Otomatik Ödeme,0,38.73,768.08,0
CUST-11722,Erkek,28,Evet,Evet,13,1 Yıllık,DSL,Var,Yok,Evet,Otomatik Ödeme,2,58.86,742.82,0
CUST-11723,Erkek,34,Evet,Evet,36,Aylık,Fiber,Yok,Yok,Evet,Otomatik Ödeme,1,83.5,3127.49,1
CUST-11724,Kadın,27,Evet,Hayır,15,Aylık,Fiber,Yok,Yok,Evet,Elektronik Çek,0,85.2,1242.12,0
CUST-11725,Erkek,39,Evet,Evet,51,Aylık,Yok,Yok,Yok,Evet,Elektronik Çek,1,44.11,2130.74,0
CUST-11726,Erkek,41,Evet,Hayır,35,Aylık,Fiber,Yok,Var,Evet,Otomatik Ödeme,2,82.5,3059.79,1
CUST-11727,Erkek,50,Evet,Evet,19,Aylık,Yok,Yok,Var,Hayır,Elektronik Çek,1,18.0,316.95,0
CUST-11728,Erkek,38,Hayır,Hayır,11,Aylık,DSL,Var,Var,Evet,Elektronik Çek,4,55.43,564.19,0
CUST-11729,Kadın,64,Hayır,Hayır,10,Aylık,DSL,Var,Var,Hayır,Otomatik Ödeme,0,53.88,530.8,1
CUST-11730,Erkek,44,Evet,Evet,64,1 Yıllık,DSL,Yok,Yok,Evet,Elektronik Çek,3,64.53,3928.0,0
CUST-11731,Erkek,75,Hayır,Hayır,3,2 Yıllık,DSL,Yok,Var,Hayır,Elektronik Çek,0,72.4,226.32,0
CUST-11732,Erkek,45,Hayır,Hayır,15,2 Yıllık,Yok,Yok,Yok,Hayır,Elektronik Çek,1,27.63,428.25,1
CUST-11733,Kadın,40,Hayır,Hayır,72,Aylık,Yok,Yok,Yok,Evet,Posta Çeki,1,45.63,3187.73,1
CUST-11734,Kadın,35,Hayır,Evet,49,Aylık,Yok,Yok,Var,Evet,Posta Çeki,3,29.01,1390.28,1
CUST-11735,Erkek,41,Evet,Hayır,72,Aylık,Yok,Yok,Var,Evet,Otomatik Ödeme,1,46.72,3570.41,0
CUST-11736,Kadın,61,Hayır,Hayır,40,Aylık,Fiber,Yok,Var,Hayır,Otomatik Ödeme,2,90.94,3564.21,1
CUST-11737,Erkek,31,Hayır,Hayır,30,2 Yıllık,DSL,Var,Yok,Hayır,Otomatik Ödeme,0,66.75,1896.91,0
CUST-11738,Kadın,27,Evet,Hayır,38,Aylık,Yok,Var,Yok,Hayır,Otomatik Ödeme,1,42.62,1688.08,1
CUST-11739,Erkek,46,Hayır,Evet,9,Aylık,Fiber,Yok,Var,Evet,Otomatik Ödeme,1,119.52,1070.88,1
CUST-11740,Kadın,29,Hayır,Hayır,15,1 Yıllık,Fiber,Var,Yok,Hayır,Otomatik Ödeme,1,97.4,1444.18,0
CUST-11741,Erkek,52,Hayır,Hayır,12,1 Yıllık,Yok,Var,Yok,Evet,Posta Çeki,0,37.92,468.3,0
CUST-11742,Kadın,27,Hayır,Hayır,10,Aylık,DSL,Yok,Yok,Hayır,Otomatik Ödeme,0,57.5,556.69,0
CUST-11743,Erkek,22,Hayır,Hayır,72,2 Yıllık,Yok,Var,Var,Evet,Otomatik Ödeme,2,28.19,2183.38,0
CUST-11744,Erkek,55,Hayır,Evet,13,Aylık,Yok,Yok,Yok,Hayır,Elektronik Çek,0,18.37,244.61,1
CUST-11745,Erkek,20,Evet,Evet,51,1 Yıllık,Yok,Var,Yok,Hayır,Elektronik Çek,2,36.35,1721.97,0
CUST-11746,Erkek,24,Hayır,Hayır,4,Aylık,Fiber,Var,Var,Evet,Elektronik Çek,3,77.12,310.86,1
CUST-11747,Kadın,46,Hayır,Hayır,3,2 Yıllık,DSL,Yok,Var,Hayır,Elektronik Çek,1,73.68,227.04,0
CUST-11748,Kadın,42,Hayır,Hayır,28,Aylık,Fiber,Var,Var,Hayır,Otomatik Ödeme,3,95.33,2837.95,1
CUST-11749,Kadın,48,Evet,Hayır,42,Aylık,Fiber,Yok,Var,Evet,Elektronik Çek,4,51.98,2122.86,0
CUST-11750,Kadın,35,Hayır,Hayır,10,2 Yıllık,Yok,Yok,Yok,Hayır,Elektronik Çek,3,18.0,181.04,0
CUST-11751,Erkek,65,Hayır,Evet,23,2 Yıllık,Yok,Yok,Yok,Evet,Otomatik Ödeme,2,42.51,945.04,0
CUST-11752,Erkek,32,Evet,Hayır,64,2 Yıllık,DSL,Var,Var,Evet,Posta Çeki,2,47.47,3110.19,0
CUST-11753,Kadın,18,Evet,Hayır,59,2 Yıllık,Fiber,Var,Var,Evet,Otomatik Ödeme,0,87.87,5191.4,0
CUST-11754,Erkek,38,Hayır,Evet,13,Aylık,Fiber,Var,Yok,Evet,Posta Çeki,1,79.7,1059.55,1
CUST-11755,Kadın,29,Hayır,Evet,72,Aylık,Yok,Yok,Yok,Hayır,Otomatik Ödeme,0,38.68,2773.51,0
CUST-11756,Kadın,42,Hayır,Hayır,71,Aylık,DSL,Var,Yok,Hayır,Elektronik Çek,0,55.24,4059.25,0
CUST-11757,Erkek,31,Hayır,Evet,52,Aylık,Fiber,Yok,Var,Hayır,Posta Çeki,1,76.01,3986.16,0
CUST-11758,Kadın,33,Evet,Hayır,7,2 Yıllık,Fiber,Yok,Var,Hayır,Elektronik Çek,0,74.94,537.53,0
CUST-11759,Erkek,22,Evet,Hayır,15,Aylık,Fiber,Yok,Yok,Hayır,Elektronik Çek,0,95.24,1541.24,1
CUST-11760,Erkek,34,Evet,Hayır,37,Aylık,Fiber,Yok,Var,Evet,Otomatik Ödeme,0,75.64,2786.88,0
CUST-11761,Erkek,78,Hayır,Hayır,26,Aylık,Yok,Yok,Var,Evet,Otomatik Ödeme,1,40.76,1015.76,0
CUST-11762,Erkek,18,Hayır,Hayır,29,Aylık,DSL,Yok,Yok,Evet,Posta Çeki,0,50.98,1448.76,1
CUST-11763,Erkek,36,Evet,Hayır,38,Aylık,DSL,Yok,Var,Evet,Otomatik Ödeme,4,57.58,2256.37,0
CUST-11764,Erkek,69,Evet,Hayır,32,Aylık,DSL,Yok,Var,Hayır,Posta Çeki,0,58.16,1917.68,0
CUST-11765,Erkek,25,Hayır,Evet,46,2 Yıllık,DSL,Var,Var,Evet,Posta Çeki,0,70.69,3319.43,0
CUST-11766,Kadın,23,Hayır,Hayır,72,1 Yıllık,DSL,Yok,Var,Evet,Otomatik Ödeme,2,47.98,3672.47,0
CUST-11767,Kadın,46,Hayır,Hayır,33,Aylık,Yok,Var,Yok,Hayır,Posta Çeki,4,28.9,958.11,0
CUST-11768,Erkek,55,Evet,Hayır,21,2 Yıllık,DSL,Var,Var,Evet,Otomatik Ödeme,2,71.15,1581.02,0
CUST-11769,Erkek,46,Evet,Hayır,28,1 Yıllık,Fiber,Var,Yok,Evet,Otomatik Ödeme,1,105.9,3056.05,0
CUST-11770,Kadın,24,Hayır,Hayır,10,Aylık,Yok,Yok,Yok,Evet,Elektronik Çek,1,32.72,313.18,0
CUST-11771,Erkek,67,Hayır,Hayır,30,2 Yıllık,DSL,Var,Yok,Evet,Otomatik Ödeme,2,44.89,1374.27,1
CUST-11772,Kadın,46,Hayır,Hayır,59,2 Yıllık,DSL,Yok,Yok,Evet,Elektronik Çek,0,61.53,3543.12,0
CUST-11773,Erkek,57,Hayır,Hayır,4,1 Yıllık,Fiber,Yok,Yok,Evet,Posta Çeki,2,79.52,318.38,1
CUST-11774,Kadın,40,Evet,Evet,5,Aylık,Fiber,Yok,Var,Evet,Otomatik Ödeme,2,94.51,493.29,1
CUST-11775,Erkek,77,Hayır,Evet,53,2 Yıllık,Fiber,Yok,Var,Hayır,Elektronik Çek,2,97.96,4995.58,0
CUST-11776,Erkek,43,Evet,Hayır,16,2 Yıllık,Fiber,Var,Yok,Hayır,Otomatik Ödeme,4,86.76,1333.21,0
CUST-11777,Kadın,27,Evet,Hayır,25,Aylık,Yok,Yok,Yok,Hayır,Elektronik Çek,1,25.54,628.18,1
CUST-11778,Kadın,53,Hayır,Hayır,38,Aylık,Fiber,Yok,Var,Hayır,Elektronik Çek,0,101.82,3700.82,1
CUST-11779,Kadın,39,Evet,Hayır,72,2 Yıllık,Fiber,Yok,Var,Evet,Otomatik Ödeme,2,102.49,7114.57,0
CUST-11780,Erkek,29,Evet,Hayır,52,1 Yıllık,Yok,Yok,Var,Hayır,Elektronik Çek,2,33.9,1725.08,0
CUST-11781,Erkek,29,Evet,Hayır,52,Aylık,Fiber,Yok,Yok,Evet,Otomatik Ödeme,3,91.04,5040.19,0
CUST-11782,Erkek,50,Hayır,Hayır,44,Aylık,Yok,Var,Yok,Hayır,Otomatik Ödeme,3,31.77,1402.88,0
CUST-11783,Erkek,42,Hayır,Hayır,14,Aylık,DSL,Var,Yok,Evet,Posta Çeki,1,42.41,605.59,0
CUST-11784,Kadın,18,Evet,Evet,38,2 Yıllık,Yok,Var,Var,Evet,Otomatik Ödeme,2,30.27,1218.58,0
CUST-11785,Erkek,24,Hayır,Hayır,71,Aylık,DSL,Yok,Yok,Evet,Otomatik Ödeme,1,60.34,4155.0,0
CUST-11786,Erkek,46,Evet,Evet,1,Aylık,Fiber,Yok,Var,Evet,Otomatik Ödeme,2,79.47,77.76,0
CUST-11787,Erkek,37,Evet,Hayır,4,Aylık,Yok,Var,Yok,Evet,Posta Çeki,1,59.7,233.82,1
CUST-11788,Erkek,57,Hayır,Evet,41,Aylık,DSL,Var,Yok,Evet,Elektronik Çek,2,59.83,2598.83,1
CUST-11789,Kadın,45,Evet,Hayır,10,2 Yıllık,Fiber,Yok,Yok,Evet,Otomatik Ödeme,2,82.36,871.75,1
CUST-11790,Kadın,29,Evet,Evet,22,Aylık,Fiber,Yok,Var,Hayır,Otomatik Ödeme,0,78.81,1839.84,1
CUST-11791,Erkek,61,Hayır,Hayır,34,Aylık,DSL,Yok,Yok,Evet,Otomatik Ödeme,1,52.73,1698.73,0
CUST-11792,Kadın,59,Hayır,Hayır,72,2 Yıllık,DSL,Var,Yok,Evet,Otomatik Ödeme,3,42.87,3215.31,0
CUST-11793,Erkek,46,Evet,Hayır,27,Aylık,Yok,Var,Var,Hayır,Elektronik Çek,1,25.31,676.1,0
CUST-11794,Erkek,33,Evet,Hayır,33,Aylık,Fiber,Yok,Yok,Evet,Otomatik Ödeme,1,86.69,2844.6,1
CUST-11795,Erkek,50,Hayır,Hayır,64,2 Yıllık,Fiber,Yok,Yok,Hayır,Otomatik Ödeme,2,81.71,4820.34,0
CUST-11796,Kadın,41,Hayır,Hayır,16,Aylık,DSL,Yok,Yok,Hayır,Otomatik Ödeme,1,61.05,932.23,1
CUST-11797,Kadın,69,Evet,Hayır,8,2 Yıllık,Fiber,Yok,Yok,Evet,Otomatik Ödeme,1,81.66,636.76,0
CUST-11798,Erkek,18,Hayır,Hayır,64,2 Yıllık,Fiber,Yok,Yok,Hayır,Otomatik Ödeme,1,72.22,4423.92,0
CUST-11799,Erkek,32,Hayır,Evet,3,Aylık,Fiber,Var,Yok,Evet,Otomatik Ödeme,4,85.26,266.97,1
CUST-11800,Kadın,46,Evet,Hayır,6,1 Yıllık,DSL,Var,Var,Evet,Elektronik Çek,3,54.7,329.94,0
CUST-11801,Erkek,41,Hayır,Hayır,9,Aylık,DSL,Yok,Yok,Evet,Otomatik Ödeme,1,75.38,727.92,0
CUST-11802,Erkek,27,Evet,Hayır,46,1 Yıllık,Yok,Var,Yok,Hayır,Elektronik Çek,0,25.01,1190.41,0
CUST-11803,Erkek,56,Evet,Hayır,47,Aylık,Yok,Var,Yok,Evet,Otomatik Ödeme,1,50.9,2534.95,0
CUST-11804,Kadın,43,Hayır,Hayır,40,Aylık,Fiber,Yok,Yok,Hayır,Elektronik Çek,1,80.8,3286.88,0
CUST-11805,Erkek,34,Hayır,Hayır,55,Aylık,Fiber,Yok,Yok,Evet,Posta Çeki,3,93.01,5047.61,1
CUST-11806,Kadın,71,Evet,Hayır,14,Aylık,DSL,Yok,Yok,Hayır,Elektronik Çek,3,56.17,769.25,0
CUST-11807,Erkek,58,Evet,Evet,23,Aylık,Fiber,Yok,Var,Hayır,Elektronik Çek,1,76.84,1632.64,0
CUST-11808,Erkek,38,Hayır,Hayır,17,2 Yıllık,Yok,Yok,Var,Evet,Posta Çeki,0,37.41,625.63,0
CUST-11809,Erkek,45,Hayır,Evet,28,2 Yıllık,Fiber,Yok,Yok,Hayır,Otomatik Ödeme,0,71.01,1854.9,1
CUST-11810,Kadın,25,Hayır,Evet,28,Aylık,Fiber,Yok,Yok,Evet,Otomatik Ödeme,0,82.68,2314.17,0
CUST-11811,Erkek,18,Hayır,Evet,10,1 Yıllık,Fiber,Var,Yok,Hayır,Otomatik Ödeme,0,90.7,858.77,0
CUST-11812,Kadın,35,Evet,Evet,35,Aylık,DSL,Var,Yok,Evet,Elektronik Çek,1,45.64,1662.56,0
CUST-11813,Kadın,47,Hayır,Evet,41,Aylık,DSL,Yok,Var,Evet,Posta Çeki,3,48.67,2081.26,1
CUST-11814,Erkek,71,Evet,Hayır,45,Aylık,Fiber,Yok,Yok,Evet,Otomatik Ödeme,3,67.21,2974.57,1
CUST-11815,Erkek,27,Evet,Evet,24,2 Yıllık,Yok,Yok,Yok,Evet,Elektronik Çek,3,33.29,855.91,0
CUST-11816,Kadın,24,Hayır,Hayır,32,Aylık,Yok,Var,Yok,Hayır,Posta Çeki,1,34.79,1142.72,1
CUST-11817,Erkek,51,Hayır,Hayır,22,Aylık,Yok,Var,Yok,Hayır,Elektronik Çek,3,18.0,403.07,0
CUST-11818,Kadın,53,Hayır,Hayır,5,2 Yıllık,Fiber,Var,Yok,Evet,Elektronik Çek,1,96.75,465.92,0
CUST-11819,Erkek,42,Evet,Hayır,59,Aylık,Fiber,Var,Var,Hayır,Otomatik Ödeme,2,74.32,4640.01,1
CUST-11820,Erkek,18,Evet,Hayır,60,1 Yıllık,DSL,Var,Yok,Evet,Posta Çeki,3,63.07,3737.31,0
CUST-11821,Kadın,47,Hayır,Evet,13,Aylık,DSL,Var,Yok,Evet,Otomatik Ödeme,0,51.98,668.92,0
CUST-11822,Kadın,50,Hayır,Evet,22,1 Yıllık,Yok,Var,Yok,Evet,Otomatik Ödeme,2,44.74,1004.41,0
CUST-11823,Kadın,24,Hayır,Evet,32,1 Yıllık,Fiber,Yok,Yok,Hayır,Elektronik Çek,1,94.79,2856.21,0
CUST-11824,Kadın,40,Evet,Hayır,37,2 Yıllık,Fiber,Yok,Var,Evet,Posta Çeki,0,103.23,3869.94,0
CUST-11825,Erkek,52,Hayır,Hayır,30,2 Yıllık,Yok,Var,Var,Evet,Otomatik Ödeme,1,37.67,1064.5,0
CUST-11826,Kadın,55,Hayır,Hayır,27,1 Yıllık,Yok,Var,Var,Evet,Posta Çeki,0,18.0,495.44,0
CUST-11827,Erkek,57,Hayır,Evet,33,2 Yıllık,Fiber,Yok,Yok,Evet,Elektronik Çek,1,99.15,3296.13,0
CUST-11828,Kadın,70,Evet,Hayır,7,Aylık,Yok,Yok,Var,Evet,Posta Çeki,1,29.37,212.56,1
CUST-11829,Erkek,25,Evet,Hayır,33,Aylık,Yok,Var,Var,Evet,Elektronik Çek,2,36.25,1119.7,1
CUST-11830,Erkek,50,Hayır,Hayır,23,Aylık,Fiber,Yok,Yok,Hayır,Elektronik Çek,2,79.16,1769.88,1
CUST-11831,Erkek,52,Evet,Hayır,72,Aylık,DSL,Var,Yok,Evet,Otomatik Ödeme,1,70.85,5402.31,0
CUST-11832,Kadın,56,Evet,Hayır,72,Aylık,Fiber,Yok,Yok,Hayır,Otomatik Ödeme,3,85.18,6316.09,0
CUST-11833,Kadın,53,Evet,Hayır,37,1 Yıllık,Fiber,Var,Yok,Hayır,Otomatik Ödeme,0,95.71,3639.08,1
CUST-11834,Erkek,39,Hayır,Hayır,21,1 Yıllık,DSL,Yok,Var,Evet,Elektronik Çek,0,37.95,836.12,0
CUST-11835,Erkek,47,Evet,Hayır,47,Aylık,Fiber,Yok,Yok,Hayır,Elektronik Çek,2,80.95,4013.13,1
CUST-11836,Erkek,59,Evet,Hayır,13,2 Yıllık,Yok,Yok,Var,Hayır,Posta Çeki,4,18.0,251.75,0
CUST-11837,Erkek,50,Hayır,Hayır,66,Aylık,Fiber,Var,Yok,Evet,Otomatik Ödeme,1,83.9,5647.45,0
CUST-11838,Erkek,27,Hayır,Hayır,22,Aylık,Fiber,Yok,Yok,Evet,Posta Çeki,2,105.49,2296.1,1
CUST-11839,Kadın,45,Hayır,Hayır,30,2 Yıllık,Fiber,Var,Yok,Evet,Elektronik Çek,4,79.86,2432.01,0
CUST-11840,Kadın,60,Hayır,Hayır,13,2 Yıllık,Yok,Yok,Yok,Hayır,Posta Çeki,3,47.93,634.08,1
CUST-11841,Erkek,42,Evet,Evet,15,1 Yıllık,Fiber,Var,Var,Evet,Otomatik Ödeme,1,96.8,1562.49,0
CUST-11842,Erkek,33,Hayır,Hayır,72,Aylık,Fiber,Yok,Yok,Evet,Elektronik Çek,2,97.27,7102.74,1
CUST-11843,Erkek,31,Hayır,Hayır,40,Aylık,Yok,Var,Yok,Hayır,Elektronik Çek,2,19.35,794.79,0
CUST-11844,Erkek,63,Evet,Hayır,22,2 Yıllık,Fiber,Var,Yok,Hayır,Elektronik Çek,0,70.81,1657.7,0
CUST-11845,Kadın,32,Hayır,Evet,54,Aylık,Fiber,Yok,Yok,Hayır,Elektronik Çek,1,84.52,4271.52,0
CUST-11846,Erkek,36,Evet,Hayır,24,1 Yıllık,DSL,Var,Yok,Evet,Elektronik Çek,1,72.76,1711.13,0
CUST-11847,Kadın,45,Hayır,Hayır,33,1 Yıllık,Yok,Yok,Yok,Evet,Otomatik Ödeme,1,18.0,636.07,0
CUST-11848,Kadın,41,Hayır,Evet,35,Aylık,Yok,Var,Var,Evet,Otomatik Ödeme,1,33.64,1235.94,0
CUST-11849,Kadın,36,Evet,Hayır,16,2 Yıllık,Yok,Yok,Yok,Evet,Otomatik Ödeme,0,39.97,631.67,0
CUST-11850,Kadın,51,Evet,Hayır,28,Aylık,Fiber,Var,Yok,Evet,Elektronik Çek,0,88.86,2624.05,0
CUST-11851,Erkek,54,Evet,Hayır,49,1 Yıllık,Fiber,Yok,Yok,Hayır,Otomatik Ödeme,3,81.75,4123.84,0
CUST-11852,Kadın,34,Evet,Evet,38,1 Yıllık,Fiber,Yok,Yok,Evet,Otomatik Ödeme,0,93.18,3558.13,0
CUST-11853,Kadın,50,Evet,Hayır,8,Aylık,DSL,Yok,Yok,Evet,Otomatik Ödeme,1,68.97,572.38,0
CUST-11854,Erkek,18,Hayır,Hayır,22,Aylık,Yok,Var,Yok,Evet,Elektronik Çek,1,32.5,730.63,1
CUST-11855,Kadın,38,Evet,Hayır,72,1 Yıllık,Fiber,Var,Yok,Hayır,Elektronik Çek,1,91.25,6412.17,0
CUST-11856,Kadın,67,Hayır,Evet,13,Aylık,Fiber,Yok,Yok,Evet,Otomatik Ödeme,1,73.97,1014.01,1
CUST-11857,Erkek,85,Evet,Evet,17,Aylık,Yok,Var,Yok,Hayır,Elektronik Çek,0,41.04,746.34,0
CUST-11858,Erkek,43,Hayır,Evet,29,2 Yıllık,Fiber,Yok,Var,Hayır,Elektronik Çek,2,100.87,3087.3,0
CUST-11859,Erkek,36,Evet,Evet,9,2 Yıllık,DSL,Var,Yok,Hayır,Posta Çeki,2,76.24,667.11,0
CUST-11860,Erkek,67,Evet,Hayır,5,Aylık,Fiber,Var,Yok,Evet,Posta Çeki,0,72.82,382.47,1
CUST-11861,Kadın,67,Hayır,Hayır,64,2 Yıllık,Yok,Var,Yok,Hayır,Otomatik Ödeme,1,40.46,2726.7,0
CUST-11862,Erkek,70,Hayır,Hayır,6,Aylık,Fiber,Yok,Yok,Evet,Otomatik Ödeme,1,67.47,378.82,0
CUST-11863,Kadın,60,Hayır,Hayır,56,Aylık,DSL,Var,Yok,Evet,Posta Çeki,1,35.66,2011.4,0
CUST-11864,Erkek,38,Hayır,Evet,32,2 Yıllık,Yok,Yok,Var,Hayır,Elektronik Çek,1,18.0,612.53,0
CUST-11865,Erkek,53,Evet,Evet,35,Aylık,DSL,Yok,Yok,Evet,Otomatik Ödeme,2,57.0,2082.47,0
CUST-11866,Kadın,46,Hayır,Evet,72,1 Yıllık,Yok,Yok,Var,Evet,Otomatik Ödeme,0,45.41,3349.21,0
CUST-11867,Erkek,32,Hayır,Hayır,11,2 Yıllık,Fiber,Yok,Yok,Evet,Otomatik Ödeme,4,97.16,1002.07,0
CUST-11868,Erkek,39,Evet,Evet,7,Aylık,DSL,Var,Yok,Evet,Otomatik Ödeme,0,60.99,397.1,0
CUST-11869,Erkek,33,Evet,Hayır,56,Aylık,DSL,Yok,Yok,Hayır,Otomatik Ödeme,3,54.69,2818.4,0
CUST-11870,Kadın,51,Evet,Hayır,57,2 Yıllık,Fiber,Yok,Yok,Hayır,Otomatik Ödeme,2,89.58,4922.8,0
CUST-11871,Kadın,53,Hayır,Hayır,36,1 Yıllık,DSL,Var,Yok,Hayır,Posta Çeki,4,54.27,1925.76,0
CUST-11872,Erkek,32,Hayır,Hayır,14,2 Yıllık,Fiber,Var,Var,Hayır,Otomatik Ödeme,1,60.23,817.19,0
CUST-11873,Erkek,33,Hayır,Hayır,9,Aylık,Fiber,Yok,Yok,Evet,Otomatik Ödeme,2,76.7,687.92,0
CUST-11874,Erkek,27,Evet,Hayır,23,1 Yıllık,Fiber,Yok,Yok,Evet,Otomatik Ödeme,1,71.82,1770.1,1
CUST-11875,Kadın,36,Evet,Hayır,36,2 Yıllık,Yok,Yok,Var,Evet,Elektronik Çek,0,42.93,1644.65,0
CUST-11876,Erkek,38,Evet,Hayır,10,Aylık,Yok,Yok,Yok,Hayır,Elektronik Çek,0,23.66,254.93,1
CUST-11877,Kadın,49,Hayır,Hayır,55,Aylık,Fiber,Yok,Yok,Evet,Posta Çeki,0,96.47,5582.56,1
CUST-11878,Erkek,60,Evet,Evet,17,Aylık,Fiber,Yok,Yok,Evet,Elektronik Çek,2,102.0,1662.64,1
CUST-11879,Erkek,33,Evet,Evet,22,Aylık,Fiber,Yok,Yok,Hayır,Otomatik Ödeme,1,77.38,1773.59,0
CUST-11880,Kadın,55,Evet,Hayır,55,Aylık,Fiber,Var,Yok,Evet,Elektronik Çek,2,81.22,4190.15,0
CUST-11881,Erkek,42,Hayır,Hayır,20,Aylık,Fiber,Yok,Yok,Hayır,Otomatik Ödeme,0,59.99,1242.75,1
CUST-11882,Kadın,36,Evet,Hayır,53,Aylık,Yok,Var,Yok,Evet,Elektronik Çek,2,22.75,1202.16,0
CUST-11883,Erkek,64,Evet,Hayır,32,1 Yıllık,Fiber,Yok,Yok,Evet,Posta Çeki,1,87.28,2773.53,0
CUST-11884,Erkek,55,Evet,Hayır,15,Aylık,Fiber,Yok,Var,Hayır,Otomatik Ödeme,2,84.46,1255.36,1
CUST-11885,Erkek,39,Hayır,Hayır,17,Aylık,Fiber,Var,Var,Evet,Otomatik Ödeme,1,78.9,1310.26,0
CUST-11886,Kadın,28,Hayır,Evet,38,Aylık,Fiber,Var,Yok,Evet,Posta Çeki,1,96.73,3725.36,0
CUST-11887,Kadın,53,Hayır,Evet,45,Aylık,Fiber,Var,Yok,Evet,Posta Çeki,1,85.26,3559.88,1
CUST-11888,Erkek,37,Hayır,Hayır,46,1 Yıllık,Fiber,Var,Yok,Hayır,Posta Çeki,0,79.85,3919.1,0
CUST-11889,Kadın,53,Hayır,Hayır,61,Aylık,Yok,Var,Yok,Hayır,Elektronik Çek,4,18.0,1104.53,0
CUST-11890,Erkek,46,Hayır,Hayır,45,1 Yıllık,Yok,Yok,Var,Evet,Elektronik Çek,0,21.44,948.04,0
CUST-11891,Erkek,25,Evet,Hayır,41,Aylık,Fiber,Yok,Yok,Evet,Posta Çeki,3,76.22,2976.39,1
CUST-11892,Erkek,43,Hayır,Hayır,23,Aylık,Fiber,Var,Var,Hayır,Otomatik Ödeme,0,64.95,1457.29,1
CUST-11893,Kadın,45,Hayır,Evet,27,2 Yıllık,Fiber,Var,Yok,Hayır,Elektronik Çek,2,99.8,2794.58,0
CUST-11894,Erkek,24,Evet,Hayır,12,Aylık,Fiber,Yok,Var,Evet,Elektronik Çek,2,102.12,1237.23,0
CUST-11895,Erkek,41,Evet,Hayır,18,Aylık,Yok,Yok,Yok,Evet,Otomatik Ödeme,0,21.89,367.87,1
CUST-11896,Erkek,68,Hayır,Hayır,28,1 Yıllık,Fiber,Var,Yok,Evet,Otomatik Ödeme,2,100.34,2844.53,0
CUST-11897,Kadın,52,Evet,Evet,21,Aylık,Fiber,Yok,Yok,Evet,Elektronik Çek,2,79.01,1783.6,1
CUST-11898,Kadın,30,Evet,Hayır,5,2 Yıllık,Yok,Yok,Var,Evet,Otomatik Ödeme,0,32.99,171.04,0
CUST-11899,Kadın,45,Hayır,Evet,10,Aylık,Yok,Yok,Yok,Evet,Posta Çeki,1,56.96,606.95,1
CUST-11900,Erkek,58,Evet,Hayır,68,Aylık,Yok,Var,Yok,Hayır,Otomatik Ödeme,3,23.28,1501.12,1
CUST-11901,Kadın,39,Evet,Hayır,9,1 Yıllık,DSL,Yok,Yok,Hayır,Elektronik Çek,1,48.41,442.7,1
CUST-11902,Kadın,35,Hayır,Hayır,61,1 Yıllık,Fiber,Yok,Yok,Evet,Posta Çeki,0,111.72,7117.13,0
CUST-11903,Erkek,43,Hayır,Hayır,35,1 Yıllık,Fiber,Yok,Yok,Evet,Otomatik Ödeme,0,85.45,3195.75,0
CUST-11904,Erkek,19,Hayır,Hayır,41,2 Yıllık,Yok,Yok,Yok,Hayır,Posta Çeki,1,33.96,1283.53,0
CUST-11905,Kadın,27,Evet,Evet,42,Aylık,Fiber,Yok,Yok,Evet,Posta Çeki,2,73.65,3006.44,1
CUST-11906,Erkek,71,Evet,Hayır,20,Aylık,Yok,Yok,Yok,Hayır,Otomatik Ödeme,1,34.49,698.16,0
CUST-11907,Erkek,38,Evet,Hayır,15,1 Yıllık,Yok,Yok,Var,Evet,Elektronik Çek,2,44.95,694.61,1
CUST-11908,Kadın,42,Hayır,Hayır,19,2 Yıllık,Yok,Yok,Var,Evet,Elektronik Çek,0,18.0,317.89,0
CUST-11909,Kadın,47,Evet,Evet,44,1 Yıllık,Yok,Yok,Yok,Evet,Elektronik Çek,1,27.91,1311.63,0
CUST-11910,Kadın,36,Evet,Evet,11,1 Yıllık,Fiber,Var,Yok,Evet,Otomatik Ödeme,0,108.89,1140.69,0
CUST-11911,Kadın,40,Hayır,Hayır,29,Aylık,Yok,Yok,Yok,Evet,Otomatik Ödeme,3,44.98,1343.18,0
CUST-11912,Erkek,63,Evet,Hayır,34,Aylık,Fiber,Yok,Yok,Evet,Otomatik Ödeme,0,87.82,3010.47,0
CUST-11913,Erkek,35,Evet,Evet,39,Aylık,Yok,Var,Yok,Evet,Posta Çeki,1,34.38,1317.62,0
CUST-11914,Erkek,61,Hayır,Hayır,36,2 Yıllık,Fiber,Yok,Yok,Evet,Otomatik Ödeme,1,90.86,3507.33,0
CUST-11915,Erkek,30,Evet,Hayır,9,2 Yıllık,Yok,Yok,Yok,Hayır,Posta Çeki,3,24.56,208.17,0
CUST-11916,Erkek,56,Evet,Hayır,72,1 Yıllık,Fiber,Yok,Yok,Evet,Otomatik Ödeme,5,82.43,6007.14,0
CUST-11917,Erkek,44,Evet,Hayır,17,2 Yıllık,DSL,Var,Yok,Hayır,Otomatik Ödeme,2,75.44,1378.93,0
CUST-11918,Erkek,45,Hayır,Evet,44,Aylık,Fiber,Yok,Yok,Evet,Otomatik Ödeme,1,67.83,2797.32,0
CUST-11919,Erkek,42,Evet,Hayır,26,1 Yıllık,Fiber,Var,Var,Hayır,Otomatik Ödeme,1,83.35,2132.24,0
CUST-11920,Erkek,44,Hayır,Hayır,24,Aylık,Fiber,Yok,Yok,Hayır,Elektronik Çek,0,105.35,2562.22,1
CUST-11921,Kadın,49,Evet,Hayır,18,1 Yıllık,Fiber,Yok,Var,Hayır,Posta Çeki,1,78.63,1407.41,0
CUST-11922,Erkek,37,Hayır,Evet,69,Aylık,Fiber,Yok,Yok,Evet,Otomatik Ödeme,0,94.52,6052.74,0
CUST-11923,Erkek,35,Hayır,Hayır,21,Aylık,DSL,Yok,Yok,Evet,Elektronik Çek,2,56.52,1203.37,1
CUST-11924,Erkek,46,Hayır,Evet,10,2 Yıllık,Fiber,Yok,Yok,Evet,Otomatik Ödeme,1,79.28,808.91,0
CUST-11925,Kadın,41,Hayır,Evet,9,Aylık,DSL,Var,Yok,Evet,Otomatik Ödeme,2,70.37,594.16,0
CUST-11926,Kadın,56,Evet,Hayır,17,Aylık,Fiber,Var,Yok,Evet,Elektronik Çek,0,85.21,1448.25,1
CUST-11927,Erkek,70,Evet,Hayır,54,Aylık,Fiber,Yok,Var,Hayır,Otomatik Ödeme,3,71.94,3869.22,0
CUST-11928,Erkek,51,Hayır,Hayır,21,2 Yıllık,DSL,Yok,Yok,Evet,Otomatik Ödeme,3,54.13,1055.87,0
CUST-11929,Erkek,31,Hayır,Hayır,29,Aylık,DSL,Yok,Yok,Evet,Otomatik Ödeme,2,60.9,1795.46,1
CUST-11930,Kadın,33,Evet,Hayır,56,2 Yıllık,Yok,Var,Var,Hayır,Otomatik Ödeme,2,35.31,2115.76,0
CUST-11931,Kadın,45,Evet,Hayır,47,Aylık,Yok,Var,Yok,Evet,Otomatik Ödeme,3,33.02,1441.34,1
CUST-11932,Kadın,58,Evet,Hayır,50,Aylık,DSL,Yok,Var,Hayır,Posta Çeki,0,43.5,2166.94,0
CUST-11933,Erkek,51,Hayır,Hayır,42,Aylık,Fiber,Yok,Var,Evet,Otomatik Ödeme,1,69.73,2987.31,0
CUST-11934,Erkek,42,Hayır,Hayır,29,1 Yıllık,Fiber,Yok,Var,Evet,Otomatik Ödeme,3,81.02,2304.54,0
CUST-11935,Kadın,46,Hayır,Hayır,33,2 Yıllık,Fiber,Yok,Yok,Hayır,Elektronik Çek,3,101.37,3427.15,0
CUST-11936,Erkek,61,Evet,Hayır,39,2 Yıllık,Fiber,Yok,Yok,Hayır,Elektronik Çek,2,64.73,2631.83,0
CUST-11937,Erkek,18,Hayır,Hayır,33,Aylık,DSL,Var,Var,Hayır,Elektronik Çek,2,56.31,1918.77,0
CUST-11938,Erkek,53,Evet,Hayır,30,1 Yıllık,DSL,Yok,Yok,Evet,Otomatik Ödeme,3,51.12,1548.39,0
CUST-11939,Erkek,26,Evet,Evet,19,1 Yıllık,DSL,Yok,Yok,Hayır,Otomatik Ödeme,2,62.12,1133.65,0
CUST-11940,Kadın,18,Hayır,Evet,14,Aylık,Fiber,Var,Yok,Hayır,Otomatik Ödeme,2,75.1,998.08,0
CUST-11941,Erkek,37,Evet,Evet,23,1 Yıllık,DSL,Yok,Yok,Hayır,Otomatik Ödeme,0,58.22,1439.38,0
CUST-11942,Erkek,37,Hayır,Evet,15,2 Yıllık,DSL,Yok,Var,Evet,Posta Çeki,0,53.25,800.42,0
CUST-11943,Erkek,34,Evet,Evet,8,Aylık,Yok,Yok,Yok,Hayır,Otomatik Ödeme,2,23.33,195.68,1
CUST-11944,Kadın,53,Hayır,Hayır,51,2 Yıllık,DSL,Yok,Yok,Evet,Posta Çeki,2,59.25,2901.05,0
CUST-11945,Kadın,18,Hayır,Hayır,12,Aylık,Yok,Var,Yok,Evet,Posta Çeki,3,33.98,407.24,1
CUST-11946,Kadın,41,Hayır,Hayır,49,Aylık,Yok,Yok,Yok,Evet,Posta Çeki,1,32.6,1673.22,0
CUST-11947,Erkek,19,Evet,Hayır,41,1 Yıllık,Fiber,Var,Yok,Hayır,Otomatik Ödeme,0,83.18,3486.04,0
CUST-11948,Erkek,18,Evet,Evet,28,Aylık,Fiber,Var,Var,Hayır,Otomatik Ödeme,1,86.97,2500.23,0
CUST-11949,Erkek,50,Hayır,Hayır,72,1 Yıllık,Yok,Var,Var,Evet,Elektronik Çek,0,27.85,1889.36,0
CUST-11950,Erkek,70,Hayır,Evet,8,Aylık,Fiber,Yok,Yok,Hayır,Otomatik Ödeme,0,90.38,732.87,1
CUST-11951,Erkek,32,Evet,Hayır,29,Aylık,DSL,Var,Var,Hayır,Posta Çeki,2,56.58,1609.99,0
CUST-11952,Kadın,50,Evet,Evet,64,1 Yıllık,Yok,Yok,Var,Hayır,Otomatik Ödeme,3,18.62,1268.37,0
CUST-11953,Kadın,40,Evet,Hayır,35,1 Yıllık,DSL,Yok,Var,Evet,Otomatik Ödeme,3,37.61,1298.13,0
CUST-11954,Erkek,47,Hayır,Evet,15,Aylık,Fiber,Var,Yok,Evet,Otomatik Ödeme,0,97.62,1478.06,0
CUST-11955,Kadın,37,Evet,Hayır,9,Aylık,Fiber,Yok,Yok,Evet,Otomatik Ödeme,2,61.21,576.77,1
CUST-11956,Erkek,51,Evet,Hayır,29,1 Yıllık,DSL,Yok,Yok,Evet,Posta Çeki,3,50.97,1415.71,1
CUST-11957,Kadın,57,Evet,Hayır,8,2 Yıllık,Yok,Yok,Yok,Hayır,Otomatik Ödeme,4,20.98,162.99,0
CUST-11958,Erkek,43,Hayır,Evet,47,2 Yıllık,Yok,Yok,Yok,Hayır,Otomatik Ödeme,0,23.24,1157.73,0
CUST-11959,Erkek,30,Evet,Hayır,41,Aylık,Fiber,Yok,Yok,Evet,Otomatik Ödeme,3,92.71,3560.67,1
CUST-11960,Erkek,18,Hayır,Hayır,3,Aylık,Fiber,Yok,Yok,Hayır,Elektronik Çek,2,93.65,274.87,1
CUST-11961,Erkek,41,Hayır,Hayır,19,Aylık,DSL,Var,Yok,Evet,Posta Çeki,1,70.91,1340.07,0
CUST-11962,Erkek,33,Evet,Hayır,65,Aylık,Fiber,Yok,Yok,Evet,Posta Çeki,0,81.71,5173.19,0
CUST-11963,Erkek,55,Evet,Hayır,45,Aylık,DSL,Yok,Yok,Evet,Otomatik Ödeme,0,49.13,2078.32,1
CUST-11964,Erkek,45,Hayır,Hayır,12,Aylık,DSL,Yok,Yok,Hayır,Elektronik Çek,2,56.81,681.16,1
CUST-11965,Erkek,67,Hayır,Hayır,10,Aylık,Fiber,Yok,Yok,Hayır,Elektronik Çek,0,99.66,1071.94,1
CUST-11966,Erkek,29,Hayır,Hayır,10,Aylık,Fiber,Yok,Yok,Evet,Posta Çeki,0,91.58,967.2,1
CUST-11967,Erkek,57,Hayır,Evet,14,Aylık,Fiber,Yok,Var,Evet,Elektronik Çek,4,50.35,757.37,1
CUST-11968,Kadın,48,Evet,Hayır,38,Aylık,DSL,Yok,Yok,Evet,Elektronik Çek,2,37.04,1357.17,0
CUST-11969,Kadın,30,Hayır,Hayır,32,1 Yıllık,DSL,Yok,Yok,Evet,Posta Çeki,0,55.56,1804.05,0
CUST-11970,Erkek,19,Hayır,Hayır,66,1 Yıllık,DSL,Var,Var,Hayır,Elektronik Çek,1,59.73,3800.92,0
CUST-11971,Erkek,32,Hayır,Evet,37,2 Yıllık,Fiber,Yok,Yok,Evet,Otomatik Ödeme,1,105.89,4056.36,0
CUST-11972,Erkek,18,Hayır,Hayır,53,2 Yıllık,Yok,Var,Yok,Evet,Posta Çeki,1,18.0,1007.36,0
CUST-11973,Kadın,45,Hayır,Hayır,24,1 Yıllık,Fiber,Yok,Var,Hayır,Elektronik Çek,1,76.49,1980.93,0
CUST-11974,Kadın,26,Evet,Hayır,19,2 Yıllık,DSL,Var,Yok,Hayır,Posta Çeki,3,70.07,1331.48,0
CUST-11975,Kadın,60,Hayır,Evet,15,Aylık,DSL,Yok,Var,Hayır,Posta Çeki,0,49.0,759.26,0
CUST-11976,Erkek,49,Evet,Hayır,10,1 Yıllık,DSL,Yok,Var,Hayır,Otomatik Ödeme,2,56.8,522.93,1
CUST-11977,Kadın,50,Hayır,Hayır,72,Aylık,Yok,Yok,Yok,Hayır,Posta Çeki,1,46.12,3308.4,1
CUST-11978,Erkek,48,Hayır,Hayır,13,Aylık,Fiber,Yok,Var,Evet,Otomatik Ödeme,3,83.64,1038.27,1
CUST-11979,Kadın,42,Hayır,Evet,55,2 Yıllık,DSL,Var,Var,Hayır,Elektronik Çek,2,57.11,3333.75,0
CUST-11980,Erkek,57,Hayır,Evet,20,1 Yıllık,Yok,Yok,Yok,Hayır,Posta Çeki,2,25.95,536.41,0
CUST-11981,Kadın,57,Hayır,Hayır,39,Aylık,DSL,Var,Yok,Evet,Elektronik Çek,2,56.64,2284.81,0
CUST-11982,Erkek,34,Hayır,Hayır,41,1 Yıllık,Yok,Yok,Var,Hayır,Otomatik Ödeme,2,41.46,1815.25,0
CUST-11983,Erkek,29,Evet,Hayır,62,Aylık,Fiber,Yok,Var,Evet,Otomatik Ödeme,0,77.51,4944.58,1
CUST-11984,Kadın,28,Evet,Evet,16,2 Yıllık,Fiber,Yok,Yok,Evet,Elektronik Çek,1,95.36,1418.03,0
CUST-11985,Erkek,30,Evet,Hayır,32,Aylık,Yok,Yok,Var,Evet,Otomatik Ödeme,2,54.21,1821.58,0
CUST-11986,Kadın,44,Hayır,Evet,20,Aylık,Fiber,Yok,Yok,Hayır,Otomatik Ödeme,0,69.68,1438.83,0
CUST-11987,Erkek,28,Hayır,Evet,42,Aylık,DSL,Var,Yok,Evet,Otomatik Ödeme,0,55.26,2224.58,0
CUST-11988,Erkek,51,Evet,Evet,58,Aylık,DSL,Yok,Var,Hayır,Otomatik Ödeme,5,49.03,3039.85,0
CUST-11989,Kadın,46,Evet,Hayır,13,2 Yıllık,Yok,Yok,Yok,Evet,Elektronik Çek,1,42.81,523.24,0
CUST-11990,Kadın,33,Evet,Evet,47,Aylık,Fiber,Var,Var,Hayır,Otomatik Ödeme,2,78.5,3438.88,0
CUST-11991,Kadın,28,Hayır,Evet,21,Aylık,Fiber,Yok,Yok,Evet,Otomatik Ödeme,3,83.5,1676.35,1
CUST-11992,Kadın,30,Hayır,Evet,6,Aylık,DSL,Yok,Yok,Evet,Posta Çeki,1,53.03,311.51,0
CUST-11993,Erkek,49,Evet,Evet,13,1 Yıllık,Yok,Var,Var,Hayır,Otomatik Ödeme,1,40.56,500.19,0
CUST-11994,Erkek,40,Evet,Hayır,38,1 Yıllık,Fiber,Yok,Yok,Evet,Otomatik Ödeme,1,100.23,3765.64,0
CUST-11995,Kadın,53,Evet,Hayır,31,Aylık,Fiber,Yok,Yok,Evet,Otomatik Ödeme,1,79.97,2316.26,0
CUST-11996,Erkek,55,Evet,Hayır,15,Aylık,Fiber,Yok,Var,Hayır,Posta Çeki,3,81.23,1241.34,0
CUST-11997,Kadın,49,Hayır,Hayır,21,2 Yıllık,DSL,Yok,Yok,Evet,Elektronik Çek,1,55.61,1186.37,0
CUST-11998,Erkek,38,Hayır,Hayır,29,Aylık,Fiber,Var,Yok,Hayır,Elektronik Çek,3,86.16,2690.26,1
CUST-11999,Kadın,34,Evet,Evet,47,Aylık,DSL,Yok,Var,Hayır,Otomatik Ödeme,2,47.2,2302.64,0
CUST-12000,Kadın,42,Hayır,Evet,12,Aylık,Yok,Yok,Var,Evet,Otomatik Ödeme,0,18.0,209.11,0
CUST-12001,Kadın,48,Evet,Evet,11,Aylık,Yok,Yok,Var,Evet,Elektronik Çek,1,18.0,193.38,0
CUST-12002,Erkek,21,Hayır,Hayır,53,2 Yıllık,Fiber,Yok,Yok,Evet,Elektronik Çek,2,93.43,4691.38,0
CUST-12003,Kadın,52,Hayır,Evet,22,1 Yıllık,Fiber,Var,Var,Evet,Otomatik Ödeme,2,85.56,1984.19,0
CUST-12004,Kadın,49,Hayır,Hayır,11,Aylık,Fiber,Yok,Yok,Evet,Elektronik Çek,1,90.87,1005.43,1
CUST-12005,Erkek,48,Evet,Evet,58,Aylık,DSL,Yok,Yok,Evet,Otomatik Ödeme,1,49.28,2849.32,0
CUST-12006,Kadın,60,Evet,Hayır,36,1 Yıllık,Yok,Var,Yok,Hayır,Otomatik Ödeme,1,38.69,1487.97,0
CUST-12007,Kadın,31,Evet,Hayır,16,1 Yıllık,Fiber,Yok,Yok,Hayır,Otomatik Ödeme,0,90.33,1404.61,1
CUST-12008,Kadın,42,Evet,Hayır,25,Aylık,DSL,Var,Var,Evet,Otomatik Ödeme,0,77.42,2007.8,0
CUST-12009,Kadın,43,Hayır,Evet,28,Aylık,Fiber,Yok,Var,Hayır,Posta Çeki,0,95.95,2761.72,1
CUST-12010,Kadın,30,Hayır,Hayır,11,Aylık,Fiber,Var,Var,Evet,Posta Çeki,1,70.07,803.98,0
CUST-12011,Kadın,42,Hayır,Hayır,13,1 Yıllık,DSL,Var,Yok,Evet,Otomatik Ödeme,1,54.8,714.79,0
CUST-12012,Erkek,67,Evet,Hayır,66,1 Yıllık,Yok,Yok,Yok,Hayır,Elektronik Çek,0,18.0,1163.61,0
CUST-12013,Erkek,50,Evet,Hayır,34,1 Yıllık,Fiber,Var,Var,Evet,Posta Çeki,2,88.72,2825.53,0
CUST-12014,Kadın,24,Hayır,Hayır,30,Aylık,DSL,Yok,Yok,Hayır,Otomatik Ödeme,2,35.02,1028.46,0
CUST-12015,Kadın,31,Hayır,Hayır,30,2 Yıllık,Yok,Yok,Yok,Hayır,Otomatik Ödeme,1,39.35,1112.61,0
CUST-12016,Kadın,23,Hayır,Hayır,22,Aylık,DSL,Yok,Var,Hayır,Posta Çeki,1,64.79,1418.93,1
CUST-12017,Kadın,55,Evet,Hayır,27,2 Yıllık,Yok,Yok,Yok,Hayır,Otomatik Ödeme,1,35.91,948.8,0
CUST-12018,Erkek,49,Hayır,Hayır,52,1 Yıllık,Fiber,Yok,Yok,Hayır,Elektronik Çek,1,56.2,2882.96,1
CUST-12019,Erkek,72,Hayır,Evet,21,Aylık,Fiber,Var,Var,Hayır,Posta Çeki,1,80.9,1787.12,1
CUST-12020,Erkek,46,Evet,Hayır,42,1 Yıllık,Fiber,Var,Yok,Evet,Otomatik Ödeme,0,75.44,3010.54,0
CUST-12021,Kadın,32,Hayır,Hayır,5,1 Yıllık,DSL,Var,Yok,Evet,Otomatik Ödeme,2,74.5,356.57,0
CUST-12022,Kadın,32,Hayır,Hayır,26,1 Yıllık,DSL,Yok,Var,Evet,Otomatik Ödeme,0,49.15,1221.29,0
CUST-12023,Erkek,22,Evet,Evet,43,Aylık,Fiber,Var,Yok,Evet,Otomatik Ödeme,2,90.63,3833.67,1
CUST-12024,Erkek,60,Hayır,Evet,32,1 Yıllık,Fiber,Yok,Var,Evet,Elektronik Çek,1,79.69,2681.67,0
CUST-12025,Kadın,61,Evet,Evet,15,Aylık,Fiber,Yok,Yok,Hayır,Otomatik Ödeme,0,88.43,1301.6,1
CUST-12026,Kadın,60,Hayır,Evet,38,Aylık,Fiber,Yok,Yok,Evet,Otomatik Ödeme,0,91.08,3542.21,0
CUST-12027,Kadın,67,Hayır,Hayır,69,Aylık,Fiber,Yok,Yok,Evet,Otomatik Ödeme,0,83.7,5857.92,1
CUST-12028,Kadın,41,Hayır,Evet,3,Aylık,DSL,Yok,Yok,Evet,Otomatik Ödeme,1,53.62,153.64,0
CUST-12029,Kadın,42,Hayır,Evet,31,Aylık,Fiber,Yok,Var,Evet,Otomatik Ödeme,1,69.73,2272.99,0
CUST-12030,Kadın,46,Evet,Hayır,29,1 Yıllık,Yok,Yok,Yok,Evet,Posta Çeki,3,53.72,1481.79,1
CUST-12031,Erkek,42,Hayır,Evet,31,Aylık,Yok,Var,Yok,Evet,Posta Çeki,2,43.16,1429.43,1
CUST-12032,Erkek,55,Hayır,Evet,11,Aylık,Yok,Yok,Yok,Hayır,Elektronik Çek,1,35.64,369.01,1
CUST-12033,Kadın,48,Evet,Hayır,62,2 Yıllık,Yok,Var,Var,Hayır,Posta Çeki,5,26.06,1487.78,0
CUST-12034,Erkek,58,Hayır,Hayır,12,Aylık,Yok,Var,Yok,Hayır,Otomatik Ödeme,1,31.5,361.46,0
CUST-12035,Kadın,33,Hayır,Evet,26,Aylık,DSL,Var,Yok,Evet,Posta Çeki,1,71.38,1999.06,0
CUST-12036,Kadın,52,Evet,Evet,42,Aylık,Fiber,Yok,Yok,Evet,Otomatik Ödeme,1,74.67,3051.01,0
CUST-12037,Erkek,24,Evet,Hayır,47,Aylık,Fiber,Yok,Yok,Hayır,Elektronik Çek,0,70.78,3175.03,0
CUST-12038,Kadın,41,Hayır,Evet,69,Aylık,Fiber,Var,Var,Hayır,Posta Çeki,0,82.2,5839.02,0
CUST-12039,Erkek,22,Hayır,Hayır,12,1 Yıllık,Fiber,Var,Yok,Evet,Otomatik Ödeme,5,85.49,1010.75,0
CUST-12040,Erkek,50,Hayır,Hayır,16,Aylık,Yok,Var,Yok,Evet,Otomatik Ödeme,0,23.11,353.43,0
CUST-12041,Erkek,52,Evet,Hayır,45,2 Yıllık,DSL,Yok,Yok,Hayır,Elektronik Çek,3,46.18,1959.68,0
CUST-12042,Erkek,47,Evet,Hayır,40,2 Yıllık,Yok,Yok,Var,Evet,Posta Çeki,0,36.07,1531.46,0
CUST-12043,Kadın,35,Evet,Evet,26,Aylık,Yok,Var,Yok,Hayır,Posta Çeki,0,20.41,536.54,1
CUST-12044,Erkek,21,Evet,Hayır,2,Aylık,Yok,Yok,Var,Evet,Otomatik Ödeme,1,36.21,77.49,1
CUST-12045,Kadın,49,Hayır,Hayır,26,Aylık,Fiber,Yok,Yok,Evet,Elektronik Çek,2,91.38,2380.52,1
CUST-12046,Kadın,47,Evet,Hayır,24,Aylık,Fiber,Yok,Yok,Hayır,Posta Çeki,1,76.82,1835.91,1
CUST-12047,Kadın,44,Evet,Hayır,22,Aylık,Fiber,Yok,Var,Evet,Elektronik Çek,0,72.34,1640.23,1
CUST-12048,Kadın,18,Hayır,Hayır,6,2 Yıllık,Yok,Yok,Var,Hayır,Otomatik Ödeme,2,20.83,125.48,0
CUST-12049,Erkek,27,Evet,Hayır,60,Aylık,Fiber,Yok,Var,Evet,Elektronik Çek,1,78.14,4332.88,1
CUST-12050,Kadın,44,Hayır,Evet,8,1 Yıllık,DSL,Yok,Yok,Hayır,Otomatik Ödeme,2,50.07,393.35,0
CUST-12051,Kadın,51,Hayır,Hayır,37,1 Yıllık,Fiber,Yok,Var,Hayır,Posta Çeki,0,65.38,2499.52,1
CUST-12052,Erkek,50,Evet,Hayır,16,Aylık,Yok,Yok,Yok,Evet,Otomatik Ödeme,2,18.0,265.53,0
CUST-12053,Erkek,56,Evet,Hayır,58,Aylık,Yok,Var,Yok,Evet,Otomatik Ödeme,1,43.3,2412.32,0
CUST-12054,Kadın,58,Evet,Hayır,15,1 Yıllık,Fiber,Yok,Yok,Hayır,Otomatik Ödeme,1,79.53,1266.37,1
CUST-12055,Erkek,31,Evet,Hayır,15,1 Yıllık,DSL,Yok,Yok,Evet,Otomatik Ödeme,1,82.11,1240.39,1
CUST-12056,Erkek,41,Hayır,Hayır,49,Aylık,Yok,Yok,Yok,Hayır,Otomatik Ödeme,4,26.59,1200.12,0
CUST-12057,Erkek,41,Evet,Hayır,12,2 Yıllık,Fiber,Var,Yok,Evet,Elektronik Çek,0,88.65,1118.71,0
CUST-12058,Kadın,18,Evet,Evet,42,Aylık,DSL,Yok,Var,Hayır,Otomatik Ödeme,0,60.11,2624.44,0
CUST-12059,Erkek,25,Evet,Evet,19,Aylık,Fiber,Var,Var,Hayır,Elektronik Çek,2,98.26,1895.55,1
CUST-12060,Erkek,45,Hayır,Evet,25,Aylık,Fiber,Var,Yok,Evet,Otomatik Ödeme,2,94.89,2406.76,1
CUST-12061,Kadın,51,Hayır,Hayır,53,1 Yıllık,DSL,Var,Yok,Evet,Otomatik Ödeme,3,57.17,2823.87,0
CUST-12062,Erkek,39,Hayır,Evet,47,Aylık,Fiber,Var,Yok,Evet,Elektronik Çek,1,67.2,3402.47,1
CUST-12063,Erkek,18,Evet,Hayır,18,Aylık,DSL,Yok,Yok,Hayır,Posta Çeki,1,75.68,1446.26,0
CUST-12064,Kadın,27,Hayır,Hayır,37,1 Yıllık,Fiber,Yok,Yok,Evet,Posta Çeki,0,105.47,3601.43,0
CUST-12065,Erkek,28,Hayır,Hayır,38,Aylık,Yok,Var,Yok,Evet,Elektronik Çek,1,36.18,1332.54,1
CUST-12066,Kadın,60,Evet,Hayır,44,1 Yıllık,Fiber,Yok,Yok,Evet,Otomatik Ödeme,1,84.63,3442.71,0
CUST-12067,Erkek,67,Hayır,Hayır,18,1 Yıllık,Yok,Yok,Yok,Hayır,Otomatik Ödeme,2,21.71,398.89,0
CUST-12068,Erkek,54,Evet,Hayır,72,1 Yıllık,DSL,Yok,Yok,Hayır,Posta Çeki,0,65.71,4946.0,0
CUST-12069,Kadın,18,Evet,Hayır,15,Aylık,Yok,Yok,Yok,Hayır,Otomatik Ödeme,5,32.95,510.47,1
CUST-12070,Kadın,37,Hayır,Evet,9,1 Yıllık,Yok,Var,Var,Evet,Posta Çeki,1,31.97,274.22,0
CUST-12071,Kadın,53,Evet,Evet,21,Aylık,Yok,Yok,Var,Hayır,Otomatik Ödeme,0,35.42,792.15,0
CUST-12072,Erkek,46,Evet,Evet,29,Aylık,DSL,Yok,Yok,Evet,Otomatik Ödeme,4,59.59,1601.74,1
CUST-12073,Erkek,31,Hayır,Evet,72,Aylık,DSL,Var,Var,Evet,Elektronik Çek,2,67.15,4478.98,1
CUST-12074,Kadın,38,Evet,Hayır,13,Aylık,Fiber,Yok,Yok,Evet,Otomatik Ödeme,1,78.9,1027.19,0
CUST-12075,Erkek,18,Hayır,Hayır,25,Aylık,Yok,Yok,Yok,Evet,Otomatik Ödeme,2,28.82,752.65,0
CUST-12076,Erkek,51,Evet,Evet,16,1 Yıllık,Yok,Yok,Var,Hayır,Elektronik Çek,2,34.87,561.5,0
CUST-12077,Kadın,53,Evet,Hayır,28,1 Yıllık,DSL,Yok,Yok,Evet,Otomatik Ödeme,1,68.76,1869.81,1
CUST-12078,Kadın,22,Evet,Hayır,22,Aylık,Yok,Yok,Var,Evet,Otomatik Ödeme,0,52.26,1211.37,1
CUST-12079,Erkek,18,Evet,Hayır,58,Aylık,DSL,Var,Var,Evet,Otomatik Ödeme,1,57.22,3071.91,0
CUST-12080,Erkek,72,Hayır,Hayır,13,Aylık,Fiber,Yok,Var,Hayır,Elektronik Çek,0,65.05,837.98,0
CUST-12081,Kadın,26,Evet,Hayır,16,Aylık,Fiber,Var,Yok,Evet,Otomatik Ödeme,3,83.42,1438.31,1
CUST-12082,Erkek,49,Hayır,Evet,37,1 Yıllık,Fiber,Yok,Var,Hayır,Otomatik Ödeme,1,101.79,3580.07,1
CUST-12083,Erkek,36,Hayır,Evet,27,2 Yıllık,DSL,Var,Yok,Evet,Otomatik Ödeme,0,52.43,1380.1,0
CUST-12084,Kadın,59,Evet,Evet,53,Aylık,Yok,Yok,Yok,Evet,Elektronik Çek,1,18.0,1027.54,1
CUST-12085,Kadın,45,Evet,Hayır,17,2 Yıllık,Fiber,Yok,Var,Evet,Otomatik Ödeme,1,97.19,1784.08,0
CUST-12086,Kadın,39,Evet,Hayır,48,2 Yıllık,Fiber,Var,Yok,Hayır,Elektronik Çek,2,85.49,4372.58,0
CUST-12087,Erkek,37,Evet,Evet,18,Aylık,Fiber,Yok,Yok,Evet,Elektronik Çek,0,71.51,1389.87,1
CUST-12088,Kadın,39,Hayır,Hayır,14,1 Yıllık,DSL,Var,Yok,Hayır,Otomatik Ödeme,0,60.82,908.11,1
CUST-12089,Kadın,48,Hayır,Hayır,46,2 Yıllık,Yok,Yok,Var,Hayır,Otomatik Ödeme,1,41.31,1777.86,0
CUST-12090,Erkek,22,Hayır,Hayır,32,1 Yıllık,Yok,Yok,Yok,Hayır,Posta Çeki,3,30.52,963.75,0
CUST-12091,Kadın,50,Evet,Evet,31,Aylık,DSL,Yok,Var,Evet,Elektronik Çek,1,54.94,1652.83,0
CUST-12092,Kadın,32,Hayır,Hayır,11,1 Yıllık,Fiber,Var,Yok,Hayır,Elektronik Çek,2,52.06,560.65,0
CUST-12093,Kadın,36,Hayır,Hayır,17,2 Yıllık,Yok,Yok,Yok,Hayır,Otomatik Ödeme,0,40.5,711.44,0
CUST-12094,Erkek,46,Evet,Evet,32,Aylık,Fiber,Var,Var,Evet,Posta Çeki,1,78.23,2408.6,1
CUST-12095,Erkek,29,Hayır,Hayır,16,Aylık,DSL,Yok,Yok,Evet,Elektronik Çek,0,49.08,832.16,0
CUST-12096,Kadın,24,Evet,Hayır,11,Aylık,DSL,Yok,Yok,Evet,Otomatik Ödeme,1,37.68,397.34,1
CUST-12097,Erkek,30,Hayır,Hayır,16,2 Yıllık,Yok,Var,Yok,Hayır,Posta Çeki,0,42.61,677.89,0
CUST-12098,Erkek,41,Evet,Hayır,25,1 Yıllık,Fiber,Var,Yok,Hayır,Otomatik Ödeme,1,95.21,2323.82,0
CUST-12099,Erkek,42,Hayır,Hayır,9,Aylık,Yok,Var,Yok,Evet,Otomatik Ödeme,4,46.03,415.74,0
CUST-12100,Erkek,20,Hayır,Hayır,47,1 Yıllık,Fiber,Yok,Yok,Hayır,Otomatik Ödeme,4,84.77,3970.8,0
CUST-12101,Erkek,35,Evet,Hayır,8,1 Yıllık,Yok,Yok,Yok,Evet,Otomatik Ödeme,5,35.63,270.07,0
CUST-12102,Kadın,24,Evet,Evet,22,Aylık,DSL,Var,Var,Evet,Elektronik Çek,1,31.82,678.21,1
CUST-12103,Erkek,18,Evet,Evet,29,Aylık,Fiber,Yok,Yok,Evet,Otomatik Ödeme,2,70.47,2139.97,1
CUST-12104,Kadın,65,Evet,Evet,16,1 Yıllık,DSL,Yok,Yok,Evet,Otomatik Ödeme,2,64.16,976.31,1
CUST-12105,Erkek,48,Hayır,Evet,25,Aylık,DSL,Var,Yok,Hayır,Elektronik Çek,0,70.03,1839.74,1
CUST-12106,Erkek,67,Hayır,Hayır,5,Aylık,Fiber,Var,Var,Hayır,Otomatik Ödeme,0,100.54,493.4,1
CUST-12107,Kadın,62,Hayır,Hayır,17,2 Yıllık,Fiber,Var,Var,Evet,Elektronik Çek,1,84.92,1450.74,0
CUST-12108,Erkek,22,Evet,Hayır,39,1 Yıllık,Fiber,Var,Yok,Hayır,Otomatik Ödeme,2,101.7,4075.61,0
CUST-12109,Erkek,34,Evet,Evet,30,Aylık,DSL,Var,Var,Hayır,Otomatik Ödeme,1,49.81,1593.95,0
CUST-12110,Kadın,53,Hayır,Evet,20,Aylık,Yok,Yok,Yok,Evet,Otomatik Ödeme,0,38.16,767.86,1
CUST-12111,Erkek,53,Hayır,Evet,34,Aylık,Fiber,Var,Var,Hayır,Posta Çeki,0,99.65,3277.45,0
CUST-12112,Erkek,43,Evet,Hayır,20,2 Yıllık,Fiber,Yok,Yok,Evet,Otomatik Ödeme,4,83.56,1709.85,0
CUST-12113,Erkek,29,Evet,Hayır,19,1 Yıllık,DSL,Yok,Var,Hayır,Posta Çeki,2,47.47,854.38,0
CUST-12114,Erkek,62,Hayır,Hayır,43,2 Yıllık,Fiber,Var,Yok,Evet,Otomatik Ödeme,3,76.24,3123.04,0
CUST-12115,Erkek,51,Evet,Hayır,19,Aylık,Fiber,Yok,Yok,Evet,Posta Çeki,2,89.61,1621.8,1
CUST-12116,Kadın,56,Hayır,Hayır,15,Aylık,Yok,Yok,Var,Evet,Posta Çeki,1,42.66,621.25,1
CUST-12117,Kadın,37,Hayır,Hayır,44,Aylık,Fiber,Yok,Var,Hayır,Otomatik Ödeme,2,91.4,3952.22,0
CUST-12118,Erkek,38,Evet,Evet,72,1 Yıllık,Yok,Yok,Yok,Hayır,Elektronik Çek,1,18.0,1299.14,0
CUST-12119,Erkek,49,Hayır,Hayır,4,Aylık,Yok,Yok,Yok,Evet,Elektronik Çek,0,18.0,72.12,1
CUST-12120,Erkek,60,Evet,Hayır,60,Aylık,Yok,Var,Var,Evet,Elektronik Çek,0,28.2,1660.17,0
CUST-12121,Erkek,62,Evet,Evet,71,Aylık,Fiber,Var,Var,Hayır,Posta Çeki,3,73.47,5593.23,0
CUST-12122,Erkek,38,Hayır,Hayır,15,1 Yıllık,DSL,Yok,Yok,Evet,Otomatik Ödeme,3,58.84,941.08,0
CUST-12123,Kadın,52,Evet,Hayır,8,Aylık,Fiber,Yok,Var,Evet,Posta Çeki,0,94.07,806.0,0
CUST-12124,Kadın,40,Hayır,Hayır,12,Aylık,DSL,Yok,Yok,Evet,Posta Çeki,2,68.72,808.21,1
CUST-12125,Kadın,54,Evet,Hayır,40,Aylık,DSL,Yok,Yok,Hayır,Posta Çeki,1,53.13,2099.19,0
CUST-12126,Kadın,38,Evet,Hayır,14,Aylık,DSL,Yok,Var,Evet,Otomatik Ödeme,0,59.96,810.11,1
CUST-12127,Erkek,39,Evet,Hayır,6,2 Yıllık,Fiber,Yok,Var,Hayır,Posta Çeki,1,94.66,537.08,0
CUST-12128,Erkek,28,Hayır,Hayır,6,1 Yıllık,Fiber,Yok,Yok,Evet,Otomatik Ödeme,1,95.33,583.34,0
CUST-12129,Kadın,47,Evet,Hayır,36,1 Yıllık,Yok,Yok,Yok,Evet,Elektronik Çek,1,31.63,1161.36,0
CUST-12130,Kadın,57,Evet,Hayır,26,Aylık,DSL,Yok,Yok,Evet,Otomatik Ödeme,0,71.79,1871.89,0
CUST-12131,Kadın,44,Evet,Hayır,26,Aylık,Fiber,Yok,Var,Hayır,Elektronik Çek,2,87.71,2445.91,1
CUST-12132,Kadın,37,Evet,Evet,21,Aylık,DSL,Yok,Yok,Evet,Posta Çeki,2,76.13,1678.54,0
CUST-12133,Erkek,50,Evet,Hayır,54,2 Yıllık,Fiber,Yok,Yok,Evet,Elektronik Çek,2,61.56,3377.7,1
CUST-12134,Erkek,48,Hayır,Hayır,21,Aylık,Fiber,Yok,Yok,Hayır,Otomatik Ödeme,1,63.29,1267.5,1
CUST-12135,Erkek,46,Hayır,Evet,27,1 Yıllık,Fiber,Var,Yok,Evet,Otomatik Ödeme,0,82.69,2168.74,0
CUST-12136,Erkek,18,Evet,Hayır,53,Aylık,DSL,Var,Yok,Evet,Posta Çeki,3,65.97,3534.57,0
CUST-12137,Erkek,42,Evet,Hayır,36,Aylık,DSL,Yok,Yok,Evet,Otomatik Ödeme,1,58.7,2083.99,1
CUST-12138,Erkek,47,Evet,Evet,8,1 Yıllık,Fiber,Var,Yok,Evet,Elektronik Çek,0,89.55,684.8,0
CUST-12139,Erkek,33,Evet,Evet,69,Aylık,Fiber,Yok,Var,Hayır,Posta Çeki,0,70.31,4922.16,0
CUST-12140,Erkek,52,Evet,Hayır,13,Aylık,Fiber,Yok,Var,Hayır,Otomatik Ödeme,1,101.45,1376.91,1
CUST-12141,Erkek,21,Hayır,Hayır,10,Aylık,Yok,Var,Yok,Hayır,Posta Çeki,1,57.1,545.51,1
CUST-12142,Kadın,37,Hayır,Hayır,35,1 Yıllık,Fiber,Var,Yok,Hayır,Elektronik Çek,0,96.67,3470.17,0
CUST-12143,Erkek,48,Evet,Evet,7,Aylık,Fiber,Yok,Yok,Evet,Otomatik Ödeme,1,90.23,596.91,1
CUST-12144,Kadın,41,Evet,Hayır,16,Aylık,Fiber,Yok,Yok,Evet,Otomatik Ödeme,3,122.25,2007.7,1
CUST-12145,Kadın,56,Evet,Hayır,48,Aylık,Fiber,Yok,Yok,Evet,Otomatik Ödeme,2,79.34,4106.01,0
CUST-12146,Kadın,56,Evet,Hayır,35,1 Yıllık,Fiber,Yok,Yok,Evet,Otomatik Ödeme,0,91.04,2961.56,0
CUST-12147,Kadın,42,Hayır,Evet,26,Aylık,Fiber,Yok,Yok,Hayır,Elektronik Çek,2,85.87,2133.37,0
CUST-12148,Kadın,71,Evet,Evet,58,Aylık,DSL,Var,Yok,Hayır,Otomatik Ödeme,3,63.86,3695.51,0
CUST-12149,Kadın,29,Evet,Hayır,18,2 Yıllık,DSL,Yok,Var,Hayır,Otomatik Ödeme,1,54.88,996.08,0
CUST-12150,Erkek,45,Hayır,Hayır,11,1 Yıllık,DSL,Yok,Yok,Hayır,Elektronik Çek,1,68.89,753.66,0
CUST-12151,Kadın,30,Evet,Hayır,54,1 Yıllık,Yok,Yok,Yok,Evet,Otomatik Ödeme,3,34.8,1973.1,1
CUST-12152,Kadın,39,Hayır,Evet,63,Aylık,Fiber,Yok,Yok,Evet,Elektronik Çek,2,88.04,5774.78,0
CUST-12153,Erkek,54,Hayır,Hayır,28,2 Yıllık,Yok,Yok,Yok,Hayır,Elektronik Çek,1,45.64,1369.9,0
CUST-12154,Kadın,39,Evet,Hayır,36,Aylık,DSL,Var,Yok,Evet,Posta Çeki,4,79.9,2923.21,1
CUST-12155,Kadın,31,Hayır,Hayır,39,2 Yıllık,DSL,Var,Var,Hayır,Otomatik Ödeme,0,56.53,2217.23,0
CUST-12156,Kadın,53,Hayır,Evet,23,2 Yıllık,DSL,Yok,Yok,Evet,Otomatik Ödeme,3,65.95,1423.88,0
CUST-12157,Erkek,31,Hayır,Evet,3,1 Yıllık,Fiber,Yok,Yok,Evet,Otomatik Ödeme,1,93.74,287.52,1
CUST-12158,Kadın,53,Hayır,Hayır,39,2 Yıllık,Yok,Var,Yok,Evet,Otomatik Ödeme,1,37.41,1375.0,0
CUST-12159,Kadın,35,Evet,Hayır,20,Aylık,DSL,Yok,Yok,Evet,Otomatik Ödeme,3,81.7,1553.21,1
CUST-12160,Erkek,60,Evet,Hayır,31,1 Yıllık,Yok,Yok,Yok,Hayır,Elektronik Çek,3,45.4,1387.19,0
CUST-12161,Kadın,40,Evet,Hayır,25,Aylık,Yok,Yok,Yok,Evet,Otomatik Ödeme,4,26.96,673.23,1
CUST-12162,Erkek,23,Hayır,Hayır,54,2 Yıllık,Fiber,Var,Var,Hayır,Posta Çeki,0,76.33,3924.4,0
CUST-12163,Kadın,45,Hayır,Evet,34,1 Yıllık,Fiber,Yok,Yok,Evet,Otomatik Ödeme,3,73.6,2696.29,1
CUST-12164,Erkek,37,Evet,Evet,26,Aylık,DSL,Yok,Yok,Evet,Otomatik Ödeme,0,82.08,2248.88,1
CUST-12165,Kadın,63,Evet,Hayır,3,Aylık,Yok,Var,Yok,Evet,Elektronik Çek,3,47.71,151.76,0
CUST-12166,Kadın,29,Evet,Evet,18,Aylık,Fiber,Yok,Yok,Hayır,Elektronik Çek,3,93.33,1595.48,1
CUST-12167,Kadın,42,Hayır,Hayır,66,1 Yıllık,DSL,Yok,Var,Hayır,Elektronik Çek,1,59.35,4006.91,0
CUST-12168,Kadın,19,Evet,Hayır,72,Aylık,Fiber,Yok,Var,Hayır,Elektronik Çek,7,74.84,5092.47,0
CUST-12169,Erkek,57,Hayır,Hayır,44,2 Yıllık,Fiber,Var,Yok,Evet,Elektronik Çek,3,96.26,4044.9,0
CUST-12170,Kadın,44,Evet,Hayır,29,Aylık,Fiber,Yok,Yok,Hayır,Elektronik Çek,1,85.31,2502.04,0
CUST-12171,Kadın,40,Hayır,Evet,22,2 Yıllık,Fiber,Yok,Var,Evet,Posta Çeki,0,76.71,1642.53,0
CUST-12172,Erkek,47,Evet,Evet,4,1 Yıllık,Yok,Yok,Yok,Hayır,Elektronik Çek,1,39.43,152.83,1
CUST-12173,Erkek,38,Hayır,Hayır,13,Aylık,DSL,Yok,Yok,Evet,Otomatik Ödeme,3,52.01,669.27,1
CUST-12174,Erkek,31,Hayır,Evet,35,Aylık,Yok,Var,Yok,Hayır,Posta Çeki,2,52.26,1889.15,1
CUST-12175,Erkek,31,Hayır,Hayır,19,Aylık,Fiber,Yok,Yok,Evet,Elektronik Çek,0,57.4,1019.81,0
CUST-12176,Kadın,51,Hayır,Hayır,38,Aylık,DSL,Yok,Var,Evet,Otomatik Ödeme,2,66.94,2595.64,1
CUST-12177,Erkek,57,Evet,Hayır,36,1 Yıllık,DSL,Var,Yok,Hayır,Elektronik Çek,0,74.72,2684.97,0
CUST-12178,Kadın,42,Hayır,Evet,63,1 Yıllık,Yok,Yok,Yok,Evet,Otomatik Ödeme,2,22.54,1465.95,0
CUST-12179,Kadın,43,Hayır,Hayır,56,2 Yıllık,Fiber,Var,Var,Evet,Otomatik Ödeme,0,97.09,5073.87,0
CUST-12180,Kadın,34,Evet,Hayır,38,Aylık,Fiber,Var,Var,Evet,Otomatik Ödeme,0,80.19,2939.08,0
CUST-12181,Kadın,37,Hayır,Hayır,42,2 Yıllık,Fiber,Yok,Var,Evet,Elektronik Çek,1,94.44,4056.98,0
CUST-12182,Erkek,32,Hayır,Hayır,60,Aylık,Yok,Var,Yok,Evet,Otomatik Ödeme,1,41.95,2405.04,0
CUST-12183,Kadın,59,Hayır,Hayır,42,2 Yıllık,Fiber,Var,Yok,Evet,Otomatik Ödeme,1,89.96,4038.35,0
CUST-12184,Kadın,45,Hayır,Hayır,15,2 Yıllık,DSL,Yok,Yok,Evet,Otomatik Ödeme,0,34.14,522.55,0
CUST-12185,Kadın,53,Evet,Hayır,28,Aylık,Fiber,Var,Var,Hayır,Otomatik Ödeme,1,99.08,2757.5,1
CUST-12186,Erkek,43,Hayır,Hayır,37,2 Yıllık,Fiber,Yok,Yok,Evet,Otomatik Ödeme,2,78.35,2901.75,0
CUST-12187,Kadın,23,Hayır,Hayır,72,1 Yıllık,Yok,Yok,Var,Evet,Elektronik Çek,1,27.6,1990.83,0
CUST-12188,Erkek,33,Hayır,Evet,27,1 Yıllık,Fiber,Yok,Var,Evet,Elektronik Çek,0,77.6,2068.68,0
CUST-12189,Erkek,25,Hayır,Evet,11,2 Yıllık,Fiber,Yok,Yok,Hayır,Otomatik Ödeme,0,120.22,1377.92,0
CUST-12190,Erkek,45,Evet,Hayır,72,Aylık,Yok,Var,Yok,Evet,Posta Çeki,1,33.62,2371.44,0
CUST-12191,Kadın,46,Evet,Hayır,6,Aylık,DSL,Yok,Yok,Evet,Elektronik Çek,2,52.94,297.2,1
CUST-12192,Kadın,25,Hayır,Hayır,30,Aylık,Yok,Var,Yok,Hayır,Elektronik Çek,1,38.17,1068.11,1
CUST-12193,Kadın,18,Hayır,Hayır,21,2 Yıllık,Fiber,Var,Var,Hayır,Elektronik Çek,3,90.66,1755.09,0
CUST-12194,Kadın,49,Evet,Hayır,23,2 Yıllık,DSL,Var,Var,Hayır,Elektronik Çek,3,61.72,1491.69,1
CUST-12195,Kadın,40,Hayır,Evet,72,Aylık,Fiber,Yok,Var,Hayır,Otomatik Ödeme,3,94.71,7117.6,0
CUST-12196,Kadın,62,Hayır,Evet,15,1 Yıllık,DSL,Yok,Var,Evet,Otomatik Ödeme,2,43.7,636.17,0
CUST-12197,Erkek,59,Evet,Hayır,9,Aylık,Fiber,Var,Yok,Hayır,Elektronik Çek,2,90.41,821.43,0
CUST-12198,Erkek,32,Evet,Evet,24,Aylık,Yok,Var,Var,Evet,Otomatik Ödeme,0,22.19,510.2,0
CUST-12199,Kadın,36,Evet,Hayır,22,Aylık,Fiber,Var,Yok,Hayır,Posta Çeki,2,90.69,1927.78,1
CUST-12200,Erkek,72,Hayır,Hayır,36,Aylık,Yok,Yok,Var,Evet,Otomatik Ödeme,0,38.33,1480.16,0
CUST-12201,Erkek,42,Hayır,Evet,19,Aylık,Fiber,Var,Var,Hayır,Otomatik Ödeme,0,88.83,1784.14,0
CUST-12202,Kadın,68,Hayır,Hayır,15,Aylık,Fiber,Yok,Var,Evet,Elektronik Çek,1,101.64,1605.93,1
CUST-12203,Kadın,20,Hayır,Hayır,26,Aylık,DSL,Yok,Yok,Evet,Elektronik Çek,0,62.05,1588.96,1
CUST-12204,Kadın,37,Hayır,Hayır,23,Aylık,Fiber,Var,Yok,Evet,Posta Çeki,0,111.28,2531.24,1
CUST-12205,Kadın,52,Hayır,Evet,13,1 Yıllık,DSL,Yok,Yok,Hayır,Otomatik Ödeme,2,47.22,586.44,1
CUST-12206,Kadın,52,Evet,Hayır,12,Aylık,DSL,Yok,Yok,Evet,Posta Çeki,1,50.37,642.7,1
CUST-12207,Kadın,56,Evet,Hayır,26,Aylık,Fiber,Var,Yok,Evet,Elektronik Çek,1,89.58,2161.32,0
CUST-12208,Kadın,34,Evet,Hayır,45,1 Yıllık,Fiber,Yok,Yok,Evet,Posta Çeki,2,92.95,3942.45,0
CUST-12209,Kadın,63,Evet,Hayır,28,Aylık,Yok,Yok,Yok,Hayır,Elektronik Çek,2,28.65,796.27,0
CUST-12210,Kadın,44,Hayır,Hayır,14,Aylık,Yok,Var,Var,Hayır,Posta Çeki,0,44.67,594.98,0
CUST-12211,Kadın,33,Hayır,Evet,15,2 Yıllık,Yok,Var,Var,Hayır,Otomatik Ödeme,0,31.72,512.82,0
CUST-12212,Kadın,36,Evet,Hayır,16,2 Yıllık,DSL,Yok,Yok,Hayır,Otomatik Ödeme,0,90.48,1351.66,0
CUST-12213,Erkek,43,Hayır,Hayır,18,2 Yıllık,Fiber,Yok,Yok,Hayır,Otomatik Ödeme,4,84.23,1458.38,0
CUST-12214,Kadın,43,Evet,Evet,72,Aylık,Yok,Yok,Yok,Evet,Otomatik Ödeme,1,57.86,4431.87,1
CUST-12215,Kadın,30,Hayır,Evet,38,1 Yıllık,Fiber,Yok,Yok,Evet,Elektronik Çek,3,82.64,3043.77,1
CUST-12216,Kadın,67,Evet,Hayır,21,Aylık,DSL,Yok,Var,Hayır,Otomatik Ödeme,1,77.76,1630.37,0
CUST-12217,Erkek,43,Hayır,Hayır,8,Aylık,Fiber,Yok,Yok,Hayır,Otomatik Ödeme,4,103.03,786.31,1
CUST-12218,Kadın,18,Evet,Evet,56,Aylık,DSL,Yok,Yok,Evet,Elektronik Çek,1,65.85,3531.54,0
CUST-12219,Kadın,48,Evet,Hayır,31,2 Yıllık,Yok,Yok,Var,Hayır,Otomatik Ödeme,1,22.28,678.1,0
CUST-12220,Erkek,49,Evet,Hayır,71,2 Yıllık,Fiber,Yok,Yok,Evet,Elektronik Çek,2,90.08,6867.17,0
CUST-12221,Kadın,51,Hayır,Hayır,56,Aylık,Fiber,Yok,Yok,Hayır,Otomatik Ödeme,3,92.0,4893.04,1
CUST-12222,Kadın,64,Evet,Hayır,21,Aylık,DSL,Var,Yok,Hayır,Posta Çeki,2,54.56,1235.29,0
CUST-12223,Erkek,42,Hayır,Evet,40,2 Yıllık,Fiber,Yok,Yok,Evet,Elektronik Çek,4,83.3,3331.5,0
CUST-12224,Erkek,52,Hayır,Hayır,4,2 Yıllık,Fiber,Var,Yok,Evet,Elektronik Çek,1,90.04,377.27,1
CUST-12225,Erkek,28,Hayır,Hayır,24,Aylık,DSL,Var,Var,Evet,Otomatik Ödeme,0,70.58,1705.45,0
CUST-12226,Kadın,54,Evet,Hayır,25,Aylık,Fiber,Yok,Yok,Evet,Posta Çeki,2,70.74,1739.22,1
CUST-12227,Erkek,18,Evet,Hayır,23,Aylık,Fiber,Yok,Yok,Hayır,Otomatik Ödeme,1,78.5,1737.47,1
CUST-12228,Erkek,23,Evet,Hayır,14,1 Yıllık,Yok,Yok,Yok,Evet,Posta Çeki,0,55.19,806.52,0
CUST-12229,Kadın,38,Evet,Hayır,18,Aylık,Yok,Yok,Yok,Hayır,Otomatik Ödeme,0,46.57,773.01,0
CUST-12230,Erkek,65,Hayır,Hayır,6,Aylık,Yok,Yok,Yok,Evet,Otomatik Ödeme,0,18.0,113.8,0
CUST-12231,Erkek,41,Hayır,Evet,59,Aylık,Fiber,Yok,Var,Evet,Elektronik Çek,4,74.34,4464.54,0
CUST-12232,Erkek,34,Hayır,Hayır,8,Aylık,DSL,Var,Yok,Hayır,Otomatik Ödeme,2,62.72,481.27,1
CUST-12233,Kadın,45,Evet,Hayır,13,Aylık,Yok,Yok,Var,Evet,Otomatik Ödeme,2,33.52,469.35,0
CUST-12234,Erkek,31,Hayır,Hayır,72,Aylık,Yok,Yok,Yok,Evet,Elektronik Çek,1,27.56,2047.47,0
CUST-12235,Kadın,44,Hayır,Hayır,17,2 Yıllık,Yok,Yok,Var,Hayır,Otomatik Ödeme,2,53.69,931.16,0
CUST-12236,Kadın,51,Evet,Hayır,58,Aylık,DSL,Yok,Yok,Hayır,Posta Çeki,2,76.4,4427.01,0
CUST-12237,Erkek,34,Hayır,Hayır,58,1 Yıllık,Fiber,Yok,Var,Evet,Elektronik Çek,5,103.41,6441.0,1
CUST-12238,Erkek,38,Evet,Hayır,15,1 Yıllık,Fiber,Yok,Yok,Evet,Otomatik Ödeme,1,101.4,1474.03,1
CUST-12239,Kadın,31,Evet,Evet,24,Aylık,Fiber,Yok,Var,Evet,Elektronik Çek,3,77.03,1939.26,0
CUST-12240,Erkek,44,Evet,Hayır,8,1 Yıllık,Yok,Yok,Yok,Hayır,Posta Çeki,2,44.95,337.27,0
CUST-12241,Erkek,37,Evet,Hayır,38,Aylık,Fiber,Yok,Yok,Evet,Elektronik Çek,1,75.34,2702.42,0
CUST-12242,Erkek,63,Evet,Hayır,72,1 Yıllık,DSL,Yok,Var,Evet,Elektronik Çek,3,45.44,3087.06,0
CUST-12243,Kadın,78,Hayır,Hayır,43,1 Yıllık,DSL,Yok,Yok,Evet,Otomatik Ödeme,4,47.72,2170.95,0
CUST-12244,Erkek,22,Evet,Hayır,7,1 Yıllık,Fiber,Yok,Var,Evet,Elektronik Çek,1,74.62,563.23,0
CUST-12245,Kadın,54,Evet,Hayır,72,Aylık,Fiber,Var,Yok,Evet,Elektronik Çek,3,77.51,5553.89,1
CUST-12246,Erkek,53,Evet,Hayır,24,2 Yıllık,Yok,Yok,Var,Evet,Elektronik Çek,1,44.6,1031.59,1
CUST-12247,Kadın,58,Hayır,Hayır,53,2 Yıllık,Fiber,Yok,Var,Evet,Otomatik Ödeme,1,67.45,3369.27,0
CUST-12248,Kadın,31,Evet,Evet,28,Aylık,Fiber,Yok,Var,Evet,Posta Çeki,0,66.87,1895.28,0
CUST-12249,Kadın,40,Hayır,Hayır,25,1 Yıllık,DSL,Yok,Yok,Evet,Posta Çeki,2,59.27,1378.36,0
CUST-12250,Erkek,31,Evet,Hayır,61,Aylık,Fiber,Var,Yok,Evet,Otomatik Ödeme,1,63.22,3990.41,1
CUST-12251,Erkek,31,Evet,Hayır,72,2 Yıllık,DSL,Var,Var,Evet,Otomatik Ödeme,3,51.08,3958.17,0
CUST-12252,Kadın,24,Evet,Hayır,38,1 Yıllık,DSL,Var,Yok,Hayır,Elektronik Çek,2,53.89,2079.5,0
CUST-12253,Kadın,44,Evet,Hayır,60,2 Yıllık,Yok,Yok,Yok,Evet,Elektronik Çek,0,20.54,1229.17,0
CUST-12254,Kadın,27,Evet,Hayır,12,Aylık,Fiber,Yok,Var,Evet,Otomatik Ödeme,0,81.69,1005.11,1
CUST-12255,Kadın,57,Evet,Hayır,23,2 Yıllık,Fiber,Yok,Yok,Evet,Posta Çeki,2,84.13,2018.22,0
CUST-12256,Erkek,49,Evet,Hayır,22,Aylık,DSL,Yok,Yok,Hayır,Posta Çeki,2,57.49,1295.53,0
CUST-12257,Erkek,54,Evet,Hayır,14,Aylık,DSL,Yok,Yok,Evet,Otomatik Ödeme,1,47.1,666.69,1
CUST-12258,Kadın,37,Hayır,Hayır,46,Aylık,Yok,Var,Var,Hayır,Otomatik Ödeme,1,26.43,1161.97,0
CUST-12259,Erkek,47,Hayır,Hayır,20,Aylık,Yok,Yok,Yok,Hayır,Elektronik Çek,1,54.68,1037.89,1
CUST-12260,Kadın,44,Hayır,Hayır,17,1 Yıllık,Yok,Yok,Yok,Hayır,Elektronik Çek,3,42.0,752.7,0
CUST-12261,Erkek,42,Hayır,Hayır,27,Aylık,Fiber,Yok,Yok,Hayır,Posta Çeki,2,57.19,1456.79,0
CUST-12262,Kadın,68,Hayır,Evet,16,Aylık,DSL,Var,Yok,Hayır,Otomatik Ödeme,1,70.94,1222.63,1
CUST-12263,Kadın,36,Evet,Hayır,4,Aylık,DSL,Var,Yok,Hayır,Posta Çeki,0,64.2,272.17,0
CUST-12264,Erkek,30,Evet,Evet,21,2 Yıllık,DSL,Yok,Yok,Hayır,Otomatik Ödeme,0,65.0,1359.13,0
CUST-12265,Kadın,43,Hayır,Hayır,5,Aylık,Fiber,Var,Var,Evet,Otomatik Ödeme,1,76.82,407.53,1
CUST-12266,Erkek,53,Evet,Hayır,62,Aylık,Fiber,Yok,Yok,Evet,Posta Çeki,2,87.78,5327.58,1
CUST-12267,Erkek,40,Hayır,Hayır,41,2 Yıllık,DSL,Var,Yok,Hayır,Posta Çeki,2,68.64,2724.47,0
CUST-12268,Erkek,33,Evet,Hayır,38,1 Yıllık,Fiber,Yok,Yok,Evet,Otomatik Ödeme,2,82.15,3268.83,0
CUST-12269,Erkek,32,Hayır,Hayır,26,1 Yıllık,DSL,Yok,Var,Evet,Elektronik Çek,0,54.62,1437.95,0
CUST-12270,Erkek,42,Hayır,Hayır,15,2 Yıllık,Fiber,Var,Yok,Hayır,Elektronik Çek,0,84.41,1169.98,0
CUST-12271,Erkek,46,Hayır,Evet,55,Aylık,Fiber,Var,Var,Evet,Elektronik Çek,1,98.91,5275.16,0
CUST-12272,Erkek,45,Evet,Hayır,24,1 Yıllık,DSL,Yok,Yok,Evet,Elektronik Çek,1,78.86,1958.75,0
CUST-12273,Kadın,27,Hayır,Hayır,46,1 Yıllık,Fiber,Yok,Yok,Evet,Otomatik Ödeme,2,71.77,3141.2,1
CUST-12274,Kadın,48,Evet,Hayır,27,1 Yıllık,Yok,Var,Var,Hayır,Otomatik Ödeme,0,55.25,1455.61,0
CUST-12275,Kadın,24,Hayır,Hayır,37,1 Yıllık,Fiber,Yok,Yok,Evet,Otomatik Ödeme,3,65.33,2343.9,0
CUST-12276,Erkek,35,Evet,Hayır,33,Aylık,Yok,Yok,Yok,Evet,Otomatik Ödeme,3,41.53,1457.74,1
CUST-12277,Erkek,39,Hayır,Hayır,11,Aylık,DSL,Yok,Var,Hayır,Otomatik Ödeme,4,48.08,514.47,1
CUST-12278,Kadın,44,Evet,Hayır,11,1 Yıllık,Fiber,Yok,Yok,Hayır,Otomatik Ödeme,0,98.69,1023.01,1
CUST-12279,Erkek,51,Hayır,Hayır,28,1 Yıllık,Fiber,Var,Yok,Evet,Posta Çeki,2,88.15,2281.2,1
CUST-12280,Kadın,53,Hayır,Hayır,9,Aylık,Yok,Var,Yok,Evet,Otomatik Ödeme,1,47.49,413.19,0
CUST-12281,Erkek,57,Hayır,Hayır,18,Aylık,Yok,Yok,Yok,Evet,Otomatik Ödeme,2,49.11,886.0,0
CUST-12282,Erkek,52,Hayır,Hayır,21,Aylık,Fiber,Yok,Yok,Hayır,Elektronik Çek,0,98.55,2199.23,1
CUST-12283,Erkek,61,Hayır,Hayır,31,Aylık,DSL,Yok,Var,Evet,Elektronik Çek,0,55.48,1605.33,1
CUST-12284,Kadın,30,Hayır,Evet,23,1 Yıllık,DSL,Var,Yok,Hayır,Posta Çeki,2,39.1,912.0,0
CUST-12285,Erkek,63,Hayır,Hayır,50,Aylık,DSL,Yok,Yok,Hayır,Otomatik Ödeme,0,66.95,3526.63,0
CUST-12286,Erkek,48,Hayır,Hayır,26,1 Yıllık,DSL,Var,Yok,Evet,Posta Çeki,1,48.48,1183.08,0
CUST-12287,Erkek,34,Evet,Hayır,7,Aylık,Fiber,Yok,Yok,Hayır,Posta Çeki,2,93.35,668.48,1
CUST-12288,Erkek,27,Evet,Evet,17,Aylık,Fiber,Yok,Yok,Evet,Posta Çeki,3,84.65,1525.49,1
CUST-12289,Erkek,45,Hayır,Hayır,6,Aylık,Fiber,Var,Yok,Hayır,Elektronik Çek,1,74.67,444.32,1
CUST-12290,Kadın,41,Evet,Evet,33,1 Yıllık,Yok,Yok,Yok,Evet,Posta Çeki,1,42.73,1334.43,0
CUST-12291,Kadın,32,Evet,Hayır,70,Aylık,DSL,Var,Yok,Hayır,Posta Çeki,1,64.25,4453.88,0
CUST-12292,Kadın,31,Evet,Hayır,20,Aylık,Yok,Var,Yok,Evet,Elektronik Çek,0,47.81,972.49,1
CUST-12293,Kadın,43,Evet,Hayır,40,2 Yıllık,Yok,Yok,Var,Hayır,Otomatik Ödeme,3,41.92,1732.8,0
CUST-12294,Erkek,60,Evet,Evet,62,1 Yıllık,DSL,Yok,Yok,Hayır,Elektronik Çek,2,77.73,4728.36,0
CUST-12295,Kadın,28,Hayır,Hayır,22,Aylık,Fiber,Yok,Yok,Evet,Otomatik Ödeme,0,78.01,1697.12,1
CUST-12296,Erkek,30,Hayır,Evet,49,2 Yıllık,Yok,Yok,Yok,Evet,Posta Çeki,0,39.99,1822.9,0
CUST-12297,Erkek,28,Evet,Hayır,51,Aylık,Fiber,Var,Yok,Evet,Otomatik Ödeme,3,109.48,5691.53,0
CUST-12298,Kadın,28,Hayır,Hayır,43,2 Yıllık,Yok,Var,Yok,Hayır,Elektronik Çek,1,52.83,2442.88,0
CUST-12299,Erkek,47,Hayır,Hayır,43,Aylık,Fiber,Var,Yok,Hayır,Otomatik Ödeme,2,103.06,4127.86,0
CUST-12300,Kadın,32,Evet,Hayır,35,2 Yıllık,DSL,Yok,Yok,Evet,Posta Çeki,3,40.82,1502.38,0
CUST-12301,Erkek,32,Hayır,Hayır,6,Aylık,Yok,Yok,Yok,Hayır,Elektronik Çek,1,31.59,201.67,0
CUST-12302,Erkek,47,Hayır,Hayır,10,1 Yıllık,Yok,Yok,Yok,Evet,Otomatik Ödeme,0,44.92,432.53,0
CUST-12303,Erkek,41,Evet,Hayır,17,Aylık,DSL,Yok,Var,Evet,Otomatik Ödeme,1,70.4,1186.06,1
CUST-12304,Erkek,50,Hayır,Evet,15,Aylık,Yok,Yok,Yok,Evet,Otomatik Ödeme,0,45.06,675.85,1
CUST-12305,Kadın,42,Hayır,Evet,52,1 Yıllık,Fiber,Yok,Yok,Evet,Elektronik Çek,1,87.5,4329.0,0
CUST-12306,Erkek,48,Evet,Hayır,45,Aylık,Fiber,Var,Yok,Hayır,Otomatik Ödeme,1,101.71,4826.44,1
CUST-12307,Kadın,34,Hayır,Evet,29,Aylık,Fiber,Yok,Var,Evet,Posta Çeki,3,78.36,2240.94,1
CUST-12308,Kadın,30,Hayır,Hayır,40,Aylık,Yok,Yok,Var,Evet,Elektronik Çek,0,19.69,738.71,0
CUST-12309,Erkek,30,Hayır,Hayır,24,1 Yıllık,DSL,Yok,Yok,Hayır,Otomatik Ödeme,2,55.7,1339.74,0
CUST-12310,Kadın,64,Evet,Hayır,21,Aylık,DSL,Yok,Yok,Evet,Posta Çeki,3,58.23,1148.28,0
CUST-12311,Erkek,35,Evet,Hayır,18,Aylık,Fiber,Var,Var,Hayır,Posta Çeki,2,69.55,1312.56,0
CUST-12312,Erkek,25,Hayır,Hayır,24,Aylık,Fiber,Yok,Yok,Evet,Elektronik Çek,4,81.38,1923.0,0
CUST-12313,Erkek,66,Evet,Evet,12,Aylık,Fiber,Yok,Var,Hayır,Otomatik Ödeme,1,82.68,1054.9,0
CUST-12314,Kadın,33,Hayır,Evet,21,2 Yıllık,Yok,Yok,Yok,Hayır,Elektronik Çek,4,49.22,1114.45,0
CUST-12315,Erkek,42,Evet,Hayır,55,Aylık,DSL,Yok,Yok,Evet,Elektronik Çek,0,39.61,2031.84,0
CUST-12316,Erkek,37,Hayır,Hayır,3,1 Yıllık,Fiber,Yok,Var,Evet,Elektronik Çek,3,74.82,220.07,1
CUST-12317,Erkek,51,Hayır,Hayır,19,1 Yıllık,Fiber,Yok,Yok,Evet,Otomatik Ödeme,3,101.32,1972.98,1
CUST-12318,Erkek,18,Evet,Hayır,72,2 Yıllık,DSL,Yok,Yok,Hayır,Posta Çeki,1,71.4,4853.81,0
CUST-12319,Kadın,31,Evet,Hayır,40,Aylık,Fiber,Yok,Yok,Evet,Elektronik Çek,1,90.83,3885.03,0
CUST-12320,Kadın,44,Hayır,Hayır,29,Aylık,DSL,Yok,Var,Evet,Otomatik Ödeme,0,82.53,2489.28,0
CUST-12321,Erkek,55,Hayır,Hayır,16,Aylık,Fiber,Yok,Yok,Hayır,Elektronik Çek,2,84.7,1373.71,1
CUST-12322,Erkek,31,Evet,Hayır,18,Aylık,Yok,Yok,Yok,Evet,Otomatik Ödeme,2,41.99,752.73,0
CUST-12323,Kadın,68,Evet,Evet,71,Aylık,Fiber,Yok,Var,Evet,Elektronik Çek,5,97.59,6791.41,1
CUST-12324,Kadın,43,Hayır,Hayır,57,2 Yıllık,DSL,Var,Yok,Hayır,Otomatik Ödeme,3,86.35,4528.28,0
CUST-12325,Erkek,35,Hayır,Hayır,54,1 Yıllık,Fiber,Var,Yok,Hayır,Elektronik Çek,1,97.6,4952.03,0
CUST-12326,Kadın,38,Evet,Evet,51,Aylık,Fiber,Var,Yok,Evet,Posta Çeki,0,80.91,4178.38,0
CUST-12327,Kadın,45,Evet,Hayır,21,Aylık,Fiber,Var,Yok,Evet,Otomatik Ödeme,1,79.61,1672.35,1
CUST-12328,Kadın,42,Evet,Hayır,30,1 Yıllık,Yok,Var,Var,Evet,Posta Çeki,0,31.16,946.98,1
CUST-12329,Erkek,30,Evet,Hayır,20,Aylık,Fiber,Yok,Yok,Evet,Posta Çeki,1,89.5,1786.53,1
CUST-12330,Erkek,37,Hayır,Hayır,2,Aylık,DSL,Var,Yok,Hayır,Otomatik Ödeme,1,49.91,92.32,0
CUST-12331,Kadın,52,Evet,Hayır,16,2 Yıllık,Fiber,Var,Var,Evet,Otomatik Ödeme,1,70.63,1111.33,0
CUST-12332,Erkek,18,Hayır,Hayır,6,2 Yıllık,Fiber,Yok,Yok,Evet,Otomatik Ödeme,1,87.59,506.09,1
CUST-12333,Erkek,45,Evet,Evet,35,2 Yıllık,DSL,Yok,Yok,Hayır,Elektronik Çek,4,48.47,1824.94,0
CUST-12334,Kadın,35,Hayır,Hayır,64,2 Yıllık,DSL,Yok,Yok,Evet,Elektronik Çek,1,64.9,4146.36,0
CUST-12335,Erkek,21,Evet,Hayır,53,Aylık,Yok,Yok,Yok,Evet,Posta Çeki,1,50.59,2650.14,0
CUST-12336,Erkek,41,Evet,Evet,8,Aylık,Fiber,Yok,Yok,Evet,Elektronik Çek,4,91.69,683.98,1
CUST-12337,Kadın,55,Hayır,Evet,5,1 Yıllık,Fiber,Var,Var,Evet,Posta Çeki,1,69.37,352.22,1
CUST-12338,Erkek,53,Hayır,Evet,23,Aylık,Fiber,Yok,Var,Hayır,Elektronik Çek,1,86.08,1973.34,0
CUST-12339,Kadın,43,Hayır,Evet,31,1 Yıllık,DSL,Yok,Yok,Evet,Elektronik Çek,1,64.21,2125.16,0
CUST-12340,Kadın,45,Hayır,Hayır,17,Aylık,DSL,Yok,Yok,Evet,Elektronik Çek,2,66.75,1071.27,1
CUST-12341,Erkek,54,Evet,Hayır,33,Aylık,Fiber,Yok,Yok,Hayır,Otomatik Ödeme,1,81.72,2695.64,1
CUST-12342,Erkek,37,Hayır,Hayır,15,1 Yıllık,Fiber,Yok,Yok,Evet,Otomatik Ödeme,1,94.55,1400.81,0
CUST-12343,Kadın,41,Hayır,Evet,32,Aylık,Fiber,Var,Yok,Evet,Elektronik Çek,2,88.04,2890.12,1
CUST-12344,Kadın,45,Hayır,Hayır,56,1 Yıllık,Fiber,Yok,Yok,Evet,Posta Çeki,2,83.52,4637.35,0
CUST-12345,Kadın,55,Evet,Evet,30,1 Yıllık,DSL,Yok,Yok,Evet,Otomatik Ödeme,2,72.67,2019.84,0
CUST-12346,Kadın,30,Evet,Evet,27,2 Yıllık,DSL,Yok,Yok,Evet,Elektronik Çek,0,49.68,1307.33,0
CUST-12347,Kadın,46,Hayır,Evet,22,1 Yıllık,DSL,Yok,Yok,Hayır,Elektronik Çek,0,58.29,1362.07,0
CUST-12348,Kadın,50,Hayır,Hayır,52,2 Yıllık,DSL,Var,Var,Evet,Posta Çeki,2,65.86,3175.72,0
CUST-12349,Erkek,43,Hayır,Evet,15,1 Yıllık,DSL,Yok,Yok,Evet,Elektronik Çek,0,47.42,717.06,0
CUST-12350,Kadın,50,Hayır,Hayır,26,2 Yıllık,DSL,Yok,Yok,Evet,Otomatik Ödeme,0,49.01,1189.14,0
CUST-12351,Kadın,44,Hayır,Hayır,18,2 Yıllık,Yok,Yok,Yok,Hayır,Posta Çeki,2,31.39,534.58,0
CUST-12352,Kadın,29,Evet,Evet,21,Aylık,DSL,Var,Yok,Evet,Otomatik Ödeme,2,58.96,1298.41,0
CUST-12353,Kadın,37,Hayır,Hayır,24,Aylık,DSL,Yok,Yok,Evet,Elektronik Çek,0,47.62,1077.14,1
CUST-12354,Erkek,35,Hayır,Hayır,5,Aylık,Yok,Var,Yok,Evet,Otomatik Ödeme,2,18.19,85.25,1
CUST-12355,Erkek,18,Hayır,Hayır,40,Aylık,Yok,Yok,Yok,Hayır,Otomatik Ödeme,1,64.44,2656.3,0
CUST-12356,Erkek,32,Hayır,Evet,65,Aylık,DSL,Yok,Var,Evet,Elektronik Çek,2,63.27,3802.44,1
CUST-12357,Erkek,62,Hayır,Hayır,69,2 Yıllık,DSL,Yok,Yok,Evet,Otomatik Ödeme,3,57.02,4243.63,0
CUST-12358,Kadın,35,Evet,Evet,72,Aylık,Fiber,Var,Var,Hayır,Otomatik Ödeme,0,115.69,8703.85,0
CUST-12359,Kadın,33,Hayır,Hayır,3,Aylık,DSL,Yok,Yok,Evet,Elektronik Çek,1,86.63,269.3,1
CUST-12360,Kadın,52,Hayır,Hayır,21,1 Yıllık,Fiber,Yok,Yok,Evet,Otomatik Ödeme,2,87.91,1976.93,0
CUST-12361,Kadın,38,Hayır,Hayır,23,Aylık,Fiber,Var,Yok,Hayır,Posta Çeki,1,85.82,1982.14,1
CUST-12362,Kadın,50,Hayır,Hayır,40,Aylık,Fiber,Yok,Yok,Evet,Elektronik Çek,0,79.01,3313.17,0
CUST-12363,Erkek,18,Evet,Hayır,22,2 Yıllık,Yok,Yok,Yok,Evet,Posta Çeki,2,50.79,1149.48,0
CUST-12364,Kadın,18,Evet,Evet,28,1 Yıllık,Fiber,Yok,Yok,Hayır,Posta Çeki,3,94.45,2489.29,0
CUST-12365,Erkek,54,Hayır,Evet,12,Aylık,DSL,Yok,Yok,Evet,Posta Çeki,0,47.33,569.15,0
CUST-12366,Kadın,40,Hayır,Evet,55,Aylık,Fiber,Yok,Yok,Evet,Posta Çeki,1,78.99,4194.95,0
CUST-12367,Erkek,72,Evet,Hayır,11,Aylık,Fiber,Var,Yok,Evet,Elektronik Çek,3,84.87,951.3,1
CUST-12368,Kadın,73,Hayır,Hayır,28,2 Yıllık,Yok,Yok,Yok,Hayır,Otomatik Ödeme,1,49.96,1452.62,0
CUST-12369,Erkek,40,Evet,Hayır,72,1 Yıllık,Fiber,Yok,Yok,Evet,Posta Çeki,1,86.13,6629.13,0
CUST-12370,Kadın,28,Hayır,Hayır,31,Aylık,Fiber,Yok,Var,Evet,Elektronik Çek,1,75.82,2372.02,1
CUST-12371,Erkek,40,Hayır,Hayır,21,1 Yıllık,DSL,Yok,Var,Hayır,Posta Çeki,1,46.79,1001.77,1
CUST-12372,Erkek,54,Hayır,Hayır,57,Aylık,Yok,Yok,Yok,Evet,Posta Çeki,0,40.77,2343.79,0
CUST-12373,Erkek,69,Evet,Hayır,47,1 Yıllık,Fiber,Yok,Var,Evet,Otomatik Ödeme,1,90.64,4519.69,0
CUST-12374,Kadın,66,Evet,Hayır,25,Aylık,DSL,Yok,Yok,Hayır,Elektronik Çek,0,32.11,789.04,0
CUST-12375,Erkek,51,Evet,Hayır,27,Aylık,Fiber,Yok,Yok,Hayır,Otomatik Ödeme,2,86.21,2410.51,0
CUST-12376,Erkek,48,Evet,Hayır,36,Aylık,DSL,Yok,Yok,Hayır,Otomatik Ödeme,1,73.9,2452.18,1
CUST-12377,Erkek,53,Hayır,Hayır,72,Aylık,DSL,Yok,Yok,Evet,Elektronik Çek,1,60.07,4106.46,1
CUST-12378,Erkek,28,Hayır,Evet,20,2 Yıllık,Yok,Var,Yok,Hayır,Otomatik Ödeme,2,19.7,371.36,0
CUST-12379,Erkek,54,Evet,Hayır,39,2 Yıllık,Yok,Yok,Yok,Evet,Otomatik Ödeme,1,22.84,870.03,0
CUST-12380,Kadın,43,Hayır,Hayır,16,1 Yıllık,DSL,Yok,Yok,Evet,Elektronik Çek,2,41.31,666.89,0
CUST-12381,Kadın,36,Hayır,Hayır,6,1 Yıllık,DSL,Var,Yok,Evet,Elektronik Çek,1,67.43,399.42,0
CUST-12382,Kadın,34,Hayır,Hayır,36,Aylık,Fiber,Yok,Yok,Hayır,Otomatik Ödeme,0,75.28,2870.46,1
CUST-12383,Kadın,22,Hayır,Hayır,12,Aylık,Fiber,Yok,Yok,Evet,Elektronik Çek,1,91.06,1089.07,1
CUST-12384,Erkek,34,Evet,Evet,23,2 Yıllık,Yok,Var,Var,Hayır,Elektronik Çek,1,38.56,899.59,0
CUST-12385,Erkek,43,Hayır,Hayır,51,2 Yıllık,Fiber,Yok,Var,Hayır,Otomatik Ödeme,2,89.01,4238.81,0
CUST-12386,Kadın,35,Hayır,Hayır,12,Aylık,Yok,Yok,Yok,Evet,Otomatik Ödeme,1,18.05,225.32,1
CUST-12387,Erkek,27,Hayır,Hayır,24,1 Yıllık,DSL,Var,Yok,Evet,Otomatik Ödeme,1,76.83,1901.66,0
CUST-12388,Erkek,37,Evet,Hayır,22,2 Yıllık,Fiber,Yok,Yok,Evet,Otomatik Ödeme,3,85.64,1872.69,0
CUST-12389,Erkek,33,Hayır,Hayır,9,2 Yıllık,DSL,Yok,Var,Hayır,Otomatik Ödeme,4,75.49,658.69,0
CUST-12390,Kadın,38,Evet,Hayır,27,Aylık,DSL,Yok,Var,Hayır,Otomatik Ödeme,2,38.24,1027.05,0
CUST-12391,Erkek,18,Evet,Hayır,39,1 Yıllık,Fiber,Var,Yok,Hayır,Otomatik Ödeme,1,87.74,3259.77,0
CUST-12392,Kadın,53,Evet,Hayır,7,Aylık,Yok,Yok,Yok,Evet,Otomatik Ödeme,2,21.49,161.86,1
CUST-12393,Kadın,41,Hayır,Hayır,19,Aylık,Fiber,Yok,Var,Hayır,Elektronik Çek,1,89.37,1711.56,0
CUST-12394,Kadın,35,Evet,Evet,34,Aylık,DSL,Yok,Yok,Evet,Elektronik Çek,3,46.69,1696.6,1
CUST-12395,Erkek,30,Evet,Hayır,39,Aylık,DSL,Yok,Yok,Hayır,Elektronik Çek,2,41.38,1517.93,0
CUST-12396,Kadın,42,Evet,Hayır,32,Aylık,DSL,Yok,Var,Evet,Elektronik Çek,2,83.87,2699.37,1
CUST-12397,Kadın,56,Evet,Hayır,72,1 Yıllık,DSL,Yok,Var,Hayır,Otomatik Ödeme,3,46.86,3471.98,0
CUST-12398,Kadın,42,Hayır,Hayır,44,1 Yıllık,Yok,Var,Yok,Hayır,Otomatik Ödeme,1,46.7,2186.14,0
CUST-12399,Erkek,21,Hayır,Hayır,46,2 Yıllık,Fiber,Yok,Yok,Evet,Otomatik Ödeme,2,91.4,4000.84,0
CUST-12400,Kadın,22,Evet,Hayır,20,Aylık,DSL,Yok,Yok,Hayır,Otomatik Ödeme,1,38.59,732.26,1
CUST-12401,Erkek,53,Hayır,Hayır,37,Aylık,Fiber,Yok,Var,Evet,Elektronik Çek,1,77.71,2759.85,0
CUST-12402,Erkek,45,Hayır,Hayır,47,1 Yıllık,DSL,Var,Yok,Evet,Posta Çeki,1,85.14,3996.21,1
CUST-12403,Erkek,56,Evet,Hayır,28,2 Yıllık,DSL,Yok,Var,Evet,Elektronik Çek,4,71.66,2153.67,0
CUST-12404,Kadın,41,Evet,Evet,20,Aylık,Fiber,Yok,Yok,Hayır,Posta Çeki,0,88.67,1723.75,0
CUST-12405,Erkek,53,Evet,Hayır,58,Aylık,Fiber,Yok,Var,Evet,Otomatik Ödeme,0,100.85,5919.63,0
CUST-12406,Erkek,27,Hayır,Evet,19,1 Yıllık,DSL,Var,Yok,Evet,Elektronik Çek,3,59.56,1176.38,1
CUST-12407,Erkek,18,Hayır,Hayır,14,2 Yıllık,Yok,Yok,Yok,Evet,Otomatik Ödeme,4,24.32,365.75,0
CUST-12408,Erkek,39,Evet,Hayır,32,2 Yıllık,Fiber,Var,Yok,Evet,Elektronik Çek,0,97.53,3281.13,0
CUST-12409,Erkek,83,Hayır,Evet,38,2 Yıllık,Fiber,Yok,Yok,Hayır,Otomatik Ödeme,0,75.12,2634.64,0
CUST-12410,Erkek,44,Hayır,Hayır,25,Aylık,DSL,Var,Yok,Evet,Otomatik Ödeme,2,58.54,1429.65,1
CUST-12411,Erkek,47,Hayır,Hayır,16,Aylık,Fiber,Yok,Var,Evet,Elektronik Çek,0,96.68,1523.86,0
CUST-12412,Kadın,47,Hayır,Hayır,36,2 Yıllık,Fiber,Var,Yok,Hayır,Otomatik Ödeme,2,85.75,3252.34,0
CUST-12413,Erkek,50,Hayır,Hayır,19,1 Yıllık,DSL,Yok,Yok,Evet,Otomatik Ödeme,1,56.2,1146.47,0
CUST-12414,Erkek,34,Evet,Evet,19,2 Yıllık,Fiber,Var,Var,Evet,Otomatik Ödeme,5,75.0,1317.89,1
CUST-12415,Erkek,44,Hayır,Hayır,21,Aylık,DSL,Var,Var,Evet,Posta Çeki,3,54.24,1115.82,1
CUST-12416,Erkek,32,Evet,Hayır,7,Aylık,Fiber,Var,Yok,Evet,Otomatik Ödeme,3,65.73,429.86,0
CUST-12417,Erkek,35,Evet,Hayır,14,Aylık,Yok,Yok,Yok,Evet,Elektronik Çek,4,27.13,379.71,1
CUST-12418,Kadın,26,Hayır,Hayır,10,2 Yıllık,Yok,Yok,Var,Evet,Elektronik Çek,0,29.59,295.85,0
CUST-12419,Kadın,37,Evet,Evet,42,2 Yıllık,DSL,Var,Yok,Hayır,Elektronik Çek,2,52.18,2037.61,0
CUST-12420,Kadın,66,Evet,Hayır,38,Aylık,Yok,Yok,Var,Evet,Otomatik Ödeme,1,43.75,1761.4,0
CUST-12421,Kadın,39,Evet,Evet,6,2 Yıllık,DSL,Var,Yok,Hayır,Elektronik Çek,2,41.98,233.73,0
CUST-12422,Kadın,47,Evet,Hayır,12,Aylık,Fiber,Yok,Var,Evet,Elektronik Çek,1,72.19,858.47,1
CUST-12423,Erkek,45,Evet,Hayır,25,Aylık,DSL,Yok,Yok,Evet,Elektronik Çek,2,39.65,935.66,0
CUST-12424,Kadın,50,Hayır,Evet,72,Aylık,Yok,Yok,Yok,Evet,Otomatik Ödeme,3,41.58,3037.72,0
CUST-12425,Kadın,58,Evet,Hayır,28,Aylık,DSL,Yok,Var,Hayır,Posta Çeki,0,73.48,2079.07,0
CUST-12426,Erkek,18,Evet,Hayır,22,Aylık,Yok,Yok,Yok,Evet,Otomatik Ödeme,2,43.45,1015.18,0
CUST-12427,Erkek,51,Evet,Hayır,47,Aylık,Fiber,Yok,Yok,Evet,Otomatik Ödeme,1,94.68,4652.29,1
CUST-12428,Kadın,51,Hayır,Hayır,28,Aylık,DSL,Var,Yok,Evet,Otomatik Ödeme,0,59.09,1539.72,1
CUST-12429,Kadın,46,Evet,Hayır,20,Aylık,DSL,Var,Var,Evet,Otomatik Ödeme,1,49.99,995.37,1
CUST-12430,Erkek,49,Hayır,Hayır,6,Aylık,DSL,Yok,Yok,Evet,Otomatik Ödeme,3,60.19,362.77,1
CUST-12431,Erkek,51,Hayır,Evet,47,1 Yıllık,Fiber,Yok,Yok,Hayır,Otomatik Ödeme,4,99.6,4872.03,1
CUST-12432,Kadın,23,Evet,Hayır,64,Aylık,Fiber,Var,Var,Hayır,Otomatik Ödeme,2,99.25,6103.68,0
CUST-12433,Kadın,35,Evet,Evet,28,Aylık,Fiber,Yok,Yok,Evet,Otomatik Ödeme,3,90.3,2501.92,1
CUST-12434,Kadın,49,Evet,Hayır,34,1 Yıllık,Fiber,Var,Var,Evet,Elektronik Çek,1,98.83,3131.28,1
CUST-12435,Erkek,23,Evet,Evet,13,Aylık,Fiber,Var,Yok,Evet,Elektronik Çek,0,95.79,1318.98,1
CUST-12436,Kadın,43,Hayır,Evet,43,Aylık,Fiber,Yok,Yok,Hayır,Otomatik Ödeme,2,88.61,3864.88,1
CUST-12437,Erkek,18,Evet,Hayır,23,Aylık,Fiber,Var,Var,Evet,Elektronik Çek,2,100.64,2424.78,1
CUST-12438,Erkek,52,Evet,Hayır,17,Aylık,DSL,Var,Yok,Evet,Posta Çeki,5,64.05,1117.68,1
CUST-12439,Kadın,35,Hayır,Evet,67,2 Yıllık,Yok,Yok,Var,Hayır,Otomatik Ödeme,2,48.44,3036.86,0
CUST-12440,Kadın,54,Evet,Evet,37,1 Yıllık,Fiber,Yok,Yok,Evet,Otomatik Ödeme,1,101.61,4010.52,0
CUST-12441,Kadın,45,Hayır,Hayır,52,Aylık,Fiber,Yok,Yok,Evet,Elektronik Çek,1,79.31,4253.6,0
CUST-12442,Erkek,42,Hayır,Hayır,37,2 Yıllık,DSL,Yok,Yok,Evet,Otomatik Ödeme,0,74.18,2888.53,1
CUST-12443,Erkek,57,Hayır,Hayır,10,Aylık,DSL,Yok,Var,Evet,Otomatik Ödeme,3,64.83,684.61,1
CUST-12444,Erkek,18,Evet,Hayır,5,1 Yıllık,Fiber,Var,Var,Hayır,Otomatik Ödeme,0,76.46,386.5,0
CUST-12445,Erkek,47,Evet,Hayır,14,Aylık,DSL,Yok,Yok,Evet,Elektronik Çek,1,74.44,1044.69,1
CUST-12446,Kadın,39,Hayır,Hayır,38,Aylık,Fiber,Var,Yok,Evet,Elektronik Çek,2,96.69,3884.67,1
CUST-12447,Erkek,23,Evet,Evet,21,1 Yıllık,DSL,Yok,Yok,Evet,Otomatik Ödeme,1,56.75,1222.35,0
CUST-12448,Kadın,42,Hayır,Evet,23,1 Yıllık,DSL,Yok,Yok,Hayır,Elektronik Çek,1,61.72,1484.03,1
CUST-12449,Kadın,38,Hayır,Hayır,30,1 Yıllık,Yok,Yok,Yok,Evet,Elektronik Çek,0,20.6,606.13,0
CUST-12450,Kadın,45,Evet,Hayır,19,Aylık,Fiber,Var,Yok,Evet,Otomatik Ödeme,2,96.01,1696.1,0
CUST-12451,Kadın,44,Hayır,Evet,18,2 Yıllık,DSL,Yok,Var,Hayır,Posta Çeki,3,66.18,1272.78,0
CUST-12452,Erkek,41,Hayır,Hayır,19,Aylık,Yok,Yok,Var,Hayır,Otomatik Ödeme,4,33.47,636.54,0
CUST-12453,Kadın,25,Hayır,Hayır,22,1 Yıllık,Yok,Yok,Yok,Evet,Otomatik Ödeme,0,34.45,697.61,0
CUST-12454,Kadın,72,Evet,Hayır,10,2 Yıllık,DSL,Yok,Var,Evet,Elektronik Çek,1,47.52,489.08,0
CUST-12455,Kadın,37,Hayır,Hayır,37,Aylık,Yok,Yok,Yok,Evet,Otomatik Ödeme,1,33.09,1197.9,0
CUST-12456,Kadın,28,Hayır,Evet,24,2 Yıllık,Fiber,Yok,Var,Evet,Otomatik Ödeme,4,83.77,2079.08,0
CUST-12457,Erkek,43,Hayır,Hayır,28,2 Yıllık,DSL,Yok,Yok,Hayır,Otomatik Ödeme,3,59.51,1722.49,1
CUST-12458,Kadın,37,Hayır,Evet,17,1 Yıllık,Fiber,Var,Yok,Evet,Otomatik Ödeme,1,107.98,1893.48,0
CUST-12459,Erkek,30,Evet,Hayır,47,Aylık,DSL,Var,Yok,Evet,Elektronik Çek,0,64.62,3042.68,0
CUST-12460,Erkek,31,Hayır,Hayır,6,Aylık,DSL,Yok,Var,Evet,Elektronik Çek,2,47.86,304.91,1
CUST-12461,Kadın,31,Evet,Hayır,19,Aylık,Fiber,Yok,Yok,Evet,Otomatik Ödeme,0,92.2,1797.68,1
CUST-12462,Erkek,42,Evet,Hayır,49,1 Yıllık,Yok,Yok,Yok,Evet,Otomatik Ödeme,1,27.46,1359.45,0
CUST-12463,Kadın,42,Evet,Hayır,31,2 Yıllık,Yok,Yok,Yok,Evet,Otomatik Ödeme,2,35.18,1087.18,0
CUST-12464,Kadın,47,Evet,Hayır,30,Aylık,Fiber,Var,Yok,Evet,Otomatik Ödeme,0,67.92,1928.04,0
CUST-12465,Kadın,18,Evet,Hayır,11,1 Yıllık,Yok,Yok,Yok,Evet,Posta Çeki,3,48.36,567.63,1
CUST-12466,Erkek,18,Hayır,Hayır,9,1 Yıllık,DSL,Yok,Var,Hayır,Elektronik Çek,1,54.42,459.28,0
CUST-12467,Erkek,50,Hayır,Hayır,29,Aylık,Yok,Var,Yok,Hayır,Elektronik Çek,0,18.0,492.95,0
CUST-12468,Kadın,59,Evet,Hayır,27,2 Yıllık,Fiber,Yok,Yok,Evet,Posta Çeki,1,95.91,2512.57,0
CUST-12469,Erkek,46,Hayır,Hayır,57,Aylık,Fiber,Yok,Var,Evet,Elektronik Çek,1,106.8,6127.69,0
CUST-12470,Erkek,57,Evet,Hayır,15,Aylık,DSL,Yok,Yok,Evet,Elektronik Çek,0,28.69,451.0,0
CUST-12471,Erkek,31,Evet,Evet,20,Aylık,Yok,Yok,Yok,Hayır,Otomatik Ödeme,1,32.67,680.84,1
CUST-12472,Erkek,26,Hayır,Evet,18,1 Yıllık,Fiber,Yok,Yok,Evet,Elektronik Çek,1,86.14,1498.49,0
CUST-12473,Erkek,60,Hayır,Evet,17,Aylık,DSL,Var,Var,Hayır,Elektronik Çek,2,64.33,1019.93,0
CUST-12474,Kadın,49,Hayır,Evet,22,Aylık,Fiber,Var,Var,Hayır,Otomatik Ödeme,3,76.95,1627.99,0
CUST-12475,Erkek,42,Evet,Evet,27,Aylık,DSL,Yok,Var,Evet,Otomatik Ödeme,0,60.06,1656.78,0
CUST-12476,Erkek,23,Hayır,Hayır,25,1 Yıllık,DSL,Yok,Var,Hayır,Otomatik Ödeme,1,60.08,1515.55,0
CUST-12477,Kadın,57,Hayır,Hayır,36,Aylık,Fiber,Var,Var,Evet,Elektronik Çek,2,85.99,3308.85,0
CUST-12478,Kadın,27,Hayır,Hayır,60,1 Yıllık,Yok,Var,Var,Hayır,Otomatik Ödeme,2,36.16,2272.72,0
CUST-12479,Erkek,30,Hayır,Evet,25,1 Yıllık,Yok,Var,Yok,Hayır,Elektronik Çek,0,18.75,490.04,0
CUST-12480,Erkek,27,Evet,Hayır,18,1 Yıllık,Fiber,Yok,Var,Evet,Elektronik Çek,3,98.58,1688.22,0
CUST-12481,Kadın,18,Evet,Hayır,60,Aylık,Fiber,Yok,Yok,Evet,Posta Çeki,4,72.64,4600.79,1
CUST-12482,Erkek,31,Hayır,Hayır,18,Aylık,Fiber,Var,Yok,Evet,Elektronik Çek,3,73.99,1410.13,1
CUST-12483,Kadın,53,Evet,Hayır,23,2 Yıllık,Fiber,Var,Var,Evet,Elektronik Çek,1,90.82,2215.18,0
CUST-12484,Erkek,54,Evet,Hayır,23,2 Yıllık,Fiber,Var,Var,Evet,Elektronik Çek,1,97.81,2230.79,0
CUST-12485,Kadın,18,Evet,Hayır,29,1 Yıllık,Fiber,Yok,Yok,Hayır,Otomatik Ödeme,1,84.59,2556.15,0
CUST-12486,Erkek,54,Evet,Evet,63,2 Yıllık,Fiber,Var,Yok,Hayır,Elektronik Çek,0,92.87,5424.65,0
CUST-12487,Kadın,50,Hayır,Hayır,72,1 Yıllık,Fiber,Yok,Yok,Hayır,Elektronik Çek,1,91.12,6204.43,0
CUST-12488,Kadın,38,Hayır,Hayır,42,1 Yıllık,DSL,Yok,Var,Hayır,Posta Çeki,2,56.25,2311.69,0
CUST-12489,Kadın,36,Evet,Evet,21,Aylık,DSL,Var,Yok,Evet,Elektronik Çek,2,76.04,1506.68,1
CUST-12490,Kadın,38,Hayır,Evet,72,Aylık,Fiber,Yok,Var,Evet,Posta Çeki,1,71.33,5094.72,0
CUST-12491,Erkek,18,Hayır,Hayır,14,Aylık,DSL,Var,Yok,Hayır,Elektronik Çek,2,86.31,1254.57,0
CUST-12492,Kadın,54,Evet,Hayır,28,Aylık,DSL,Yok,Var,Hayır,Posta Çeki,1,58.51,1728.4,1
CUST-12493,Kadın,54,Hayır,Evet,72,Aylık,Fiber,Yok,Yok,Evet,Otomatik Ödeme,2,81.07,5563.64,0
CUST-12494,Erkek,56,Hayır,Hayır,32,Aylık,Yok,Var,Var,Evet,Elektronik Çek,2,23.45,710.08,0
CUST-12495,Erkek,27,Hayır,Evet,8,Aylık,Fiber,Var,Yok,Hayır,Elektronik Çek,2,90.62,730.45,0
CUST-12496,Kadın,58,Hayır,Evet,30,Aylık,DSL,Yok,Var,Evet,Otomatik Ödeme,1,54.8,1558.12,0
CUST-12497,Erkek,41,Evet,Evet,32,Aylık,DSL,Yok,Yok,Hayır,Otomatik Ödeme,5,38.59,1203.34,1
CUST-12498,Erkek,43,Evet,Hayır,48,1 Yıllık,Fiber,Yok,Yok,Hayır,Elektronik Çek,1,86.96,4200.45,0
CUST-12499,Erkek,35,Hayır,Evet,9,1 Yıllık,Fiber,Yok,Var,Evet,Elektronik Çek,1,77.87,724.86,0
CUST-12500,Kadın,30,Evet,Hayır,69,1 Yıllık,Fiber,Yok,Var,Evet,Otomatik Ödeme,0,79.31,5551.11,0
CUST-12501,Erkek,39,Hayır,Evet,11,1 Yıllık,Yok,Var,Yok,Hayır,Posta Çeki,2,32.06,348.64,0
CUST-12502,Kadın,36,Hayır,Hayır,47,1 Yıllık,Yok,Yok,Yok,Evet,Otomatik Ödeme,2,35.05,1725.07,0
CUST-12503,Kadın,32,Evet,Hayır,11,Aylık,Yok,Yok,Yok,Evet,Otomatik Ödeme,2,36.92,427.01,1
CUST-12504,Kadın,46,Evet,Hayır,14,Aylık,Fiber,Var,Yok,Evet,Otomatik Ödeme,2,79.53,1202.41,1
CUST-12505,Erkek,61,Hayır,Hayır,33,2 Yıllık,Fiber,Yok,Yok,Evet,Elektronik Çek,0,103.23,3351.82,0
CUST-12506,Kadın,28,Hayır,Hayır,15,2 Yıllık,DSL,Yok,Yok,Evet,Otomatik Ödeme,2,77.16,1163.26,1
CUST-12507,Kadın,41,Hayır,Hayır,24,Aylık,Fiber,Yok,Var,Evet,Posta Çeki,3,87.68,2190.5,1
CUST-12508,Erkek,37,Hayır,Hayır,54,Aylık,Fiber,Yok,Yok,Evet,Posta Çeki,3,68.63,3953.36,1
CUST-12509,Kadın,48,Evet,Hayır,23,2 Yıllık,DSL,Yok,Yok,Hayır,Elektronik Çek,1,47.06,1116.28,0
CUST-12510,Kadın,34,Hayır,Hayır,11,2 Yıllık,Fiber,Var,Yok,Evet,Elektronik Çek,3,102.81,1171.53,0
CUST-12511,Erkek,41,Evet,Evet,52,1 Yıllık,DSL,Var,Yok,Evet,Elektronik Çek,1,44.98,2239.07,0
CUST-12512,Erkek,59,Evet,Hayır,23,1 Yıllık,DSL,Yok,Yok,Hayır,Elektronik Çek,2,49.25,1195.37,0
CUST-12513,Kadın,52,Evet,Evet,5,1 Yıllık,Fiber,Yok,Yok,Evet,Elektronik Çek,4,98.09,524.93,1
CUST-12514,Erkek,40,Evet,Hayır,32,2 Yıllık,DSL,Var,Var,Evet,Otomatik Ödeme,1,72.76,2170.99,0
CUST-12515,Kadın,59,Evet,Hayır,29,Aylık,Fiber,Var,Yok,Hayır,Elektronik Çek,4,61.83,1839.28,0
CUST-12516,Erkek,47,Evet,Hayır,13,Aylık,DSL,Yok,Var,Evet,Elektronik Çek,2,65.94,894.22,1
CUST-12517,Kadın,73,Hayır,Hayır,29,1 Yıllık,DSL,Var,Yok,Evet,Elektronik Çek,1,37.43,1073.94,0
CUST-12518,Kadın,45,Hayır,Hayır,27,Aylık,Yok,Var,Yok,Evet,Otomatik Ödeme,1,40.35,1052.8,0
CUST-12519,Erkek,33,Hayır,Hayır,25,1 Yıllık,Fiber,Var,Yok,Evet,Posta Çeki,1,96.61,2302.4,1
CUST-12520,Erkek,50,Hayır,Hayır,22,Aylık,Fiber,Var,Yok,Hayır,Otomatik Ödeme,1,92.92,2182.61,1
CUST-12521,Erkek,28,Evet,Evet,6,1 Yıllık,DSL,Yok,Var,Evet,Elektronik Çek,1,42.2,239.64,0
CUST-12522,Kadın,50,Evet,Evet,36,1 Yıllık,Yok,Yok,Yok,Evet,Elektronik Çek,1,41.47,1594.42,1
CUST-12523,Kadın,46,Evet,Evet,29,Aylık,Fiber,Yok,Yok,Hayır,Otomatik Ödeme,1,90.1,2671.36,1
CUST-12524,Erkek,18,Hayır,Evet,11,2 Yıllık,DSL,Yok,Var,Hayır,Otomatik Ödeme,2,69.82,711.45,0
CUST-12525,Kadın,25,Hayır,Hayır,35,1 Yıllık,Fiber,Yok,Var,Hayır,Elektronik Çek,0,75.55,2658.6,0
CUST-12526,Erkek,39,Hayır,Hayır,66,1 Yıllık,Fiber,Yok,Yok,Evet,Otomatik Ödeme,0,92.65,6039.2,0
CUST-12527,Kadın,45,Hayır,Hayır,10,Aylık,Yok,Yok,Var,Evet,Otomatik Ödeme,3,18.0,174.92,1
CUST-12528,Kadın,38,Hayır,Hayır,35,Aylık,DSL,Yok,Yok,Evet,Elektronik Çek,3,55.78,1994.25,1
CUST-12529,Erkek,50,Hayır,Hayır,3,1 Yıllık,DSL,Var,Yok,Hayır,Posta Çeki,2,62.63,181.89,0
CUST-12530,Erkek,30,Evet,Hayır,25,2 Yıllık,Fiber,Yok,Var,Hayır,Otomatik Ödeme,1,83.43,1980.6,0
CUST-12531,Erkek,44,Evet,Hayır,62,1 Yıllık,DSL,Yok,Yok,Evet,Elektronik Çek,1,50.47,3183.07,0
CUST-12532,Kadın,33,Hayır,Evet,11,2 Yıllık,DSL,Yok,Yok,Hayır,Otomatik Ödeme,1,79.29,852.46,0
CUST-12533,Kadın,39,Evet,Hayır,10,Aylık,Fiber,Var,Yok,Hayır,Elektronik Çek,3,81.88,782.76,1
CUST-12534,Erkek,18,Hayır,Evet,34,2 Yıllık,Yok,Var,Yok,Evet,Posta Çeki,1,27.67,866.71,0
CUST-12535,Erkek,18,Hayır,Hayır,32,2 Yıllık,Yok,Yok,Yok,Evet,Posta Çeki,1,22.52,770.44,0
CUST-12536,Kadın,26,Evet,Hayır,17,1 Yıllık,Fiber,Yok,Var,Hayır,Posta Çeki,4,90.8,1628.56,1
CUST-12537,Kadın,26,Evet,Evet,39,Aylık,Fiber,Yok,Yok,Evet,Posta Çeki,1,88.73,3550.25,1
CUST-12538,Kadın,44,Evet,Hayır,14,1 Yıllık,Fiber,Var,Yok,Hayır,Otomatik Ödeme,0,93.41,1329.11,0
CUST-12539,Kadın,32,Hayır,Evet,39,Aylık,DSL,Yok,Yok,Evet,Elektronik Çek,0,45.59,1905.36,1
CUST-12540,Erkek,27,Hayır,Hayır,66,1 Yıllık,Yok,Var,Yok,Evet,Otomatik Ödeme,3,54.68,3602.33,0
CUST-12541,Kadın,48,Hayır,Hayır,10,1 Yıllık,Yok,Yok,Var,Evet,Posta Çeki,1,37.54,364.41,0
CUST-12542,Kadın,49,Hayır,Hayır,55,Aylık,Yok,Yok,Yok,Evet,Elektronik Çek,1,29.97,1633.76,0
CUST-12543,Erkek,42,Evet,Hayır,61,Aylık,DSL,Yok,Yok,Evet,Otomatik Ödeme,5,55.54,3292.91,0
CUST-12544,Kadın,49,Hayır,Hayır,20,Aylık,Fiber,Yok,Yok,Evet,Posta Çeki,2,75.66,1439.06,0
CUST-12545,Kadın,42,Hayır,Evet,56,Aylık,Fiber,Yok,Yok,Evet,Elektronik Çek,2,75.85,4527.74,0
CUST-12546,Kadın,38,Evet,Hayır,21,2 Yıllık,Fiber,Var,Var,Evet,Elektronik Çek,2,97.01,2020.91,0
CUST-12547,Kadın,38,Hayır,Evet,41,Aylık,DSL,Yok,Yok,Hayır,Otomatik Ödeme,0,68.5,2684.76,0
CUST-12548,Kadın,43,Hayır,Evet,72,Aylık,Fiber,Var,Yok,Hayır,Elektronik Çek,2,58.56,4062.92,0
CUST-12549,Kadın,29,Evet,Evet,36,Aylık,DSL,Yok,Var,Evet,Elektronik Çek,3,61.43,2183.43,1
CUST-12550,Kadın,42,Hayır,Hayır,37,Aylık,DSL,Yok,Yok,Evet,Elektronik Çek,2,73.96,2758.97,0
CUST-12551,Erkek,24,Evet,Evet,13,1 Yıllık,DSL,Var,Yok,Evet,Elektronik Çek,0,39.21,472.91,1
CUST-12552,Erkek,32,Evet,Evet,8,2 Yıllık,DSL,Yok,Yok,Hayır,Elektronik Çek,2,68.94,539.07,0
CUST-12553,Kadın,43,Evet,Hayır,21,2 Yıllık,DSL,Yok,Yok,Evet,Otomatik Ödeme,1,61.59,1328.46,0
CUST-12554,Kadın,51,Hayır,Evet,19,2 Yıllık,Fiber,Var,Yok,Hayır,Otomatik Ödeme,1,98.75,2025.79,1
CUST-12555,Kadın,18,Hayır,Hayır,35,2 Yıllık,Yok,Yok,Yok,Hayır,Posta Çeki,3,20.26,711.43,0
CUST-12556,Kadın,52,Evet,Hayır,3,Aylık,DSL,Yok,Yok,Evet,Elektronik Çek,1,71.38,224.0,1
CUST-12557,Erkek,48,Hayır,Hayır,40,Aylık,Fiber,Yok,Yok,Evet,Otomatik Ödeme,0,110.51,4478.17,1
CUST-12558,Erkek,38,Evet,Hayır,13,2 Yıllık,Fiber,Yok,Yok,Hayır,Otomatik Ödeme,1,85.82,1188.14,0
CUST-12559,Kadın,52,Hayır,Hayır,14,Aylık,Fiber,Var,Var,Evet,Elektronik Çek,0,92.62,1250.39,0
CUST-12560,Kadın,34,Evet,Hayır,72,1 Yıllık,DSL,Yok,Yok,Evet,Otomatik Ödeme,3,69.42,5132.5,0
CUST-12561,Erkek,47,Hayır,Evet,13,Aylık,DSL,Var,Yok,Evet,Elektronik Çek,0,64.48,903.43,0
CUST-12562,Erkek,63,Hayır,Hayır,11,1 Yıllık,Fiber,Yok,Yok,Evet,Elektronik Çek,2,72.66,766.4,1
CUST-12563,Kadın,29,Evet,Hayır,72,Aylık,DSL,Yok,Yok,Hayır,Elektronik Çek,0,57.64,3949.25,0
CUST-12564,Erkek,42,Hayır,Hayır,9,Aylık,Fiber,Yok,Yok,Evet,Otomatik Ödeme,1,94.27,860.5,1
CUST-12565,Erkek,56,Evet,Evet,44,Aylık,Yok,Yok,Var,Evet,Elektronik Çek,0,31.63,1501.02,0
CUST-12566,Erkek,46,Hayır,Hayır,45,2 Yıllık,Yok,Var,Var,Hayır,Otomatik Ödeme,0,46.25,2233.38,0
CUST-12567,Kadın,30,Hayır,Hayır,14,1 Yıllık,Fiber,Yok,Yok,Evet,Otomatik Ödeme,2,92.84,1338.78,1
CUST-12568,Kadın,27,Hayır,Evet,47,1 Yıllık,DSL,Var,Yok,Hayır,Elektronik Çek,2,54.88,2532.21,0
CUST-12569,Kadın,41,Evet,Hayır,13,Aylık,DSL,Yok,Yok,Evet,Otomatik Ödeme,0,56.89,744.51,1
CUST-12570,Kadın,44,Evet,Hayır,20,Aylık,Fiber,Yok,Yok,Hayır,Otomatik Ödeme,2,83.65,1664.08,1
CUST-12571,Erkek,32,Hayır,Hayır,49,2 Yıllık,Fiber,Yok,Var,Evet,Otomatik Ödeme,2,97.86,5159.02,0
CUST-12572,Kadın,60,Hayır,Hayır,47,1 Yıllık,Yok,Yok,Yok,Hayır,Otomatik Ödeme,0,31.37,1516.57,0
CUST-12573,Kadın,64,Hayır,Hayır,28,1 Yıllık,Fiber,Var,Yok,Evet,Elektronik Çek,1,93.61,2635.43,1
CUST-12574,Kadın,56,Evet,Hayır,26,2 Yıllık,Yok,Yok,Yok,Hayır,Elektronik Çek,2,24.17,663.86,0
CUST-12575,Kadın,34,Evet,Hayır,5,Aylık,DSL,Yok,Yok,Hayır,Posta Çeki,3,58.49,312.14,1
CUST-12576,Kadın,52,Hayır,Hayır,25,Aylık,DSL,Var,Yok,Evet,Elektronik Çek,3,79.95,2017.29,1
CUST-12577,Kadın,26,Evet,Hayır,32,1 Yıllık,DSL,Yok,Var,Evet,Posta Çeki,1,57.56,1779.25,0
CUST-12578,Erkek,23,Hayır,Hayır,16,Aylık,DSL,Yok,Yok,Evet,Otomatik Ödeme,0,64.76,1058.96,0
CUST-12579,Kadın,27,Hayır,Hayır,10,Aylık,Fiber,Yok,Yok,Evet,Otomatik Ödeme,1,78.91,846.36,1
CUST-12580,Kadın,58,Evet,Hayır,67,Aylık,Fiber,Var,Yok,Hayır,Otomatik Ödeme,1,77.48,5117.12,0
CUST-12581,Erkek,34,Evet,Evet,32,Aylık,Fiber,Yok,Yok,Evet,Elektronik Çek,0,83.89,2533.97,1
CUST-12582,Kadın,19,Evet,Hayır,31,2 Yıllık,Fiber,Yok,Yok,Hayır,Elektronik Çek,1,97.63,2829.01,0
CUST-12583,Kadın,56,Evet,Hayır,5,1 Yıllık,Fiber,Var,Var,Evet,Otomatik Ödeme,4,88.37,462.56,0
CUST-12584,Erkek,45,Evet,Hayır,56,Aylık,Yok,Var,Yok,Evet,Otomatik Ödeme,1,28.95,1595.32,0
CUST-12585,Erkek,61,Hayır,Hayır,31,1 Yıllık,Fiber,Yok,Var,Hayır,Otomatik Ödeme,2,68.79,2194.3,0
CUST-12586,Kadın,46,Hayır,Evet,20,2 Yıllık,Fiber,Var,Yok,Evet,Elektronik Çek,1,94.69,2004.04,0
CUST-12587,Erkek,49,Hayır,Hayır,12,1 Yıllık,Yok,Yok,Yok,Evet,Elektronik Çek,2,18.0,221.11,1
CUST-12588,Erkek,62,Evet,Hayır,29,Aylık,Yok,Yok,Yok,Hayır,Elektronik Çek,1,23.07,615.97,1
CUST-12589,Erkek,54,Evet,Hayır,22,2 Yıllık,Fiber,Var,Yok,Evet,Otomatik Ödeme,3,77.26,1689.04,1
CUST-12590,Kadın,31,Hayır,Hayır,39,Aylık,Fiber,Yok,Yok,Hayır,Otomatik Ödeme,1,66.83,2806.38,1
CUST-12591,Kadın,41,Hayır,Hayır,39,Aylık,DSL,Var,Var,Evet,Otomatik Ödeme,2,56.91,2309.43,0
CUST-12592,Kadın,36,Evet,Hayır,52,Aylık,Fiber,Yok,Yok,Hayır,Elektronik Çek,2,79.33,4406.78,1
CUST-12593,Kadın,18,Hayır,Hayır,23,1 Yıllık,Yok,Yok,Var,Evet,Posta Çeki,3,30.57,741.79,0
CUST-12594,Kadın,18,Hayır,Hayır,65,Aylık,Fiber,Yok,Yok,Evet,Otomatik Ödeme,0,58.6,3514.44,0
CUST-12595,Erkek,54,Evet,Hayır,12,Aylık,Fiber,Var,Yok,Evet,Elektronik Çek,1,106.15,1225.84,0
CUST-12596,Erkek,22,Evet,Evet,27,Aylık,DSL,Yok,Yok,Hayır,Elektronik Çek,4,74.23,1935.46,0
CUST-12597,Kadın,64,Evet,Hayır,15,Aylık,Fiber,Var,Var,Evet,Elektronik Çek,3,90.05,1348.96,1
CUST-12598,Erkek,43,Hayır,Hayır,16,Aylık,Fiber,Yok,Yok,Hayır,Elektronik Çek,1,105.45,1806.4,1
CUST-12599,Kadın,52,Evet,Hayır,21,Aylık,Fiber,Var,Var,Evet,Posta Çeki,3,94.53,2057.14,1
CUST-12600,Kadın,30,Evet,Evet,68,1 Yıllık,DSL,Yok,Yok,Evet,Otomatik Ödeme,2,75.06,5040.61,0
CUST-12601,Erkek,53,Hayır,Hayır,3,Aylık,Fiber,Yok,Yok,Hayır,Elektronik Çek,0,81.37,230.32,1
CUST-12602,Kadın,56,Evet,Hayır,12,Aylık,Yok,Yok,Yok,Evet,Otomatik Ödeme,5,26.03,318.98,1
CUST-12603,Erkek,46,Hayır,Evet,17,2 Yıllık,Yok,Yok,Yok,Evet,Otomatik Ödeme,1,29.47,517.17,0
CUST-12604,Kadın,35,Hayır,Evet,27,1 Yıllık,DSL,Yok,Var,Evet,Otomatik Ödeme,1,66.34,1649.13,0
CUST-12605,Kadın,43,Evet,Hayır,47,1 Yıllık,Fiber,Yok,Yok,Hayır,Otomatik Ödeme,2,84.65,3959.1,1
CUST-12606,Kadın,64,Hayır,Hayır,40,1 Yıllık,Fiber,Yok,Yok,Evet,Posta Çeki,2,70.56,2855.39,0
CUST-12607,Erkek,44,Evet,Hayır,19,2 Yıllık,Yok,Yok,Yok,Hayır,Posta Çeki,0,45.84,863.29,0
CUST-12608,Erkek,74,Hayır,Hayır,14,Aylık,Fiber,Yok,Var,Evet,Posta Çeki,1,77.9,1134.68,0
CUST-12609,Erkek,24,Evet,Hayır,11,Aylık,DSL,Yok,Var,Evet,Otomatik Ödeme,0,45.48,530.59,0
CUST-12610,Erkek,59,Hayır,Evet,62,2 Yıllık,Fiber,Yok,Var,Evet,Otomatik Ödeme,0,98.87,6456.92,0
CUST-12611,Kadın,64,Hayır,Evet,56,Aylık,Yok,Yok,Yok,Evet,Posta Çeki,0,29.74,1767.5,0
CUST-12612,Kadın,55,Evet,Evet,13,2 Yıllık,DSL,Yok,Var,Hayır,Posta Çeki,1,55.08,678.54,0
CUST-12613,Kadın,57,Evet,Hayır,72,Aylık,DSL,Var,Yok,Evet,Otomatik Ödeme,0,59.93,4588.34,0
CUST-12614,Kadın,43,Evet,Hayır,44,Aylık,DSL,Var,Yok,Hayır,Otomatik Ödeme,0,66.67,3034.66,0
CUST-12615,Erkek,43,Evet,Hayır,28,2 Yıllık,Fiber,Yok,Yok,Hayır,Elektronik Çek,2,118.98,3210.25,0
CUST-12616,Kadın,31,Hayır,Evet,25,Aylık,Fiber,Yok,Yok,Hayır,Elektronik Çek,1,54.39,1282.27,0
CUST-12617,Kadın,26,Hayır,Evet,30,Aylık,Yok,Var,Var,Hayır,Posta Çeki,2,49.96,1578.13,0
CUST-12618,Erkek,36,Evet,Hayır,60,2 Yıllık,DSL,Yok,Var,Hayır,Elektronik Çek,2,68.03,3962.09,0
CUST-12619,Kadın,65,Hayır,Hayır,5,Aylık,DSL,Yok,Yok,Hayır,Otomatik Ödeme,1,66.02,336.54,0
CUST-12620,Kadın,58,Hayır,Evet,47,2 Yıllık,Fiber,Yok,Var,Evet,Otomatik Ödeme,0,77.18,3708.33,0
CUST-12621,Erkek,44,Evet,Hayır,38,Aylık,Yok,Var,Yok,Evet,Posta Çeki,2,18.0,648.85,1
CUST-12622,Erkek,40,Hayır,Hayır,28,Aylık,DSL,Yok,Var,Evet,Elektronik Çek,1,68.4,1814.97,1
CUST-12623,Kadın,37,Hayır,Evet,15,Aylık,Fiber,Var,Yok,Evet,Posta Çeki,2,90.35,1268.65,1
CUST-12624,Kadın,51,Evet,Hayır,29,Aylık,Fiber,Yok,Yok,Evet,Elektronik Çek,1,74.43,2308.33,1
CUST-12625,Kadın,42,Hayır,Hayır,14,Aylık,DSL,Var,Var,Hayır,Elektronik Çek,2,69.96,958.07,1
CUST-12626,Erkek,71,Hayır,Evet,21,2 Yıllık,Yok,Yok,Yok,Hayır,Posta Çeki,1,43.7,904.37,0
CUST-12627,Kadın,51,Evet,Hayır,6,Aylık,DSL,Yok,Var,Evet,Otomatik Ödeme,1,47.97,283.26,1
CUST-12628,Erkek,42,Hayır,Hayır,24,Aylık,Fiber,Yok,Yok,Evet,Posta Çeki,2,78.89,1868.35,1
CUST-12629,Kadın,39,Evet,Hayır,3,Aylık,DSL,Yok,Yok,Hayır,Otomatik Ödeme,0,76.1,243.2,1
CUST-12630,Erkek,48,Evet,Hayır,25,1 Yıllık,Yok,Yok,Var,Hayır,Otomatik Ödeme,1,27.79,653.37,0
CUST-12631,Kadın,41,Evet,Hayır,9,1 Yıllık,Fiber,Yok,Yok,Evet,Elektronik Çek,2,96.66,900.73,0
CUST-12632,Erkek,56,Hayır,Hayır,21,Aylık,Yok,Yok,Yok,Evet,Otomatik Ödeme,0,28.41,618.64,1
CUST-12633,Kadın,61,Evet,Hayır,24,1 Yıllık,Yok,Var,Yok,Evet,Otomatik Ödeme,4,31.37,781.36,0
CUST-12634,Kadın,26,Evet,Hayır,38,1 Yıllık,Fiber,Var,Yok,Evet,Posta Çeki,2,62.25,2412.17,0
CUST-12635,Kadın,21,Evet,Hayır,15,Aylık,Fiber,Yok,Yok,Evet,Otomatik Ödeme,0,94.54,1412.93,1
CUST-12636,Erkek,35,Hayır,Evet,10,Aylık,Fiber,Yok,Yok,Evet,Otomatik Ödeme,0,76.25,794.33,0
CUST-12637,Erkek,36,Hayır,Hayır,19,2 Yıllık,Yok,Var,Yok,Evet,Elektronik Çek,0,27.1,496.66,0
CUST-12638,Erkek,54,Evet,Hayır,42,Aylık,DSL,Yok,Yok,Evet,Elektronik Çek,0,51.54,2257.34,1
CUST-12639,Erkek,52,Evet,Hayır,44,2 Yıllık,Fiber,Yok,Yok,Evet,Otomatik Ödeme,2,74.21,3059.46,0
CUST-12640,Erkek,20,Hayır,Hayır,52,Aylık,Fiber,Yok,Yok,Evet,Otomatik Ödeme,1,97.26,4823.06,0
CUST-12641,Erkek,29,Evet,Hayır,49,Aylık,Yok,Var,Yok,Evet,Otomatik Ödeme,2,38.03,1984.68,1
CUST-12642,Kadın,58,Hayır,Hayır,43,Aylık,DSL,Var,Yok,Evet,Posta Çeki,3,55.67,2467.38,0
CUST-12643,Kadın,44,Evet,Hayır,9,Aylık,Fiber,Yok,Yok,Evet,Elektronik Çek,2,75.96,686.41,1
CUST-12644,Kadın,41,Hayır,Hayır,72,Aylık,Fiber,Var,Yok,Hayır,Otomatik Ödeme,1,102.03,7111.28,0
CUST-12645,Erkek,19,Evet,Evet,36,Aylık,Fiber,Yok,Yok,Hayır,Otomatik Ödeme,0,81.07,2838.44,0
CUST-12646,Erkek,56,Hayır,Hayır,18,Aylık,DSL,Yok,Yok,Hayır,Posta Çeki,0,73.54,1307.14,0
CUST-12647,Erkek,33,Evet,Evet,10,Aylık,DSL,Yok,Yok,Evet,Otomatik Ödeme,1,53.73,565.19,1
CUST-12648,Kadın,60,Hayır,Evet,25,Aylık,Fiber,Yok,Var,Evet,Posta Çeki,2,77.71,2047.54,1
CUST-12649,Kadın,52,Hayır,Evet,9,Aylık,Fiber,Yok,Yok,Evet,Otomatik Ödeme,0,90.62,750.9,1
CUST-12650,Erkek,22,Evet,Hayır,20,Aylık,Fiber,Yok,Yok,Evet,Otomatik Ödeme,1,72.97,1362.89,1
CUST-12651,Kadın,48,Hayır,Hayır,45,2 Yıllık,DSL,Yok,Yok,Hayır,Posta Çeki,0,73.56,3309.19,0
CUST-12652,Kadın,30,Hayır,Hayır,35,Aylık,DSL,Var,Yok,Evet,Otomatik Ödeme,2,52.12,1685.24,0
CUST-12653,Kadın,47,Evet,Hayır,47,1 Yıllık,Fiber,Var,Yok,Evet,Elektronik Çek,1,73.12,3471.49,0
CUST-12654,Kadın,36,Hayır,Hayır,1,Aylık,Fiber,Var,Yok,Evet,Elektronik Çek,1,62.9,59.88,0
CUST-12655,Erkek,25,Hayır,Evet,37,1 Yıllık,Fiber,Yok,Var,Hayır,Elektronik Çek,4,102.3,3607.7,1
CUST-12656,Erkek,37,Evet,Hayır,59,Aylık,Fiber,Yok,Var,Hayır,Otomatik Ödeme,1,91.99,5437.68,0
CUST-12657,Kadın,26,Evet,Hayır,28,Aylık,Fiber,Yok,Var,Evet,Otomatik Ödeme,2,81.5,2117.73,0
CUST-12658,Kadın,18,Hayır,Hayır,33,Aylık,DSL,Var,Yok,Hayır,Otomatik Ödeme,2,47.51,1686.93,0
CUST-12659,Erkek,50,Hayır,Hayır,18,2 Yıllık,Fiber,Yok,Yok,Hayır,Elektronik Çek,0,85.5,1565.26,0
CUST-12660,Kadın,27,Evet,Evet,30,Aylık,Yok,Yok,Yok,Hayır,Elektronik Çek,6,37.82,1110.38,0
CUST-12661,Kadın,49,Hayır,Hayır,42,Aylık,DSL,Var,Yok,Evet,Elektronik Çek,2,74.72,3147.49,1
CUST-12662,Erkek,44,Hayır,Evet,13,Aylık,Fiber,Var,Yok,Hayır,Posta Çeki,0,82.94,1087.02,0
CUST-12663,Erkek,57,Evet,Hayır,27,2 Yıllık,DSL,Var,Var,Evet,Otomatik Ödeme,2,50.21,1403.43,0
CUST-12664,Kadın,45,Hayır,Hayır,29,Aylık,Fiber,Yok,Var,Hayır,Posta Çeki,2,96.39,2788.89,1
CUST-12665,Kadın,45,Hayır,Hayır,18,Aylık,Fiber,Yok,Var,Evet,Otomatik Ödeme,0,97.22,1617.21,0
CUST-12666,Erkek,28,Hayır,Hayır,15,1 Yıllık,Fiber,Var,Yok,Evet,Otomatik Ödeme,3,73.28,1074.11,0
CUST-12667,Kadın,22,Evet,Hayır,72,2 Yıllık,Fiber,Yok,Yok,Evet,Elektronik Çek,1,82.38,5692.45,0
CUST-12668,Kadın,35,Evet,Hayır,27,1 Yıllık,Fiber,Yok,Var,Evet,Elektronik Çek,0,86.72,2275.9,0
CUST-12669,Erkek,41,Hayır,Evet,11,Aylık,Yok,Yok,Yok,Evet,Otomatik Ödeme,4,23.25,268.34,1
CUST-12670,Erkek,46,Hayır,Evet,30,Aylık,Fiber,Yok,Var,Hayır,Otomatik Ödeme,2,106.96,3441.93,0
CUST-12671,Kadın,20,Evet,Evet,35,Aylık,DSL,Var,Yok,Hayır,Posta Çeki,3,75.76,2742.89,0
CUST-12672,Erkek,34,Evet,Hayır,42,Aylık,DSL,Yok,Var,Evet,Posta Çeki,2,50.28,1990.53,0
CUST-12673,Kadın,42,Hayır,Hayır,55,2 Yıllık,Fiber,Var,Yok,Evet,Elektronik Çek,1,111.18,6202.15,0
CUST-12674,Erkek,44,Hayır,Hayır,26,Aylık,Fiber,Yok,Yok,Evet,Elektronik Çek,3,96.95,2469.94,1
CUST-12675,Erkek,41,Hayır,Hayır,57,Aylık,Fiber,Var,Yok,Hayır,Posta Çeki,3,104.45,6102.06,0
CUST-12676,Kadın,66,Hayır,Evet,52,2 Yıllık,DSL,Var,Var,Evet,Posta Çeki,2,77.68,4259.11,0
CUST-12677,Erkek,37,Evet,Hayır,44,2 Yıllık,DSL,Var,Yok,Hayır,Posta Çeki,2,42.74,1924.45,0
CUST-12678,Erkek,64,Hayır,Hayır,23,1 Yıllık,DSL,Yok,Yok,Hayır,Elektronik Çek,1,59.19,1363.14,0
CUST-12679,Erkek,70,Hayır,Evet,72,Aylık,DSL,Yok,Var,Evet,Elektronik Çek,0,40.51,2960.31,1
CUST-12680,Kadın,30,Hayır,Hayır,19,Aylık,Fiber,Yok,Yok,Hayır,Posta Çeki,1,94.09,1755.35,0
CUST-12681,Erkek,47,Hayır,Hayır,22,Aylık,Fiber,Yok,Yok,Hayır,Posta Çeki,3,66.18,1533.97,1
CUST-12682,Erkek,60,Evet,Evet,23,1 Yıllık,DSL,Yok,Yok,Hayır,Otomatik Ödeme,0,46.56,1035.23,0
CUST-12683,Erkek,18,Evet,Evet,30,2 Yıllık,DSL,Var,Yok,Evet,Otomatik Ödeme,1,54.67,1697.32,0
CUST-12684,Kadın,48,Evet,Hayır,54,2 Yıllık,DSL,Yok,Yok,Evet,Posta Çeki,0,72.31,3939.19,0
CUST-12685,Erkek,28,Hayır,Evet,34,2 Yıllık,DSL,Var,Var,Hayır,Otomatik Ödeme,2,65.63,2280.39,0
CUST-12686,Kadın,34,Hayır,Hayır,20,Aylık,Yok,Yok,Yok,Hayır,Posta Çeki,0,18.0,337.91,1
CUST-12687,Erkek,37,Evet,Hayır,50,1 Yıllık,DSL,Var,Yok,Evet,Elektronik Çek,1,48.68,2385.53,0
CUST-12688,Kadın,61,Hayır,Evet,16,Aylık,DSL,Yok,Yok,Hayır,Posta Çeki,0,62.94,1000.33,1
CUST-12689,Kadın,48,Evet,Evet,19,Aylık,Fiber,Var,Yok,Evet,Otomatik Ödeme,1,95.62,1902.34,1
CUST-12690,Erkek,44,Evet,Evet,31,Aylık,Fiber,Var,Yok,Evet,Elektronik Çek,3,79.95,2491.61,0
CUST-12691,Kadın,30,Hayır,Hayır,37,Aylık,DSL,Yok,Var,Hayır,Otomatik Ödeme,4,72.45,2841.57,1
CUST-12692,Erkek,43,Hayır,Hayır,21,Aylık,DSL,Var,Yok,Hayır,Posta Çeki,1,18.0,383.4,0
CUST-12693,Erkek,43,Evet,Evet,16,Aylık,DSL,Var,Yok,Evet,Otomatik Ödeme,3,80.85,1355.93,1
CUST-12694,Erkek,40,Evet,Hayır,13,Aylık,DSL,Yok,Var,Evet,Otomatik Ödeme,2,84.04,1056.0,0
CUST-12695,Kadın,57,Evet,Evet,22,1 Yıllık,Fiber,Yok,Yok,Hayır,Elektronik Çek,1,93.37,2009.84,0
CUST-12696,Erkek,37,Hayır,Hayır,24,Aylık,Fiber,Yok,Var,Evet,Elektronik Çek,0,85.83,2223.84,1
CUST-12697,Erkek,55,Hayır,Hayır,19,Aylık,DSL,Yok,Yok,Hayır,Elektronik Çek,2,55.3,1038.0,1
CUST-12698,Kadın,49,Hayır,Hayır,24,1 Yıllık,DSL,Var,Var,Evet,Otomatik Ödeme,2,48.48,1116.03,0
CUST-12699,Erkek,38,Hayır,Hayır,20,1 Yıllık,Fiber,Yok,Yok,Evet,Elektronik Çek,1,113.54,2137.09,0
CUST-12700,Erkek,18,Hayır,Evet,33,1 Yıllık,Yok,Var,Yok,Evet,Otomatik Ödeme,2,50.43,1792.85,0
CUST-12701,Erkek,47,Hayır,Evet,72,1 Yıllık,DSL,Yok,Yok,Hayır,Otomatik Ödeme,0,60.68,4164.93,0
CUST-12702,Erkek,48,Hayır,Evet,23,1 Yıllık,Fiber,Yok,Yok,Hayır,Elektronik Çek,1,78.94,1802.78,0
CUST-12703,Erkek,31,Evet,Evet,8,Aylık,DSL,Yok,Yok,Hayır,Elektronik Çek,1,29.88,238.72,1
CUST-12704,Kadın,49,Hayır,Hayır,41,1 Yıllık,Yok,Yok,Yok,Evet,Otomatik Ödeme,2,37.03,1599.45,0
CUST-12705,Kadın,43,Hayır,Hayır,63,Aylık,Yok,Yok,Var,Evet,Otomatik Ödeme,0,18.0,1068.94,0
CUST-12706,Erkek,37,Evet,Hayır,21,Aylık,Yok,Yok,Yok,Evet,Posta Çeki,1,51.77,1078.26,0
CUST-12707,Erkek,46,Hayır,Hayır,27,1 Yıllık,Fiber,Var,Yok,Evet,Otomatik Ödeme,1,55.45,1517.16,0
CUST-12708,Kadın,49,Hayır,Hayır,54,Aylık,Yok,Yok,Var,Hayır,Elektronik Çek,2,35.99,1788.04,1
CUST-12709,Erkek,45,Evet,Evet,20,Aylık,Fiber,Yok,Var,Evet,Posta Çeki,1,80.38,1657.38,0
CUST-12710,Kadın,43,Evet,Hayır,21,Aylık,Yok,Yok,Yok,Evet,Elektronik Çek,2,36.19,765.31,1
CUST-12711,Erkek,61,Evet,Evet,5,Aylık,DSL,Yok,Yok,Hayır,Otomatik Ödeme,0,67.99,361.63,1
CUST-12712,Erkek,57,Evet,Hayır,15,2 Yıllık,Fiber,Yok,Yok,Hayır,Otomatik Ödeme,0,81.53,1171.09,0
CUST-12713,Erkek,56,Evet,Hayır,50,1 Yıllık,Fiber,Yok,Var,Evet,Otomatik Ödeme,2,91.57,4689.94,0
CUST-12714,Erkek,41,Hayır,Evet,72,Aylık,Fiber,Yok,Yok,Hayır,Elektronik Çek,1,98.94,7558.32,0
CUST-12715,Kadın,51,Hayır,Hayır,72,Aylık,DSL,Yok,Yok,Hayır,Elektronik Çek,0,75.95,5634.36,0
CUST-12716,Erkek,18,Hayır,Evet,17,1 Yıllık,Fiber,Yok,Yok,Hayır,Elektronik Çek,0,101.3,1597.72,0
CUST-12717,Kadın,63,Evet,Hayır,11,1 Yıllık,Fiber,Var,Yok,Evet,Otomatik Ödeme,0,74.22,761.85,1
CUST-12718,Kadın,33,Evet,Hayır,21,Aylık,Fiber,Yok,Var,Evet,Elektronik Çek,3,78.57,1738.84,1
CUST-12719,Erkek,41,Hayır,Hayır,16,2 Yıllık,Fiber,Var,Yok,Hayır,Otomatik Ödeme,1,53.37,811.04,0
CUST-12720,Erkek,42,Evet,Evet,19,1 Yıllık,Fiber,Yok,Yok,Hayır,Posta Çeki,1,89.51,1715.94,0
CUST-12721,Kadın,36,Evet,Hayır,31,2 Yıllık,Fiber,Var,Yok,Hayır,Otomatik Ödeme,1,72.12,2112.9,1
CUST-12722,Erkek,45,Hayır,Hayır,10,1 Yıllık,DSL,Yok,Var,Evet,Elektronik Çek,3,76.62,720.17,1
CUST-12723,Erkek,41,Hayır,Hayır,14,2 Yıllık,DSL,Var,Yok,Evet,Otomatik Ödeme,1,45.27,644.82,0
CUST-12724,Erkek,43,Hayır,Evet,36,Aylık,Fiber,Yok,Yok,Evet,Posta Çeki,2,103.11,3497.22,1
CUST-12725,Erkek,42,Hayır,Hayır,37,1 Yıllık,Fiber,Yok,Yok,Evet,Elektronik Çek,1,76.99,2970.97,0
CUST-12726,Kadın,54,Evet,Hayır,36,2 Yıllık,Fiber,Yok,Var,Hayır,Otomatik Ödeme,2,102.95,3452.41,0
CUST-12727,Erkek,43,Evet,Hayır,8,Aylık,Fiber,Yok,Yok,Hayır,Otomatik Ödeme,4,83.24,660.65,1
CUST-12728,Kadın,18,Evet,Hayır,30,Aylık,DSL,Yok,Yok,Hayır,Otomatik Ödeme,1,60.9,1769.0,0
CUST-12729,Kadın,61,Evet,Evet,52,1 Yıllık,Yok,Yok,Yok,Evet,Otomatik Ödeme,2,37.2,1906.23,0
CUST-12730,Kadın,54,Hayır,Hayır,22,Aylık,Fiber,Yok,Var,Evet,Posta Çeki,2,63.2,1464.88,0
CUST-12731,Erkek,53,Hayır,Evet,12,1 Yıllık,Fiber,Yok,Var,Evet,Otomatik Ödeme,1,70.75,914.76,0
CUST-12732,Erkek,55,Hayır,Hayır,19,1 Yıllık,DSL,Yok,Yok,Evet,Otomatik Ödeme,1,75.43,1497.07,1
CUST-12733,Erkek,32,Hayır,Hayır,54,2 Yıllık,Fiber,Var,Yok,Hayır,Elektronik Çek,2,87.11,4749.1,0
CUST-12734,Erkek,25,Hayır,Hayır,51,Aylık,Yok,Yok,Var,Hayır,Otomatik Ödeme,0,42.18,2181.65,0
CUST-12735,Kadın,37,Hayır,Evet,12,Aylık,Fiber,Yok,Var,Hayır,Elektronik Çek,1,72.53,837.97,0
CUST-12736,Kadın,29,Hayır,Hayır,15,2 Yıllık,Fiber,Var,Var,Evet,Elektronik Çek,0,72.96,1010.65,0
CUST-12737,Erkek,73,Hayır,Evet,32,Aylık,Fiber,Var,Var,Hayır,Elektronik Çek,3,90.3,2862.59,0
CUST-12738,Erkek,38,Hayır,Hayır,58,2 Yıllık,Fiber,Yok,Yok,Hayır,Elektronik Çek,1,81.41,5031.28,0
CUST-12739,Erkek,60,Hayır,Hayır,63,Aylık,DSL,Yok,Yok,Hayır,Otomatik Ödeme,1,61.98,3668.89,1
CUST-12740,Kadın,40,Hayır,Evet,2,Aylık,DSL,Yok,Var,Evet,Otomatik Ödeme,1,73.25,146.21,1
CUST-12741,Kadın,48,Evet,Evet,23,Aylık,Fiber,Yok,Var,Evet,Otomatik Ödeme,2,72.35,1754.39,0
CUST-12742,Erkek,34,Hayır,Hayır,18,Aylık,Fiber,Yok,Yok,Evet,Otomatik Ödeme,1,88.15,1622.05,1
CUST-12743,Kadın,46,Evet,Hayır,29,Aylık,Yok,Var,Yok,Hayır,Posta Çeki,1,24.28,707.38,0
CUST-12744,Kadın,53,Evet,Hayır,72,Aylık,Fiber,Yok,Yok,Hayır,Elektronik Çek,3,98.53,7041.68,0
CUST-12745,Erkek,39,Hayır,Hayır,32,2 Yıllık,Fiber,Var,Var,Evet,Elektronik Çek,2,82.13,2501.12,0
CUST-12746,Erkek,33,Hayır,Hayır,14,2 Yıllık,DSL,Var,Yok,Evet,Elektronik Çek,0,54.4,733.38,0
CUST-12747,Erkek,48,Evet,Hayır,72,Aylık,Fiber,Var,Yok,Hayır,Posta Çeki,2,98.85,7336.8,0
CUST-12748,Erkek,18,Evet,Hayır,52,Aylık,Fiber,Yok,Yok,Evet,Posta Çeki,3,92.58,4885.02,1
CUST-12749,Erkek,42,Hayır,Hayır,34,Aylık,DSL,Var,Var,Evet,Otomatik Ödeme,0,44.11,1567.63,1
CUST-12750,Kadın,37,Evet,Hayır,43,2 Yıllık,Fiber,Yok,Yok,Hayır,Otomatik Ödeme,1,86.77,3614.65,1
CUST-12751,Erkek,33,Hayır,Hayır,23,Aylık,Fiber,Var,Var,Evet,Elektronik Çek,0,94.14,2213.75,1
CUST-12752,Kadın,38,Hayır,Evet,32,1 Yıllık,Yok,Var,Yok,Evet,Elektronik Çek,1,39.62,1257.97,0
CUST-12753,Erkek,71,Hayır,Evet,9,Aylık,Fiber,Yok,Var,Hayır,Posta Çeki,0,73.17,649.53,0
CUST-12754,Kadın,47,Hayır,Evet,57,Aylık,Fiber,Var,Yok,Hayır,Otomatik Ödeme,0,86.03,4969.48,0
CUST-12755,Kadın,40,Evet,Evet,34,Aylık,Fiber,Var,Yok,Evet,Otomatik Ödeme,5,89.57,2944.13,1
CUST-12756,Kadın,22,Evet,Evet,16,1 Yıllık,Fiber,Var,Yok,Evet,Elektronik Çek,1,81.76,1230.4,0
CUST-12757,Kadın,49,Evet,Hayır,64,Aylık,Yok,Yok,Yok,Hayır,Otomatik Ödeme,5,39.42,2484.92,0
CUST-12758,Kadın,44,Hayır,Hayır,60,2 Yıllık,Fiber,Yok,Yok,Hayır,Elektronik Çek,2,97.31,6060.26,0
CUST-12759,Erkek,40,Hayır,Hayır,57,Aylık,DSL,Yok,Yok,Evet,Elektronik Çek,2,72.03,4341.04,0
CUST-12760,Kadın,18,Hayır,Hayır,30,Aylık,DSL,Var,Yok,Hayır,Elektronik Çek,1,46.82,1421.69,0
CUST-12761,Kadın,35,Hayır,Evet,41,Aylık,Yok,Yok,Var,Hayır,Otomatik Ödeme,1,29.85,1156.63,0
CUST-12762,Erkek,26,Hayır,Evet,12,1 Yıllık,Yok,Var,Yok,Hayır,Elektronik Çek,0,34.23,408.15,0
CUST-12763,Kadın,71,Evet,Evet,19,1 Yıllık,Fiber,Yok,Yok,Evet,Otomatik Ödeme,2,85.02,1659.16,0
CUST-12764,Kadın,26,Hayır,Hayır,12,Aylık,DSL,Var,Yok,Evet,Elektronik Çek,0,41.75,509.92,0
CUST-12765,Kadın,34,Hayır,Evet,45,Aylık,Fiber,Yok,Yok,Evet,Otomatik Ödeme,3,94.14,4466.36,0
CUST-12766,Erkek,49,Hayır,Hayır,19,Aylık,DSL,Var,Var,Evet,Elektronik Çek,0,51.85,1043.5,0
CUST-12767,Erkek,42,Evet,Hayır,31,2 Yıllık,Fiber,Var,Yok,Evet,Otomatik Ödeme,1,67.66,1979.58,0
CUST-12768,Erkek,42,Hayır,Evet,21,Aylık,Fiber,Yok,Yok,Evet,Elektronik Çek,2,78.2,1614.52,0
CUST-12769,Erkek,39,Evet,Hayır,31,2 Yıllık,DSL,Yok,Yok,Hayır,Posta Çeki,1,63.96,2009.63,0
CUST-12770,Kadın,48,Evet,Hayır,17,1 Yıllık,Yok,Yok,Yok,Evet,Otomatik Ödeme,0,35.14,643.66,1
CUST-12771,Erkek,21,Hayır,Hayır,16,Aylık,DSL,Yok,Yok,Evet,Elektronik Çek,3,64.19,1081.18,0
CUST-12772,Kadın,38,Hayır,Evet,11,Aylık,DSL,Yok,Var,Hayır,Otomatik Ödeme,5,53.92,617.04,1
CUST-12773,Erkek,44,Hayır,Evet,28,1 Yıllık,Yok,Yok,Yok,Evet,Elektronik Çek,1,22.78,588.33,0
CUST-12774,Kadın,44,Hayır,Hayır,38,Aylık,Fiber,Yok,Var,Evet,Posta Çeki,1,79.39,3178.61,1
CUST-12775,Erkek,35,Hayır,Evet,8,1 Yıllık,Yok,Yok,Yok,Hayır,Otomatik Ödeme,0,32.3,247.89,0
CUST-12776,Kadın,42,Hayır,Hayır,51,Aylık,DSL,Yok,Yok,Evet,Otomatik Ödeme,2,76.54,3842.58,1
CUST-12777,Erkek,63,Hayır,Evet,66,Aylık,DSL,Yok,Yok,Evet,Posta Çeki,1,68.79,4722.55,0
CUST-12778,Erkek,40,Hayır,Hayır,14,2 Yıllık,Fiber,Var,Yok,Evet,Elektronik Çek,0,66.89,968.32,0
CUST-12779,Kadın,63,Hayır,Hayır,22,Aylık,Fiber,Yok,Var,Hayır,Otomatik Ödeme,2,95.71,2051.09,0
CUST-12780,Kadın,18,Hayır,Hayır,12,2 Yıllık,Fiber,Yok,Var,Evet,Elektronik Çek,0,86.55,1071.42,0
CUST-12781,Kadın,62,Hayır,Hayır,54,2 Yıllık,DSL,Yok,Yok,Hayır,Otomatik Ödeme,5,57.21,2927.57,0
CUST-12782,Erkek,18,Evet,Hayır,72,Aylık,Fiber,Var,Yok,Evet,Elektronik Çek,1,104.07,7773.71,0
CUST-12783,Erkek,46,Hayır,Evet,31,Aylık,Yok,Yok,Yok,Hayır,Otomatik Ödeme,2,25.54,807.86,0
CUST-12784,Kadın,18,Evet,Hayır,4,1 Yıllık,Yok,Yok,Var,Evet,Posta Çeki,3,27.65,110.18,1
CUST-12785,Erkek,45,Hayır,Hayır,64,1 Yıllık,Fiber,Yok,Yok,Evet,Otomatik Ödeme,0,70.58,4653.04,0
CUST-12786,Kadın,54,Evet,Evet,5,Aylık,Fiber,Var,Yok,Hayır,Otomatik Ödeme,2,104.71,560.27,1
CUST-12787,Kadın,51,Hayır,Hayır,35,2 Yıllık,Fiber,Yok,Var,Evet,Otomatik Ödeme,3,56.11,1980.66,0
CUST-12788,Kadın,53,Hayır,Hayır,33,Aylık,Fiber,Var,Var,Hayır,Elektronik Çek,1,81.9,2619.67,0
CUST-12789,Erkek,18,Hayır,Hayır,23,Aylık,DSL,Yok,Var,Evet,Otomatik Ödeme,1,52.95,1245.71,0
CUST-12790,Erkek,34,Evet,Hayır,20,Aylık,Fiber,Var,Var,Evet,Otomatik Ödeme,0,76.86,1484.32,0
CUST-12791,Kadın,32,Evet,Hayır,14,Aylık,DSL,Yok,Yok,Hayır,Elektronik Çek,3,61.33,923.34,0
CUST-12792,Erkek,41,Hayır,Hayır,19,1 Yıllık,DSL,Var,Var,Evet,Otomatik Ödeme,2,54.46,990.79,0
CUST-12793,Erkek,19,Evet,Hayır,48,1 Yıllık,Yok,Yok,Yok,Hayır,Elektronik Çek,2,34.91,1618.66,0
CUST-12794,Erkek,39,Hayır,Evet,35,Aylık,Fiber,Yok,Var,Evet,Otomatik Ödeme,3,62.69,2193.24,1
CUST-12795,Erkek,30,Hayır,Hayır,20,Aylık,Fiber,Yok,Yok,Hayır,Elektronik Çek,1,94.12,1977.58,0
CUST-12796,Kadın,51,Evet,Hayır,13,1 Yıllık,DSL,Var,Yok,Evet,Posta Çeki,1,63.5,792.37,0
CUST-12797,Kadın,73,Hayır,Hayır,12,Aylık,Fiber,Yok,Yok,Evet,Elektronik Çek,0,94.61,1188.13,1
CUST-12798,Kadın,50,Hayır,Hayır,19,Aylık,Fiber,Var,Yok,Hayır,Posta Çeki,2,100.87,2010.43,1
CUST-12799,Erkek,69,Evet,Hayır,40,2 Yıllık,Yok,Yok,Var,Hayır,Posta Çeki,1,38.51,1655.72,0
CUST-12800,Kadın,18,Hayır,Evet,37,2 Yıllık,Fiber,Var,Yok,Evet,Posta Çeki,2,77.0,2840.46,0
CUST-12801,Erkek,58,Hayır,Hayır,31,2 Yıllık,Fiber,Var,Yok,Evet,Otomatik Ödeme,3,64.93,2065.99,0
CUST-12802,Erkek,29,Hayır,Hayır,19,1 Yıllık,Yok,Yok,Yok,Evet,Elektronik Çek,0,33.18,651.14,0
CUST-12803,Erkek,34,Hayır,Hayır,16,Aylık,Yok,Var,Yok,Hayır,Posta Çeki,0,23.17,388.22,0
CUST-12804,Erkek,40,Evet,Evet,24,Aylık,Fiber,Var,Yok,Hayır,Otomatik Ödeme,0,91.44,2260.65,1
CUST-12805,Erkek,40,Hayır,Hayır,40,1 Yıllık,DSL,Yok,Var,Evet,Otomatik Ödeme,0,48.52,1904.39,0
CUST-12806,Kadın,41,Evet,Hayır,8,2 Yıllık,DSL,Var,Yok,Hayır,Otomatik Ödeme,1,72.79,572.52,0
CUST-12807,Erkek,32,Evet,Hayır,10,Aylık,DSL,Yok,Yok,Hayır,Otomatik Ödeme,0,63.0,586.91,0
CUST-12808,Kadın,41,Hayır,Hayır,28,Aylık,DSL,Yok,Yok,Evet,Otomatik Ödeme,2,57.43,1594.7,1
CUST-12809,Kadın,58,Hayır,Hayır,9,Aylık,Fiber,Var,Var,Evet,Elektronik Çek,0,79.34,719.78,0
CUST-12810,Erkek,23,Evet,Evet,47,Aylık,Yok,Var,Yok,Evet,Otomatik Ödeme,2,42.53,1875.71,1
CUST-12811,Kadın,44,Hayır,Evet,50,Aylık,Fiber,Yok,Yok,Evet,Elektronik Çek,3,79.64,4144.33,0
CUST-12812,Kadın,41,Evet,Hayır,19,Aylık,Fiber,Yok,Var,Hayır,Otomatik Ödeme,2,100.31,2018.32,1
CUST-12813,Erkek,42,Hayır,Hayır,39,Aylık,Fiber,Var,Var,Evet,Posta Çeki,4,94.95,3484.06,1
CUST-12814,Kadın,61,Evet,Evet,11,Aylık,Fiber,Yok,Yok,Hayır,Otomatik Ödeme,0,86.41,923.72,1
CUST-12815,Kadın,58,Evet,Hayır,9,Aylık,Yok,Yok,Yok,Evet,Posta Çeki,1,32.92,301.71,1
CUST-12816,Erkek,37,Evet,Hayır,28,Aylık,Yok,Yok,Var,Hayır,Otomatik Ödeme,0,55.73,1534.96,0
CUST-12817,Kadın,29,Hayır,Hayır,64,1 Yıllık,Fiber,Yok,Var,Hayır,Elektronik Çek,0,81.43,5264.18,0
CUST-12818,Kadın,57,Evet,Hayır,49,1 Yıllık,Fiber,Var,Var,Hayır,Otomatik Ödeme,1,96.56,4622.73,0
CUST-12819,Erkek,60,Hayır,Hayır,72,2 Yıllık,DSL,Var,Yok,Evet,Elektronik Çek,1,53.55,3553.39,0
CUST-12820,Erkek,34,Evet,Evet,72,Aylık,Fiber,Yok,Var,Hayır,Otomatik Ödeme,0,82.01,5976.13,0
CUST-12821,Erkek,57,Hayır,Hayır,35,2 Yıllık,Yok,Yok,Yok,Evet,Posta Çeki,4,18.0,584.93,0
CUST-12822,Kadın,18,Hayır,Evet,30,Aylık,Fiber,Var,Yok,Hayır,Otomatik Ödeme,3,67.08,2166.66,0
CUST-12823,Kadın,36,Hayır,Hayır,11,1 Yıllık,DSL,Yok,Yok,Evet,Elektronik Çek,3,69.76,752.13,0
CUST-12824,Kadın,36,Evet,Evet,29,1 Yıllık,Yok,Var,Yok,Evet,Elektronik Çek,1,58.37,1672.62,0
CUST-12825,Erkek,18,Evet,Hayır,22,Aylık,Yok,Var,Yok,Evet,Otomatik Ödeme,0,30.41,617.72,0
CUST-12826,Erkek,44,Hayır,Evet,37,Aylık,Fiber,Yok,Var,Evet,Elektronik Çek,1,88.56,3232.6,1
CUST-12827,Erkek,65,Hayır,Evet,9,1 Yıllık,Fiber,Yok,Yok,Evet,Posta Çeki,1,83.52,701.78,0
CUST-12828,Erkek,21,Evet,Evet,21,Aylık,DSL,Var,Yok,Evet,Otomatik Ödeme,4,66.73,1423.19,0
CUST-12829,Kadın,47,Hayır,Hayır,5,Aylık,DSL,Yok,Var,Hayır,Elektronik Çek,1,76.01,406.13,0
CUST-12830,Erkek,58,Hayır,Evet,51,Aylık,Yok,Var,Yok,Hayır,Elektronik Çek,2,23.21,1271.72,0
CUST-12831,Kadın,25,Hayır,Hayır,5,Aylık,Yok,Yok,Yok,Hayır,Otomatik Ödeme,1,20.38,94.75,0
CUST-12832,Kadın,52,Hayır,Evet,72,1 Yıllık,DSL,Var,Var,Evet,Elektronik Çek,1,51.73,3732.64,0
CUST-12833,Kadın,46,Evet,Hayır,55,2 Yıllık,Yok,Yok,Yok,Evet,Elektronik Çek,4,43.42,2474.06,0
CUST-12834,Kadın,33,Evet,Evet,18,2 Yıllık,Yok,Yok,Var,Evet,Elektronik Çek,1,47.56,820.57,0
CUST-12835,Erkek,34,Hayır,Hayır,31,Aylık,Fiber,Var,Yok,Evet,Otomatik Ödeme,2,88.54,2660.41,0
CUST-12836,Kadın,18,Evet,Hayır,72,Aylık,Yok,Var,Yok,Hayır,Elektronik Çek,2,49.28,3569.6,0
CUST-12837,Kadın,43,Hayır,Hayır,3,Aylık,Fiber,Var,Var,Hayır,Elektronik Çek,0,80.71,236.55,1
CUST-12838,Kadın,30,Evet,Hayır,36,Aylık,Fiber,Yok,Yok,Hayır,Otomatik Ödeme,0,61.22,2030.99,1
CUST-12839,Kadın,18,Hayır,Evet,69,Aylık,Fiber,Var,Yok,Evet,Elektronik Çek,1,84.64,6160.35,0
CUST-12840,Erkek,42,Evet,Hayır,40,1 Yıllık,DSL,Var,Yok,Evet,Elektronik Çek,4,56.45,2285.63,0
CUST-12841,Erkek,49,Evet,Evet,34,1 Yıllık,Fiber,Yok,Var,Evet,Elektronik Çek,0,85.85,2943.2,1
CUST-12842,Kadın,61,Hayır,Hayır,23,Aylık,DSL,Yok,Yok,Evet,Posta Çeki,1,82.53,1980.38,1
CUST-12843,Erkek,40,Hayır,Hayır,14,1 Yıllık,DSL,Var,Yok,Evet,Otomatik Ödeme,0,55.43,834.49,0
CUST-12844,Erkek,41,Hayır,Hayır,23,1 Yıllık,Fiber,Var,Var,Hayır,Otomatik Ödeme,1,76.4,1831.42,0
CUST-12845,Kadın,63,Evet,Hayır,26,1 Yıllık,Fiber,Var,Yok,Hayır,Posta Çeki,1,83.75,2264.25,0
CUST-12846,Kadın,35,Hayır,Hayır,38,2 Yıllık,DSL,Yok,Yok,Evet,Elektronik Çek,1,73.68,3022.3,0
CUST-12847,Kadın,52,Hayır,Evet,34,2 Yıllık,Fiber,Yok,Yok,Hayır,Elektronik Çek,0,92.74,3159.32,0
CUST-12848,Kadın,39,Evet,Hayır,43,2 Yıllık,Yok,Var,Yok,Hayır,Elektronik Çek,1,22.22,897.29,0
CUST-12849,Erkek,42,Evet,Evet,26,2 Yıllık,Yok,Var,Yok,Hayır,Otomatik Ödeme,4,64.28,1686.0,0
CUST-12850,Erkek,39,Hayır,Hayır,29,Aylık,Fiber,Var,Var,Evet,Otomatik Ödeme,0,80.3,2396.45,0
CUST-12851,Kadın,60,Hayır,Hayır,28,Aylık,DSL,Var,Yok,Hayır,Elektronik Çek,0,61.06,1802.27,0
CUST-12852,Kadın,44,Hayır,Hayır,18,1 Yıllık,DSL,Yok,Var,Evet,Otomatik Ödeme,0,53.03,1006.8,0
CUST-12853,Erkek,56,Hayır,Evet,17,Aylık,Yok,Yok,Var,Evet,Posta Çeki,1,21.61,387.46,1
CUST-12854,Erkek,40,Evet,Hayır,8,1 Yıllık,Yok,Yok,Yok,Evet,Otomatik Ödeme,1,47.42,403.76,0
CUST-12855,Kadın,29,Evet,Hayır,9,Aylık,DSL,Var,Yok,Hayır,Otomatik Ödeme,0,50.89,459.23,0
CUST-12856,Erkek,36,Evet,Evet,8,Aylık,Fiber,Yok,Var,Evet,Elektronik Çek,2,89.89,666.99,1
CUST-12857,Erkek,44,Evet,Hayır,30,Aylık,Fiber,Yok,Yok,Evet,Otomatik Ödeme,0,95.44,2651.97,0
CUST-12858,Kadın,38,Evet,Evet,5,Aylık,Yok,Var,Yok,Hayır,Elektronik Çek,4,39.24,191.81,0
CUST-12859,Erkek,42,Hayır,Hayır,28,Aylık,Fiber,Var,Var,Hayır,Elektronik Çek,3,104.46,2922.41,1
CUST-12860,Kadın,69,Hayır,Hayır,7,Aylık,Fiber,Var,Yok,Hayır,Elektronik Çek,1,79.76,593.36,1
CUST-12861,Kadın,37,Evet,Evet,12,2 Yıllık,Yok,Yok,Var,Evet,Posta Çeki,1,33.3,395.06,0
CUST-12862,Erkek,31,Hayır,Evet,25,Aylık,DSL,Yok,Yok,Evet,Otomatik Ödeme,1,56.38,1453.65,0
CUST-12863,Erkek,59,Evet,Hayır,24,Aylık,DSL,Yok,Yok,Hayır,Elektronik Çek,3,61.41,1545.97,0
CUST-12864,Erkek,29,Evet,Hayır,39,1 Yıllık,DSL,Var,Var,Evet,Otomatik Ödeme,1,40.8,1595.6,0
CUST-12865,Kadın,46,Hayır,Hayır,31,Aylık,Yok,Yok,Yok,Hayır,Elektronik Çek,2,21.42,713.83,1
CUST-12866,Kadın,35,Evet,Hayır,16,Aylık,DSL,Yok,Yok,Evet,Otomatik Ödeme,0,59.93,1002.23,0
CUST-12867,Erkek,63,Evet,Evet,21,Aylık,Fiber,Yok,Yok,Evet,Otomatik Ödeme,2,81.55,1726.61,1
CUST-12868,Erkek,42,Hayır,Evet,40,1 Yıllık,Yok,Yok,Yok,Hayır,Elektronik Çek,1,19.56,821.12,0
CUST-12869,Kadın,36,Hayır,Hayır,26,Aylık,Yok,Yok,Var,Evet,Elektronik Çek,2,31.41,821.78,0
CUST-12870,Kadın,48,Evet,Hayır,47,Aylık,Yok,Var,Yok,Hayır,Otomatik Ödeme,2,43.27,2156.4,0
CUST-12871,Erkek,28,Hayır,Hayır,13,1 Yıllık,Fiber,Yok,Yok,Hayır,Otomatik Ödeme,1,89.91,1156.94,0
CUST-12872,Kadın,42,Hayır,Evet,14,Aylık,Fiber,Yok,Var,Evet,Otomatik Ödeme,0,78.13,1012.66,1
CUST-12873,Erkek,47,Evet,Hayır,8,Aylık,Fiber,Yok,Yok,Hayır,Posta Çeki,1,86.81,656.22,1
CUST-12874,Kadın,75,Evet,Hayır,45,Aylık,DSL,Yok,Yok,Hayır,Elektronik Çek,0,70.32,3411.37,0
CUST-12875,Kadın,29,Hayır,Evet,65,1 Yıllık,Yok,Yok,Var,Hayır,Otomatik Ödeme,1,27.96,1961.61,0
CUST-12876,Kadın,50,Hayır,Hayır,18,Aylık,DSL,Yok,Yok,Hayır,Posta Çeki,0,76.43,1468.88,1
CUST-12877,Erkek,42,Hayır,Hayır,16,Aylık,Fiber,Yok,Yok,Evet,Elektronik Çek,0,71.75,1134.62,1
CUST-12878,Kadın,60,Hayır,Hayır,9,Aylık,Fiber,Yok,Yok,Evet,Posta Çeki,3,86.1,769.33,0
CUST-12879,Kadın,44,Evet,Hayır,50,2 Yıllık,DSL,Yok,Yok,Evet,Otomatik Ödeme,3,72.76,3688.98,0
CUST-12880,Erkek,33,Hayır,Evet,20,Aylık,Fiber,Var,Yok,Evet,Elektronik Çek,1,90.71,1790.93,0
CUST-12881,Kadın,46,Hayır,Hayır,30,Aylık,DSL,Yok,Var,Hayır,Elektronik Çek,2,74.09,2088.53,1
CUST-12882,Erkek,41,Hayır,Hayır,27,Aylık,DSL,Var,Yok,Hayır,Elektronik Çek,2,70.26,1921.7,0
CUST-12883,Erkek,18,Evet,Evet,6,1 Yıllık,Fiber,Yok,Var,Evet,Otomatik Ödeme,3,74.59,449.21,0
CUST-12884,Kadın,20,Evet,Evet,4,1 Yıllık,Fiber,Yok,Var,Evet,Otomatik Ödeme,0,101.23,397.93,0
CUST-12885,Kadın,42,Hayır,Hayır,62,Aylık,Yok,Var,Yok,Hayır,Otomatik Ödeme,1,22.62,1494.89,0
CUST-12886,Kadın,53,Evet,Hayır,53,2 Yıllık,Yok,Yok,Yok,Evet,Elektronik Çek,1,33.78,1870.05,0
CUST-12887,Erkek,64,Hayır,Hayır,48,1 Yıllık,Fiber,Var,Var,Evet,Otomatik Ödeme,1,93.02,4562.61,0
CUST-12888,Kadın,34,Hayır,Evet,22,Aylık,DSL,Yok,Var,Evet,Otomatik Ödeme,2,65.82,1398.49,1
CUST-12889,Erkek,52,Evet,Hayır,13,2 Yıllık,DSL,Var,Yok,Evet,Posta Çeki,2,65.97,884.32,0
CUST-12890,Erkek,48,Hayır,Hayır,25,Aylık,Fiber,Yok,Yok,Hayır,Otomatik Ödeme,2,88.29,2161.03,0
CUST-12891,Erkek,31,Evet,Hayır,12,1 Yıllık,Fiber,Yok,Yok,Evet,Posta Çeki,2,85.82,955.98,1
CUST-12892,Erkek,62,Evet,Hayır,31,Aylık,Fiber,Yok,Var,Evet,Otomatik Ödeme,2,60.33,1869.17,1
CUST-12893,Erkek,27,Hayır,Evet,22,Aylık,Yok,Yok,Yok,Evet,Posta Çeki,1,40.91,917.48,1
CUST-12894,Erkek,42,Hayır,Hayır,18,Aylık,DSL,Yok,Yok,Evet,Otomatik Ödeme,1,58.02,995.22,1
CUST-12895,Kadın,39,Hayır,Hayır,31,2 Yıllık,Fiber,Yok,Yok,Hayır,Otomatik Ödeme,0,65.88,2054.16,1
CUST-12896,Kadın,49,Evet,Hayır,21,2 Yıllık,Fiber,Yok,Yok,Evet,Otomatik Ödeme,0,84.52,1637.68,0
CUST-12897,Erkek,38,Hayır,Hayır,11,Aylık,DSL,Yok,Yok,Evet,Posta Çeki,0,55.41,598.08,0
CUST-12898,Erkek,54,Evet,Hayır,13,Aylık,Fiber,Yok,Yok,Evet,Otomatik Ödeme,2,65.7,883.77,1
CUST-12899,Erkek,47,Hayır,Hayır,23,Aylık,Fiber,Yok,Yok,Hayır,Otomatik Ödeme,0,78.21,1822.62,1
CUST-12900,Kadın,43,Hayır,Evet,20,Aylık,Fiber,Var,Yok,Hayır,Otomatik Ödeme,1,76.33,1438.47,0
CUST-12901,Erkek,24,Evet,Evet,41,2 Yıllık,DSL,Yok,Yok,Evet,Posta Çeki,0,55.61,2348.43,0
CUST-12902,Erkek,33,Evet,Evet,29,1 Yıllık,Fiber,Yok,Yok,Evet,Elektronik Çek,0,99.29,2844.86,0
CUST-12903,Erkek,40,Hayır,Evet,31,Aylık,DSL,Yok,Yok,Evet,Otomatik Ödeme,0,59.49,1722.97,0
CUST-12904,Erkek,45,Hayır,Evet,8,Aylık,Fiber,Var,Var,Evet,Elektronik Çek,3,94.99,806.12,1
CUST-12905,Kadın,34,Hayır,Hayır,21,1 Yıllık,DSL,Yok,Var,Evet,Elektronik Çek,0,66.52,1327.66,1
CUST-12906,Kadın,56,Hayır,Hayır,8,Aylık,Fiber,Yok,Var,Evet,Elektronik Çek,1,98.02,745.1,0
CUST-12907,Kadın,66,Hayır,Evet,16,1 Yıllık,DSL,Yok,Yok,Hayır,Otomatik Ödeme,1,79.98,1216.17,1
CUST-12908,Kadın,51,Hayır,Evet,36,1 Yıllık,Fiber,Var,Var,Hayır,Posta Çeki,1,84.47,3122.97,0
CUST-12909,Erkek,46,Hayır,Evet,15,Aylık,Fiber,Var,Var,Evet,Otomatik Ödeme,1,83.32,1304.64,0
CUST-12910,Erkek,22,Evet,Hayır,19,1 Yıllık,DSL,Yok,Var,Hayır,Otomatik Ödeme,5,56.74,1030.54,1
CUST-12911,Kadın,51,Evet,Evet,29,Aylık,Fiber,Var,Yok,Evet,Elektronik Çek,0,71.92,2181.06,0
CUST-12912,Kadın,42,Evet,Hayır,18,Aylık,Fiber,Var,Yok,Hayır,Otomatik Ödeme,3,87.7,1701.59,1
CUST-12913,Erkek,39,Evet,Hayır,50,Aylık,DSL,Yok,Var,Evet,Elektronik Çek,0,54.64,2520.79,1
CUST-12914,Erkek,51,Hayır,Hayır,17,Aylık,DSL,Yok,Yok,Hayır,Otomatik Ödeme,0,58.48,1057.34,0
CUST-12915,Kadın,37,Hayır,Hayır,21,Aylık,Fiber,Yok,Yok,Hayır,Otomatik Ödeme,3,99.68,2132.36,1
CUST-12916,Kadın,30,Hayır,Hayır,58,Aylık,DSL,Var,Yok,Hayır,Elektronik Çek,2,65.83,3822.48,1
CUST-12917,Kadın,72,Hayır,Hayır,28,2 Yıllık,Yok,Var,Yok,Hayır,Otomatik Ödeme,3,47.67,1369.9,0
CUST-12918,Erkek,45,Evet,Hayır,22,Aylık,Fiber,Var,Yok,Evet,Otomatik Ödeme,0,101.32,2365.67,1
CUST-12919,Erkek,59,Evet,Hayır,72,Aylık,Fiber,Var,Yok,Evet,Posta Çeki,0,90.26,6735.07,0
CUST-12920,Erkek,35,Hayır,Evet,31,2 Yıllık,Fiber,Yok,Yok,Hayır,Elektronik Çek,0,77.37,2251.65,0
CUST-12921,Erkek,48,Evet,Hayır,58,2 Yıllık,DSL,Yok,Var,Evet,Elektronik Çek,1,50.27,3077.68,0
CUST-12922,Kadın,32,Hayır,Hayır,38,2 Yıllık,Fiber,Yok,Yok,Hayır,Elektronik Çek,3,80.35,2826.09,0
CUST-12923,Kadın,28,Hayır,Evet,39,1 Yıllık,Fiber,Yok,Var,Evet,Elektronik Çek,4,74.98,2996.27,0
CUST-12924,Erkek,26,Evet,Hayır,60,1 Yıllık,Fiber,Var,Var,Evet,Elektronik Çek,3,72.39,4372.03,0
CUST-12925,Kadın,69,Evet,Evet,36,1 Yıllık,DSL,Var,Var,Evet,Otomatik Ödeme,0,53.18,1847.88,0
CUST-12926,Erkek,65,Evet,Hayır,20,1 Yıllık,Fiber,Yok,Yok,Hayır,Posta Çeki,1,81.4,1623.35,1
CUST-12927,Erkek,57,Evet,Hayır,24,Aylık,Fiber,Yok,Yok,Evet,Otomatik Ödeme,1,89.97,2002.27,1
CUST-12928,Kadın,27,Hayır,Evet,25,Aylık,DSL,Var,Yok,Evet,Elektronik Çek,0,70.57,1832.71,1
CUST-12929,Kadın,45,Evet,Hayır,55,Aylık,Fiber,Yok,Yok,Evet,Otomatik Ödeme,0,62.73,3605.45,0
CUST-12930,Erkek,49,Evet,Evet,49,Aylık,DSL,Var,Yok,Hayır,Otomatik Ödeme,3,79.86,3853.16,0
CUST-12931,Kadın,50,Evet,Hayır,31,Aylık,Fiber,Yok,Yok,Evet,Otomatik Ödeme,3,67.38,2011.44,1
CUST-12932,Kadın,30,Hayır,Evet,27,1 Yıllık,Fiber,Yok,Yok,Evet,Otomatik Ödeme,2,91.63,2531.11,0
CUST-12933,Erkek,53,Evet,Hayır,30,Aylık,Yok,Yok,Yok,Evet,Otomatik Ödeme,2,30.47,888.53,0
CUST-12934,Kadın,68,Hayır,Hayır,53,Aylık,Fiber,Yok,Yok,Evet,Otomatik Ödeme,2,79.12,4425.72,1
CUST-12935,Erkek,58,Hayır,Evet,72,1 Yıllık,Fiber,Var,Var,Evet,Elektronik Çek,2,84.17,5739.28,0
CUST-12936,Erkek,52,Hayır,Evet,32,Aylık,Fiber,Var,Yok,Evet,Elektronik Çek,0,84.41,2875.49,0
CUST-12937,Erkek,46,Evet,Evet,12,2 Yıllık,DSL,Var,Yok,Evet,Elektronik Çek,1,71.03,875.66,0
CUST-12938,Erkek,34,Evet,Hayır,9,1 Yıllık,Fiber,Yok,Var,Hayır,Otomatik Ödeme,2,87.59,805.32,1
CUST-12939,Kadın,42,Evet,Hayır,12,Aylık,Fiber,Var,Var,Hayır,Otomatik Ödeme,0,83.71,1019.07,1
CUST-12940,Erkek,66,Evet,Hayır,72,Aylık,Fiber,Yok,Var,Hayır,Otomatik Ödeme,2,71.37,5197.04,0
CUST-12941,Kadın,37,Evet,Hayır,9,2 Yıllık,DSL,Var,Yok,Evet,Otomatik Ödeme,0,59.25,557.84,0
CUST-12942,Kadın,47,Hayır,Hayır,19,Aylık,Yok,Var,Var,Evet,Elektronik Çek,0,18.0,358.25,1
CUST-12943,Kadın,55,Evet,Hayır,28,Aylık,DSL,Var,Yok,Evet,Otomatik Ödeme,5,47.99,1366.46,1
CUST-12944,Kadın,50,Evet,Evet,14,Aylık,Fiber,Yok,Yok,Evet,Elektronik Çek,2,101.98,1428.02,1
CUST-12945,Kadın,61,Evet,Hayır,29,Aylık,Fiber,Yok,Yok,Evet,Otomatik Ödeme,2,69.13,2064.15,1
CUST-12946,Kadın,28,Hayır,Hayır,36,Aylık,DSL,Yok,Var,Hayır,Elektronik Çek,1,47.9,1832.0,0
CUST-12947,Kadın,45,Evet,Evet,33,Aylık,Yok,Yok,Yok,Evet,Posta Çeki,2,42.01,1414.67,0
CUST-12948,Kadın,36,Hayır,Hayır,51,Aylık,Yok,Yok,Yok,Hayır,Elektronik Çek,1,37.59,1926.33,0
CUST-12949,Erkek,37,Evet,Hayır,72,2 Yıllık,Fiber,Yok,Var,Evet,Otomatik Ödeme,2,105.44,7554.66,0
CUST-12950,Erkek,40,Evet,Evet,4,1 Yıllık,Yok,Yok,Yok,Hayır,Elektronik Çek,1,50.36,207.83,0
CUST-12951,Kadın,43,Evet,Hayır,72,Aylık,DSL,Yok,Yok,Hayır,Otomatik Ödeme,1,31.94,2466.52,0
CUST-12952,Kadın,51,Evet,Hayır,51,1 Yıllık,DSL,Var,Yok,Hayır,Posta Çeki,6,53.77,2821.6,0
CUST-12953,Erkek,33,Hayır,Evet,15,Aylık,DSL,Yok,Var,Evet,Otomatik Ödeme,0,62.79,887.5,0
CUST-12954,Kadın,47,Evet,Hayır,56,1 Yıllık,DSL,Yok,Yok,Evet,Otomatik Ödeme,0,78.03,4201.29,0
CUST-12955,Kadın,46,Evet,Hayır,33,1 Yıllık,Fiber,Yok,Yok,Hayır,Otomatik Ödeme,2,89.4,3014.76,0
CUST-12956,Kadın,57,Hayır,Hayır,12,2 Yıllık,Fiber,Var,Var,Hayır,Elektronik Çek,2,78.87,1009.87,0
CUST-12957,Erkek,43,Evet,Hayır,19,Aylık,Fiber,Yok,Yok,Hayır,Otomatik Ödeme,1,110.78,2129.8,1
CUST-12958,Erkek,54,Hayır,Hayır,8,2 Yıllık,Fiber,Yok,Yok,Evet,Elektronik Çek,1,90.84,706.37,0
CUST-12959,Erkek,49,Hayır,Evet,43,Aylık,DSL,Var,Yok,Evet,Posta Çeki,1,71.1,3104.46,0
CUST-12960,Erkek,18,Hayır,Hayır,22,Aylık,Fiber,Yok,Var,Hayır,Otomatik Ödeme,0,109.97,2402.49,0
CUST-12961,Kadın,58,Evet,Hayır,62,Aylık,Yok,Yok,Yok,Hayır,Posta Çeki,0,34.54,2277.69,0
CUST-12962,Kadın,39,Evet,Hayır,23,Aylık,DSL,Yok,Yok,Evet,Otomatik Ödeme,0,55.14,1310.21,1
CUST-12963,Erkek,30,Evet,Hayır,21,2 Yıllık,DSL,Yok,Yok,Hayır,Elektronik Çek,2,60.86,1374.97,0
CUST-12964,Erkek,37,Evet,Hayır,12,Aylık,DSL,Yok,Yok,Hayır,Otomatik Ödeme,2,36.19,402.66,1
CUST-12965,Erkek,42,Evet,Evet,72,Aylık,Yok,Yok,Yok,Evet,Otomatik Ödeme,1,53.3,3710.18,1
CUST-12966,Kadın,34,Hayır,Hayır,21,1 Yıllık,DSL,Var,Yok,Evet,Elektronik Çek,0,91.87,1860.68,1
CUST-12967,Erkek,42,Hayır,Hayır,59,Aylık,Fiber,Yok,Yok,Evet,Elektronik Çek,2,69.86,4368.94,0
CUST-12968,Erkek,18,Hayır,Evet,63,1 Yıllık,DSL,Var,Var,Evet,Posta Çeki,2,59.56,4029.46,0
CUST-12969,Kadın,27,Evet,Hayır,35,Aylık,Yok,Var,Yok,Evet,Posta Çeki,1,30.15,1013.56,0
CUST-12970,Kadın,43,Hayır,Hayır,29,2 Yıllık,DSL,Yok,Yok,Evet,Otomatik Ödeme,0,64.71,1883.52,0
CUST-12971,Kadın,63,Hayır,Evet,21,2 Yıllık,Yok,Yok,Yok,Evet,Otomatik Ödeme,0,35.6,767.6,0
CUST-12972,Kadın,66,Hayır,Evet,27,Aylık,DSL,Var,Yok,Hayır,Otomatik Ödeme,1,54.66,1473.31,0
CUST-12973,Erkek,38,Evet,Evet,39,Aylık,DSL,Yok,Var,Evet,Otomatik Ödeme,1,23.3,964.85,0
CUST-12974,Erkek,44,Hayır,Hayır,45,Aylık,Fiber,Var,Yok,Evet,Otomatik Ödeme,0,98.36,4380.84,1
CUST-12975,Kadın,25,Hayır,Hayır,59,Aylık,Fiber,Yok,Yok,Evet,Elektronik Çek,0,93.66,5342.26,1
CUST-12976,Kadın,42,Evet,Hayır,47,Aylık,DSL,Yok,Var,Evet,Otomatik Ödeme,2,66.92,3258.68,0
CUST-12977,Kadın,49,Hayır,Hayır,28,2 Yıllık,Fiber,Yok,Yok,Evet,Elektronik Çek,0,104.61,3093.66,0
CUST-12978,Erkek,18,Evet,Evet,13,Aylık,DSL,Yok,Yok,Hayır,Elektronik Çek,1,73.05,1010.87,1
CUST-12979,Erkek,50,Evet,Hayır,15,1 Yıllık,Yok,Yok,Yok,Evet,Otomatik Ödeme,2,49.89,779.54,0
CUST-12980,Kadın,47,Hayır,Hayır,22,1 Yıllık,Yok,Var,Yok,Evet,Elektronik Çek,1,44.45,981.51,0
CUST-12981,Erkek,21,Evet,Hayır,43,Aylık,Yok,Yok,Yok,Hayır,Elektronik Çek,1,36.53,1497.45,1
CUST-12982,Erkek,47,Evet,Evet,51,Aylık,Yok,Yok,Var,Evet,Elektronik Çek,1,26.77,1391.87,1
CUST-12983,Erkek,18,Hayır,Evet,17,2 Yıllık,Fiber,Yok,Yok,Evet,Otomatik Ödeme,1,87.49,1561.65,0
CUST-12984,Kadın,18,Evet,Evet,20,Aylık,Fiber,Yok,Yok,Evet,Otomatik Ödeme,1,77.61,1433.1,0
CUST-12985,Erkek,48,Evet,Evet,4,Aylık,Yok,Yok,Yok,Hayır,Posta Çeki,3,36.27,137.89,1
CUST-12986,Kadın,52,Hayır,Hayır,4,Aylık,Fiber,Var,Yok,Evet,Otomatik Ödeme,2,94.55,353.99,0
CUST-12987,Erkek,24,Hayır,Hayır,38,1 Yıllık,Yok,Var,Yok,Evet,Otomatik Ödeme,3,28.27,1155.92,0
CUST-12988,Kadın,42,Hayır,Hayır,72,Aylık,DSL,Yok,Yok,Evet,Elektronik Çek,1,45.15,3045.34,0
CUST-12989,Erkek,47,Hayır,Hayır,14,Aylık,Yok,Var,Yok,Evet,Otomatik Ödeme,1,38.83,533.43,1
CUST-12990,Kadın,46,Hayır,Hayır,13,Aylık,Fiber,Yok,Yok,Evet,Otomatik Ödeme,1,76.2,974.58,1
CUST-12991,Kadın,43,Hayır,Evet,11,1 Yıllık,Fiber,Yok,Var,Evet,Otomatik Ödeme,2,82.68,889.9,0
CUST-12992,Erkek,62,Evet,Hayır,27,1 Yıllık,DSL,Var,Var,Evet,Elektronik Çek,2,62.23,1574.66,0
CUST-12993,Kadın,48,Evet,Evet,6,Aylık,Fiber,Var,Yok,Evet,Elektronik Çek,1,83.94,527.26,1
CUST-12994,Erkek,40,Evet,Hayır,72,Aylık,DSL,Yok,Yok,Evet,Posta Çeki,2,55.1,3856.35,0
CUST-12995,Kadın,42,Evet,Hayır,23,Aylık,DSL,Yok,Yok,Hayır,Otomatik Ödeme,0,45.9,1122.78,0
CUST-12996,Kadın,77,Hayır,Evet,56,Aylık,DSL,Yok,Yok,Hayır,Elektronik Çek,1,67.16,3912.58,0
CUST-12997,Erkek,55,Evet,Hayır,11,1 Yıllık,Fiber,Yok,Yok,Evet,Otomatik Ödeme,2,62.19,708.26,0
CUST-12998,Kadın,42,Evet,Hayır,25,Aylık,DSL,Var,Var,Evet,Otomatik Ödeme,0,53.64,1378.74,1
CUST-12999,Erkek,31,Hayır,Hayır,53,2 Yıllık,Fiber,Yok,Yok,Evet,Otomatik Ödeme,5,81.61,4375.46,0
CUST-13000,Kadın,41,Hayır,Hayır,3,Aylık,DSL,Yok,Yok,Hayır,Otomatik Ödeme,3,55.62,168.79,1
CUST-13001,Erkek,52,Hayır,Hayır,9,1 Yıllık,Yok,Var,Yok,Hayır,Posta Çeki,0,26.89,239.23,1
CUST-13002,Erkek,37,Evet,Hayır,34,1 Yıllık,Fiber,Yok,Var,Evet,Otomatik Ödeme,2,76.2,2794.76,0
CUST-13003,Kadın,30,Evet,Evet,72,2 Yıllık,Yok,Yok,Var,Hayır,Otomatik Ödeme,0,48.47,3492.09,0
CUST-13004,Erkek,54,Evet,Evet,28,2 Yıllık,Fiber,Yok,Var,Evet,Otomatik Ödeme,0,112.38,3020.65,0
CUST-13005,Kadın,56,Hayır,Evet,12,Aylık,Fiber,Yok,Var,Evet,Otomatik Ödeme,2,74.75,929.8,0
CUST-13006,Kadın,38,Evet,Hayır,26,2 Yıllık,Yok,Yok,Var,Hayır,Posta Çeki,0,42.29,1040.56,0
CUST-13007,Kadın,28,Hayır,Evet,5,Aylık,Yok,Yok,Yok,Hayır,Otomatik Ödeme,2,29.66,137.65,0
CUST-13008,Kadın,25,Hayır,Hayır,46,1 Yıllık,Yok,Var,Var,Evet,Otomatik Ödeme,0,58.79,2722.95,0
CUST-13009,Erkek,33,Hayır,Evet,29,2 Yıllık,DSL,Var,Var,Evet,Elektronik Çek,2,67.33,2008.13,0
CUST-13010,Erkek,50,Evet,Evet,27,1 Yıllık,Fiber,Var,Var,Evet,Elektronik Çek,1,77.64,2141.18,0
CUST-13011,Erkek,36,Evet,Hayır,13,1 Yıllık,Yok,Yok,Var,Evet,Elektronik Çek,1,37.44,485.03,1
CUST-13012,Erkek,32,Hayır,Hayır,46,Aylık,Yok,Yok,Yok,Hayır,Elektronik Çek,1,28.72,1358.07,0
CUST-13013,Kadın,52,Evet,Hayır,3,1 Yıllık,Yok,Var,Var,Evet,Otomatik Ödeme,1,49.65,143.03,0
CUST-13014,Kadın,50,Hayır,Evet,41,Aylık,Fiber,Yok,Yok,Evet,Elektronik Çek,1,97.84,3882.51,1
CUST-13015,Erkek,54,Evet,Hayır,15,Aylık,Fiber,Yok,Var,Hayır,Otomatik Ödeme,1,92.08,1458.21,1
CUST-13016,Erkek,62,Hayır,Hayır,8,Aylık,Yok,Yok,Yok,Evet,Elektronik Çek,0,29.04,238.26,1
CUST-13017,Erkek,44,Hayır,Hayır,14,2 Yıllık,Fiber,Yok,Var,Hayır,Otomatik Ödeme,1,80.94,1082.75,0
CUST-13018,Erkek,30,Hayır,Evet,36,1 Yıllık,Fiber,Var,Yok,Evet,Posta Çeki,1,98.87,3534.31,0
CUST-13019,Erkek,58,Evet,Evet,54,1 Yıllık,Yok,Yok,Yok,Evet,Posta Çeki,3,53.04,2760.18,0
CUST-13020,Erkek,40,Evet,Hayır,72,Aylık,Fiber,Yok,Var,Evet,Elektronik Çek,1,86.72,6402.63,1
CUST-13021,Kadın,38,Evet,Hayır,39,Aylık,Fiber,Yok,Yok,Hayır,Posta Çeki,0,83.89,3321.52,0
CUST-13022,Erkek,21,Hayır,Hayır,26,2 Yıllık,Fiber,Yok,Yok,Evet,Posta Çeki,0,92.88,2249.03,0
CUST-13023,Erkek,34,Evet,Hayır,24,Aylık,Yok,Yok,Yok,Hayır,Elektronik Çek,0,40.65,1053.22,0
CUST-13024,Kadın,24,Evet,Hayır,33,2 Yıllık,Yok,Yok,Yok,Hayır,Posta Çeki,0,18.97,582.4,0
CUST-13025,Kadın,32,Hayır,Hayır,16,Aylık,Fiber,Yok,Yok,Evet,Posta Çeki,1,98.06,1682.99,0
CUST-13026,Kadın,62,Evet,Evet,16,Aylık,Fiber,Yok,Yok,Evet,Elektronik Çek,2,80.89,1290.1,1
CUST-13027,Kadın,31,Hayır,Hayır,32,Aylık,DSL,Var,Yok,Hayır,Otomatik Ödeme,3,76.52,2498.25,0
CUST-13028,Erkek,37,Evet,Hayır,38,Aylık,Fiber,Var,Yok,Evet,Otomatik Ödeme,1,83.61,3201.86,0
CUST-13029,Kadın,65,Hayır,Evet,3,Aylık,DSL,Var,Yok,Hayır,Posta Çeki,1,62.06,176.53,1
CUST-13030,Kadın,60,Hayır,Hayır,27,Aylık,DSL,Yok,Yok,Evet,Elektronik Çek,1,70.73,1878.72,1
CUST-13031,Erkek,66,Evet,Evet,20,1 Yıllık,Yok,Yok,Yok,Hayır,Elektronik Çek,0,18.0,341.1,0
CUST-13032,Kadın,18,Evet,Hayır,27,Aylık,Fiber,Var,Yok,Evet,Posta Çeki,0,105.69,2885.96,0
CUST-13033,Erkek,64,Hayır,Hayır,67,Aylık,DSL,Yok,Var,Evet,Otomatik Ödeme,1,45.84,2827.77,0
CUST-13034,Kadın,20,Hayır,Evet,72,Aylık,DSL,Yok,Yok,Evet,Posta Çeki,1,67.83,5004.19,0
CUST-13035,Kadın,44,Evet,Hayır,37,Aylık,Fiber,Var,Var,Evet,Elektronik Çek,1,105.93,4139.1,0
CUST-13036,Kadın,40,Hayır,Hayır,60,Aylık,Fiber,Var,Var,Evet,Elektronik Çek,0,88.14,5621.22,1
CUST-13037,Erkek,47,Hayır,Evet,50,Aylık,Fiber,Yok,Yok,Evet,Elektronik Çek,4,105.86,5712.78,1
CUST-13038,Erkek,29,Hayır,Evet,3,1 Yıllık,Fiber,Yok,Yok,Evet,Otomatik Ödeme,1,93.29,282.23,1
CUST-13039,Kadın,32,Hayır,Hayır,32,Aylık,Fiber,Yok,Yok,Hayır,Posta Çeki,0,67.59,2154.29,0
CUST-13040,Erkek,45,Evet,Evet,4,Aylık,DSL,Yok,Yok,Evet,Posta Çeki,4,68.5,269.5,1
CUST-13041,Erkek,23,Evet,Hayır,2,1 Yıllık,DSL,Yok,Yok,Evet,Otomatik Ödeme,2,67.3,132.08,1
CUST-13042,Erkek,18,Hayır,Hayır,23,Aylık,DSL,Yok,Yok,Hayır,Elektronik Çek,1,72.4,1619.89,1
CUST-13043,Erkek,43,Evet,Hayır,20,2 Yıllık,DSL,Yok,Var,Evet,Otomatik Ödeme,2,59.55,1265.61,0
CUST-13044,Kadın,41,Hayır,Evet,56,1 Yıllık,DSL,Var,Yok,Evet,Elektronik Çek,0,39.6,2184.4,0
CUST-13045,Kadın,41,Hayır,Evet,21,Aylık,Yok,Yok,Yok,Evet,Otomatik Ödeme,0,35.28,778.91,0
CUST-13046,Kadın,38,Evet,Hayır,6,Aylık,Fiber,Yok,Var,Evet,Elektronik Çek,1,96.8,616.02,1
CUST-13047,Kadın,49,Hayır,Hayır,21,1 Yıllık,Fiber,Yok,Yok,Evet,Otomatik Ödeme,0,69.33,1447.29,1
CUST-13048,Kadın,18,Hayır,Hayır,13,Aylık,Fiber,Yok,Yok,Evet,Posta Çeki,1,115.35,1462.24,1
CUST-13049,Kadın,61,Evet,Evet,9,1 Yıllık,DSL,Yok,Var,Hayır,Otomatik Ödeme,1,54.0,466.23,1
CUST-13050,Kadın,52,Hayır,Evet,42,2 Yıllık,Fiber,Yok,Yok,Hayır,Posta Çeki,1,101.01,4050.9,0
CUST-13051,Erkek,18,Hayır,Hayır,23,1 Yıllık,DSL,Yok,Var,Evet,Elektronik Çek,0,76.57,1837.42,1
CUST-13052,Erkek,58,Evet,Evet,63,Aylık,Fiber,Yok,Yok,Evet,Otomatik Ödeme,0,85.21,5188.31,0
CUST-13053,Erkek,42,Hayır,Hayır,30,2 Yıllık,Fiber,Var,Yok,Hayır,Elektronik Çek,3,78.09,2283.1,0
CUST-13054,Erkek,64,Hayır,Hayır,72,Aylık,Fiber,Yok,Yok,Evet,Otomatik Ödeme,1,69.68,5053.52,0
CUST-13055,Erkek,51,Evet,Evet,15,Aylık,DSL,Yok,Yok,Evet,Elektronik Çek,1,44.69,701.57,1
CUST-13056,Erkek,34,Hayır,Hayır,16,Aylık,Fiber,Yok,Yok,Evet,Otomatik Ödeme,2,91.4,1472.22,1
CUST-13057,Erkek,21,Hayır,Hayır,16,1 Yıllık,DSL,Yok,Yok,Hayır,Otomatik Ödeme,1,60.57,1004.11,1
CUST-13058,Erkek,46,Evet,Evet,26,2 Yıllık,Fiber,Var,Yok,Hayır,Elektronik Çek,0,103.5,2727.33,0
CUST-13059,Erkek,44,Hayır,Hayır,61,1 Yıllık,DSL,Yok,Yok,Evet,Elektronik Çek,0,41.37,2484.47,0
CUST-13060,Kadın,37,Evet,Hayır,34,Aylık,Fiber,Var,Yok,Evet,Otomatik Ödeme,3,64.42,2301.82,0
CUST-13061,Kadın,56,Hayır,Hayır,8,2 Yıllık,Fiber,Yok,Yok,Hayır,Posta Çeki,0,90.93,712.25,0
CUST-13062,Kadın,40,Evet,Hayır,31,Aylık,Fiber,Yok,Yok,Hayır,Posta Çeki,1,76.95,2466.61,1
CUST-13063,Kadın,52,Evet,Evet,3,Aylık,DSL,Var,Yok,Hayır,Otomatik Ödeme,1,79.31,244.27,0
CUST-13064,Erkek,39,Hayır,Evet,23,Aylık,Yok,Yok,Yok,Evet,Posta Çeki,1,22.76,486.0,0
CUST-13065,Kadın,18,Hayır,Hayır,16,Aylık,DSL,Yok,Yok,Hayır,Elektronik Çek,1,60.57,978.5,1
CUST-13066,Kadın,40,Evet,Hayır,71,Aylık,Fiber,Yok,Var,Evet,Otomatik Ödeme,1,79.41,5701.92,0
CUST-13067,Kadın,18,Hayır,Evet,38,1 Yıllık,Fiber,Var,Yok,Evet,Posta Çeki,3,89.91,3233.04,0
CUST-13068,Kadın,56,Evet,Evet,55,1 Yıllık,Fiber,Yok,Yok,Evet,Posta Çeki,3,84.54,4367.45,0
CUST-13069,Kadın,21,Evet,Hayır,26,2 Yıllık,Yok,Var,Var,Evet,Elektronik Çek,0,26.48,742.08,0
CUST-13070,Kadın,49,Hayır,Hayır,48,Aylık,DSL,Yok,Yok,Evet,Otomatik Ödeme,0,56.5,2542.08,0
CUST-13071,Kadın,51,Evet,Evet,18,2 Yıllık,Yok,Yok,Var,Evet,Otomatik Ödeme,2,45.74,805.39,0
CUST-13072,Kadın,43,Hayır,Evet,34,1 Yıllık,Fiber,Var,Yok,Evet,Elektronik Çek,0,110.19,3780.35,1
CUST-13073,Kadın,25,Evet,Evet,30,Aylık,Fiber,Var,Var,Hayır,Posta Çeki,2,97.22,3065.18,0
CUST-13074,Kadın,47,Hayır,Evet,30,Aylık,Yok,Yok,Yok,Hayır,Elektronik Çek,1,24.93,797.64,0
CUST-13075,Erkek,66,Hayır,Evet,27,1 Yıllık,Fiber,Yok,Yok,Evet,Otomatik Ödeme,0,106.1,2990.73,1
CUST-13076,Kadın,52,Hayır,Hayır,12,Aylık,DSL,Yok,Yok,Hayır,Otomatik Ödeme,2,58.96,676.26,1
CUST-13077,Erkek,19,Evet,Evet,38,Aylık,DSL,Yok,Yok,Evet,Posta Çeki,1,65.09,2291.14,0
CUST-13078,Kadın,39,Evet,Hayır,24,2 Yıllık,DSL,Var,Var,Hayır,Otomatik Ödeme,2,61.02,1525.21,0
CUST-13079,Erkek,40,Hayır,Evet,17,Aylık,DSL,Var,Yok,Evet,Otomatik Ödeme,4,43.9,773.25,0
CUST-13080,Erkek,58,Evet,Evet,28,Aylık,Fiber,Yok,Var,Evet,Elektronik Çek,0,68.18,1977.64,0
CUST-13081,Erkek,43,Evet,Hayır,43,Aylık,DSL,Yok,Var,Evet,Elektronik Çek,0,44.79,1802.83,0
CUST-13082,Kadın,39,Hayır,Hayır,28,2 Yıllık,DSL,Var,Yok,Evet,Otomatik Ödeme,0,45.69,1288.39,0
CUST-13083,Erkek,47,Hayır,Hayır,24,Aylık,DSL,Yok,Yok,Evet,Otomatik Ödeme,0,81.04,2013.02,1
CUST-13084,Erkek,46,Evet,Evet,50,Aylık,DSL,Var,Yok,Hayır,Otomatik Ödeme,2,67.63,3326.45,1
CUST-13085,Erkek,49,Evet,Hayır,8,2 Yıllık,Fiber,Var,Yok,Hayır,Otomatik Ödeme,0,88.13,755.0,0
CUST-13086,Erkek,35,Hayır,Hayır,41,Aylık,DSL,Var,Var,Evet,Elektronik Çek,1,63.53,2777.71,0
CUST-13087,Kadın,30,Hayır,Hayır,19,1 Yıllık,Fiber,Yok,Yok,Evet,Elektronik Çek,1,68.48,1201.75,0
CUST-13088,Kadın,46,Hayır,Hayır,26,Aylık,DSL,Var,Yok,Evet,Otomatik Ödeme,1,34.37,926.0,0
CUST-13089,Kadın,20,Evet,Hayır,28,1 Yıllık,DSL,Var,Yok,Evet,Otomatik Ödeme,0,51.18,1385.93,1
CUST-13090,Erkek,18,Evet,Hayır,72,1 Yıllık,Fiber,Var,Yok,Hayır,Otomatik Ödeme,0,99.18,7121.47,0
CUST-13091,Kadın,47,Evet,Hayır,3,2 Yıllık,DSL,Yok,Var,Evet,Elektronik Çek,3,39.57,119.92,0
CUST-13092,Kadın,23,Evet,Hayır,44,Aylık,Fiber,Var,Var,Hayır,Elektronik Çek,1,84.81,3999.79,1
CUST-13093,Erkek,18,Evet,Evet,38,Aylık,DSL,Var,Var,Hayır,Elektronik Çek,1,41.02,1626.97,0
CUST-13094,Erkek,55,Evet,Hayır,31,1 Yıllık,Yok,Var,Var,Evet,Elektronik Çek,0,37.87,1232.58,0
CUST-13095,Erkek,38,Hayır,Evet,18,2 Yıllık,Yok,Yok,Yok,Hayır,Otomatik Ödeme,1,44.3,839.81,0
CUST-13096,Erkek,30,Hayır,Hayır,27,Aylık,Fiber,Var,Var,Hayır,Otomatik Ödeme,1,80.44,2326.4,0
CUST-13097,Erkek,18,Evet,Evet,72,Aylık,Fiber,Yok,Var,Evet,Otomatik Ödeme,2,100.56,7713.29,0
CUST-13098,Erkek,25,Hayır,Evet,6,Aylık,DSL,Var,Yok,Evet,Otomatik Ödeme,0,73.52,457.03,0
CUST-13099,Kadın,45,Hayır,Hayır,65,2 Yıllık,Yok,Yok,Yok,Evet,Otomatik Ödeme,1,38.24,2448.66,0
CUST-13100,Erkek,25,Hayır,Evet,54,Aylık,Yok,Var,Yok,Evet,Elektronik Çek,1,31.96,1725.53,0
CUST-13101,Erkek,46,Evet,Hayır,43,Aylık,DSL,Yok,Yok,Evet,Elektronik Çek,4,58.27,2699.93,1
CUST-13102,Erkek,81,Evet,Hayır,45,Aylık,DSL,Yok,Yok,Hayır,Elektronik Çek,2,55.59,2539.65,0
CUST-13103,Kadın,28,Hayır,Hayır,61,2 Yıllık,Yok,Yok,Yok,Hayır,Otomatik Ödeme,0,35.99,2135.73,0
CUST-13104,Erkek,48,Evet,Evet,3,Aylık,Fiber,Var,Yok,Evet,Posta Çeki,0,93.19,260.92,1
CUST-13105,Erkek,37,Hayır,Hayır,23,1 Yıllık,Fiber,Yok,Var,Hayır,Otomatik Ödeme,1,87.57,2064.21,1
CUST-13106,Erkek,33,Evet,Hayır,35,1 Yıllık,DSL,Yok,Yok,Hayır,Elektronik Çek,1,50.85,1681.65,0
CUST-13107,Kadın,45,Hayır,Hayır,12,Aylık,Yok,Yok,Yok,Evet,Posta Çeki,3,18.68,217.11,1
CUST-13108,Kadın,58,Hayır,Hayır,34,1 Yıllık,DSL,Var,Yok,Hayır,Otomatik Ödeme,1,62.75,2102.83,0
CUST-13109,Erkek,50,Evet,Hayır,72,Aylık,Fiber,Var,Var,Evet,Otomatik Ödeme,1,85.26,6009.86,0
CUST-13110,Kadın,49,Evet,Evet,26,Aylık,Fiber,Var,Var,Evet,Otomatik Ödeme,1,79.96,2048.43,0
CUST-13111,Erkek,56,Evet,Hayır,39,Aylık,Fiber,Yok,Yok,Evet,Posta Çeki,2,85.87,3604.96,0
CUST-13112,Erkek,43,Hayır,Evet,9,Aylık,DSL,Yok,Yok,Evet,Elektronik Çek,2,68.35,653.36,1
CUST-13113,Kadın,39,Evet,Hayır,53,1 Yıllık,Yok,Yok,Yok,Evet,Posta Çeki,0,28.47,1554.11,0
CUST-13114,Kadın,76,Evet,Evet,40,Aylık,Fiber,Yok,Yok,Hayır,Otomatik Ödeme,1,86.35,3585.73,0
CUST-13115,Kadın,54,Hayır,Hayır,36,Aylık,DSL,Yok,Yok,Evet,Elektronik Çek,1,60.63,2345.99,1
CUST-13116,Kadın,45,Hayır,Evet,13,2 Yıllık,Fiber,Var,Yok,Evet,Elektronik Çek,1,87.41,1077.48,0
CUST-13117,Erkek,68,Evet,Hayır,27,Aylık,DSL,Var,Yok,Hayır,Posta Çeki,3,44.17,1166.74,0
CUST-13118,Erkek,47,Hayır,Hayır,5,Aylık,Yok,Yok,Yok,Hayır,Elektronik Çek,2,34.26,173.33,1
CUST-13119,Kadın,53,Hayır,Hayır,72,1 Yıllık,Yok,Var,Var,Evet,Posta Çeki,2,46.99,3649.49,0
CUST-13120,Erkek,59,Evet,Evet,19,Aylık,DSL,Var,Yok,Hayır,Otomatik Ödeme,1,58.52,1132.78,0
CUST-13121,Erkek,20,Evet,Evet,18,Aylık,Fiber,Yok,Var,Hayır,Elektronik Çek,2,88.35,1587.49,1
CUST-13122,Kadın,48,Evet,Hayır,30,Aylık,Fiber,Var,Var,Evet,Otomatik Ödeme,1,83.19,2648.24,1
CUST-13123,Kadın,40,Evet,Hayır,40,1 Yıllık,Fiber,Var,Yok,Hayır,Elektronik Çek,0,93.89,3627.01,0
CUST-13124,Erkek,46,Evet,Hayır,10,Aylık,DSL,Yok,Yok,Hayır,Otomatik Ödeme,1,58.16,545.23,1
CUST-13125,Erkek,56,Hayır,Hayır,8,2 Yıllık,Fiber,Yok,Yok,Hayır,Elektronik Çek,3,75.26,607.77,0
CUST-13126,Kadın,36,Hayır,Hayır,33,1 Yıllık,Fiber,Yok,Var,Evet,Otomatik Ödeme,2,85.16,3026.23,1
CUST-13127,Erkek,18,Evet,Hayır,38,Aylık,Fiber,Yok,Yok,Evet,Posta Çeki,1,80.83,3310.43,1
CUST-13128,Kadın,52,Hayır,Hayır,65,2 Yıllık,DSL,Var,Yok,Hayır,Otomatik Ödeme,1,56.1,3859.65,0
CUST-13129,Kadın,31,Hayır,Hayır,33,Aylık,Fiber,Yok,Var,Hayır,Elektronik Çek,4,75.37,2612.88,1
CUST-13130,Kadın,42,Evet,Hayır,45,Aylık,Fiber,Yok,Var,Hayır,Otomatik Ödeme,3,91.96,4293.15,1
CUST-13131,Kadın,30,Evet,Hayır,20,2 Yıllık,Fiber,Yok,Yok,Hayır,Elektronik Çek,2,53.4,1045.53,0
CUST-13132,Erkek,35,Hayır,Evet,23,Aylık,Yok,Yok,Yok,Hayır,Posta Çeki,2,29.79,650.21,0
CUST-13133,Erkek,18,Evet,Hayır,42,Aylık,Fiber,Var,Yok,Hayır,Elektronik Çek,0,66.35,2888.43,0
CUST-13134,Kadın,37,Hayır,Hayır,39,Aylık,DSL,Yok,Var,Hayır,Posta Çeki,1,84.32,3293.47,0
CUST-13135,Erkek,49,Hayır,Hayır,50,1 Yıllık,Fiber,Yok,Var,Evet,Elektronik Çek,2,73.99,3859.39,1
CUST-13136,Erkek,53,Evet,Hayır,6,1 Yıllık,Fiber,Var,Yok,Evet,Otomatik Ödeme,1,88.22,565.36,0
CUST-13137,Kadın,37,Evet,Hayır,16,Aylık,Fiber,Var,Var,Evet,Elektronik Çek,0,87.49,1388.54,1
CUST-13138,Kadın,35,Hayır,Hayır,43,Aylık,Fiber,Yok,Yok,Hayır,Elektronik Çek,1,101.26,4042.82,1
CUST-13139,Kadın,58,Evet,Hayır,28,Aylık,Yok,Yok,Yok,Evet,Otomatik Ödeme,1,60.8,1571.45,1
CUST-13140,Erkek,30,Evet,Evet,6,Aylık,DSL,Yok,Yok,Hayır,Elektronik Çek,0,65.1,406.25,1
CUST-13141,Erkek,51,Hayır,Hayır,3,Aylık,Fiber,Yok,Yok,Hayır,Elektronik Çek,2,80.11,245.57,1
CUST-13142,Kadın,20,Evet,Hayır,1,1 Yıllık,Fiber,Yok,Yok,Evet,Elektronik Çek,2,75.61,78.57,0
CUST-13143,Kadın,47,Hayır,Evet,12,Aylık,DSL,Yok,Yok,Evet,Otomatik Ödeme,1,55.78,631.22,1
CUST-13144,Erkek,57,Evet,Hayır,13,Aylık,DSL,Yok,Yok,Evet,Elektronik Çek,1,54.0,726.05,1
CUST-13145,Erkek,59,Hayır,Hayır,20,2 Yıllık,Yok,Yok,Yok,Evet,Posta Çeki,0,42.61,833.15,0
CUST-13146,Kadın,47,Hayır,Hayır,44,Aylık,Yok,Yok,Var,Evet,Elektronik Çek,1,46.66,1999.86,0
CUST-13147,Kadın,33,Evet,Hayır,42,2 Yıllık,Yok,Yok,Var,Evet,Posta Çeki,0,43.75,1767.34,0
CUST-13148,Kadın,42,Evet,Evet,10,1 Yıllık,Fiber,Var,Yok,Evet,Elektronik Çek,3,87.57,942.64,1
CUST-13149,Erkek,49,Evet,Hayır,18,1 Yıllık,Fiber,Yok,Yok,Hayır,Otomatik Ödeme,0,80.14,1407.8,1
CUST-13150,Kadın,47,Evet,Hayır,24,Aylık,Fiber,Yok,Yok,Hayır,Otomatik Ödeme,1,73.43,1715.72,1
CUST-13151,Erkek,53,Evet,Evet,24,1 Yıllık,DSL,Yok,Yok,Evet,Posta Çeki,4,46.8,1138.92,0
CUST-13152,Erkek,42,Hayır,Evet,52,Aylık,Fiber,Var,Yok,Evet,Otomatik Ödeme,1,77.66,3868.61,0
CUST-13153,Erkek,57,Hayır,Hayır,47,Aylık,Fiber,Var,Yok,Evet,Otomatik Ödeme,1,90.38,4178.42,1
CUST-13154,Kadın,22,Hayır,Evet,63,2 Yıllık,Yok,Var,Yok,Evet,Otomatik Ödeme,1,30.85,1922.09,0
CUST-13155,Kadın,66,Hayır,Hayır,35,Aylık,Fiber,Yok,Yok,Evet,Elektronik Çek,1,86.31,3226.67,0
CUST-13156,Erkek,41,Hayır,Evet,23,Aylık,Yok,Var,Yok,Evet,Elektronik Çek,2,48.59,1081.94,1
CUST-13157,Kadın,65,Evet,Evet,23,1 Yıllık,DSL,Yok,Yok,Hayır,Otomatik Ödeme,1,61.93,1345.05,0
CUST-13158,Erkek,57,Hayır,Hayır,41,Aylık,Fiber,Yok,Yok,Hayır,Otomatik Ödeme,2,94.99,4152.76,1
CUST-13159,Kadın,43,Hayır,Evet,44,Aylık,DSL,Yok,Var,Evet,Elektronik Çek,0,81.5,3836.37,0
CUST-13160,Erkek,18,Evet,Hayır,55,2 Yıllık,DSL,Yok,Var,Hayır,Posta Çeki,2,46.62,2625.97,0
CUST-13161,Kadın,27,Hayır,Hayır,59,Aylık,Fiber,Yok,Yok,Hayır,Otomatik Ödeme,1,99.12,5512.95,1
CUST-13162,Kadın,40,Hayır,Hayır,12,Aylık,Yok,Var,Yok,Evet,Otomatik Ödeme,1,49.49,639.24,0
CUST-13163,Erkek,28,Hayır,Hayır,15,2 Yıllık,DSL,Yok,Var,Hayır,Otomatik Ödeme,0,63.12,935.6,0
CUST-13164,Kadın,30,Evet,Hayır,42,Aylık,DSL,Yok,Yok,Hayır,Elektronik Çek,2,62.0,2643.08,1
CUST-13165,Kadın,41,Evet,Hayır,14,Aylık,DSL,Yok,Yok,Evet,Posta Çeki,5,43.84,592.21,1
CUST-13166,Kadın,40,Evet,Hayır,42,2 Yıllık,Yok,Var,Yok,Hayır,Otomatik Ödeme,0,47.06,2016.43,0
CUST-13167,Kadın,28,Evet,Hayır,9,Aylık,DSL,Var,Yok,Evet,Otomatik Ödeme,1,66.65,638.57,0
CUST-13168,Erkek,66,Evet,Hayır,66,2 Yıllık,DSL,Yok,Yok,Hayır,Elektronik Çek,3,56.62,3773.28,0
CUST-13169,Erkek,49,Hayır,Hayır,49,2 Yıllık,DSL,Yok,Yok,Hayır,Otomatik Ödeme,1,72.86,3495.06,0
CUST-13170,Erkek,58,Evet,Hayır,28,2 Yıllık,Fiber,Var,Yok,Evet,Posta Çeki,1,90.7,2641.25,0
CUST-13171,Kadın,53,Evet,Hayır,19,Aylık,Fiber,Var,Yok,Hayır,Elektronik Çek,1,104.28,2039.42,1
CUST-13172,Kadın,57,Evet,Hayır,30,Aylık,Fiber,Yok,Yok,Evet,Elektronik Çek,1,82.37,2522.0,0
CUST-13173,Kadın,44,Evet,Hayır,7,1 Yıllık,Yok,Yok,Yok,Hayır,Posta Çeki,1,42.75,283.69,1
CUST-13174,Kadın,44,Evet,Hayır,15,2 Yıllık,Fiber,Var,Yok,Hayır,Elektronik Çek,2,111.28,1796.98,0
CUST-13175,Erkek,43,Hayır,Evet,52,Aylık,DSL,Yok,Var,Hayır,Elektronik Çek,2,60.06,3105.59,0
CUST-13176,Kadın,39,Hayır,Evet,22,Aylık,Fiber,Yok,Var,Evet,Elektronik Çek,2,93.12,2144.53,1
CUST-13177,Erkek,38,Evet,Hayır,56,Aylık,DSL,Yok,Yok,Evet,Posta Çeki,3,79.15,4750.52,1
CUST-13178,Kadın,41,Evet,Hayır,33,Aylık,Fiber,Var,Var,Evet,Elektronik Çek,0,74.38,2401.47,0
CUST-13179,Kadın,49,Hayır,Hayır,10,Aylık,Fiber,Var,Yok,Hayır,Elektronik Çek,1,97.84,919.46,1
CUST-13180,Erkek,18,Evet,Hayır,4,Aylık,Fiber,Yok,Yok,Evet,Otomatik Ödeme,1,93.87,373.28,1
CUST-13181,Kadın,60,Evet,Evet,28,1 Yıllık,Fiber,Yok,Yok,Evet,Otomatik Ödeme,4,80.05,2307.73,1
CUST-13182,Kadın,25,Hayır,Evet,16,Aylık,Yok,Var,Yok,Evet,Posta Çeki,3,18.0,298.04,1
CUST-13183,Erkek,19,Hayır,Hayır,20,Aylık,DSL,Yok,Yok,Evet,Posta Çeki,2,66.59,1270.45,1
CUST-13184,Kadın,60,Hayır,Hayır,72,Aylık,Yok,Yok,Yok,Evet,Posta Çeki,0,55.63,3965.45,0
CUST-13185,Kadın,40,Hayır,Hayır,29,Aylık,DSL,Yok,Yok,Evet,Posta Çeki,1,53.66,1477.62,0
CUST-13186,Kadın,22,Hayır,Hayır,16,Aylık,DSL,Yok,Var,Evet,Elektronik Çek,1,54.23,882.12,1
CUST-13187,Erkek,43,Hayır,Hayır,22,2 Yıllık,DSL,Var,Yok,Hayır,Elektronik Çek,2,61.92,1280.39,0
CUST-13188,Kadın,24,Hayır,Hayır,34,Aylık,Fiber,Yok,Yok,Evet,Elektronik Çek,4,92.8,3300.28,1
CUST-13189,Kadın,51,Hayır,Hayır,12,Aylık,Fiber,Var,Yok,Hayır,Otomatik Ödeme,1,94.44,1124.94,1
CUST-13190,Kadın,44,Evet,Hayır,9,1 Yıllık,Yok,Yok,Var,Hayır,Elektronik Çek,2,25.75,231.08,1
CUST-13191,Erkek,36,Evet,Hayır,62,2 Yıllık,Yok,Yok,Yok,Evet,Otomatik Ödeme,2,31.61,1960.13,1
CUST-13192,Erkek,32,Evet,Evet,33,1 Yıllık,Fiber,Var,Var,Hayır,Posta Çeki,1,87.88,2899.25,0
CUST-13193,Erkek,61,Hayır,Hayır,65,1 Yıllık,Fiber,Var,Var,Evet,Otomatik Ödeme,2,60.55,3879.69,0
CUST-13194,Kadın,40,Hayır,Hayır,17,Aylık,Yok,Yok,Var,Hayır,Otomatik Ödeme,0,40.75,683.39,0
CUST-13195,Erkek,59,Hayır,Hayır,14,Aylık,DSL,Yok,Var,Hayır,Elektronik Çek,3,64.08,888.4,1
CUST-13196,Kadın,42,Evet,Hayır,17,Aylık,DSL,Yok,Yok,Hayır,Otomatik Ödeme,4,60.1,949.82,0
CUST-13197,Kadın,48,Hayır,Hayır,10,1 Yıllık,DSL,Yok,Var,Hayır,Otomatik Ödeme,0,42.66,399.02,0
CUST-13198,Erkek,36,Hayır,Hayır,12,1 Yıllık,Fiber,Var,Var,Evet,Otomatik Ödeme,2,83.17,981.89,1
CUST-13199,Erkek,31,Evet,Hayır,30,Aylık,Fiber,Yok,Var,Hayır,Posta Çeki,2,78.9,2267.21,0
CUST-13200,Erkek,44,Hayır,Evet,30,2 Yıllık,Yok,Yok,Var,Hayır,Otomatik Ödeme,2,18.0,498.2,0
CUST-13201,Erkek,42,Evet,Evet,24,1 Yıllık,DSL,Yok,Yok,Evet,Elektronik Çek,1,72.09,1646.91,1
CUST-13202,Kadın,40,Evet,Hayır,21,1 Yıllık,DSL,Var,Yok,Hayır,Otomatik Ödeme,1,59.25,1284.01,0
CUST-13203,Erkek,55,Evet,Evet,51,Aylık,DSL,Var,Yok,Evet,Posta Çeki,1,78.46,3819.66,0
CUST-13204,Erkek,35,Evet,Hayır,49,Aylık,DSL,Yok,Yok,Evet,Otomatik Ödeme,0,83.11,4301.7,0
CUST-13205,Erkek,27,Evet,Evet,41,Aylık,Fiber,Yok,Var,Hayır,Posta Çeki,5,85.89,3720.68,1
CUST-13206,Kadın,47,Hayır,Evet,60,2 Yıllık,Fiber,Yok,Yok,Evet,Otomatik Ödeme,1,82.02,4809.97,0
CUST-13207,Kadın,38,Evet,Hayır,37,1 Yıllık,Yok,Yok,Yok,Evet,Posta Çeki,3,49.12,1754.79,0
CUST-13208,Erkek,36,Hayır,Hayır,27,2 Yıllık,Fiber,Var,Yok,Evet,Otomatik Ödeme,0,88.76,2387.82,0
CUST-13209,Erkek,24,Evet,Hayır,39,2 Yıllık,DSL,Yok,Yok,Evet,Elektronik Çek,3,53.34,2078.8,0
CUST-13210,Kadın,50,Evet,Hayır,50,1 Yıllık,Fiber,Yok,Yok,Evet,Elektronik Çek,0,113.1,5808.69,0
CUST-13211,Erkek,36,Evet,Hayır,72,Aylık,Fiber,Yok,Yok,Evet,Elektronik Çek,2,76.29,5357.97,0
CUST-13212,Kadın,49,Evet,Hayır,24,1 Yıllık,Yok,Yok,Yok,Hayır,Posta Çeki,2,28.54,694.64,0
CUST-13213,Kadın,40,Evet,Hayır,27,Aylık,DSL,Var,Yok,Evet,Elektronik Çek,2,44.74,1137.19,0
CUST-13214,Kadın,43,Hayır,Hayır,10,1 Yıllık,DSL,Yok,Yok,Hayır,Elektronik Çek,0,88.91,877.05,1
CUST-13215,Erkek,39,Hayır,Hayır,17,Aylık,Fiber,Yok,Yok,Hayır,Otomatik Ödeme,4,83.72,1474.14,1
CUST-13216,Erkek,38,Hayır,Hayır,9,2 Yıllık,DSL,Var,Var,Evet,Posta Çeki,2,58.47,525.85,0
CUST-13217,Kadın,48,Evet,Hayır,21,2 Yıllık,Fiber,Yok,Yok,Hayır,Elektronik Çek,0,69.93,1435.21,0
CUST-13218,Erkek,34,Evet,Evet,23,Aylık,DSL,Yok,Yok,Hayır,Elektronik Çek,2,36.89,823.65,1
CUST-13219,Kadın,45,Hayır,Hayır,50,1 Yıllık,Yok,Yok,Var,Hayır,Posta Çeki,3,60.97,2912.88,0
CUST-13220,Kadın,18,Evet,Hayır,26,2 Yıllık,Fiber,Var,Yok,Evet,Elektronik Çek,3,94.45,2353.36,0
CUST-13221,Kadın,71,Hayır,Evet,19,Aylık,Yok,Var,Yok,Evet,Otomatik Ödeme,1,36.02,706.86,1
CUST-13222,Kadın,18,Evet,Hayır,15,Aylık,Fiber,Yok,Yok,Evet,Otomatik Ödeme,0,93.92,1503.94,0
CUST-13223,Kadın,58,Evet,Hayır,10,Aylık,Fiber,Var,Yok,Evet,Otomatik Ödeme,1,84.19,840.08,1
CUST-13224,Kadın,49,Hayır,Hayır,65,1 Yıllık,DSL,Var,Var,Hayır,Elektronik Çek,1,60.42,4051.47,0
CUST-13225,Erkek,46,Evet,Evet,49,2 Yıllık,Yok,Var,Yok,Hayır,Posta Çeki,1,31.31,1421.54,0
CUST-13226,Erkek,39,Hayır,Hayır,11,1 Yıllık,Fiber,Var,Yok,Evet,Elektronik Çek,1,93.91,1078.01,0
CUST-13227,Erkek,38,Hayır,Hayır,26,Aylık,DSL,Yok,Var,Evet,Otomatik Ödeme,3,50.64,1248.51,0
CUST-13228,Kadın,57,Evet,Hayır,13,Aylık,DSL,Yok,Yok,Hayır,Otomatik Ödeme,1,89.52,1179.51,1
CUST-13229,Erkek,45,Hayır,Hayır,32,Aylık,DSL,Var,Yok,Hayır,Elektronik Çek,0,56.79,1707.53,0
CUST-13230,Kadın,46,Hayır,Hayır,42,Aylık,Yok,Var,Yok,Evet,Otomatik Ödeme,1,32.94,1448.71,0
CUST-13231,Kadın,34,Evet,Hayır,22,Aylık,DSL,Yok,Yok,Evet,Otomatik Ödeme,1,53.58,1160.71,0
CUST-13232,Kadın,39,Hayır,Hayır,5,Aylık,DSL,Var,Yok,Hayır,Posta Çeki,4,68.49,362.72,0
CUST-13233,Erkek,34,Hayır,Hayır,12,Aylık,Yok,Yok,Yok,Hayır,Otomatik Ödeme,1,35.7,415.67,1
CUST-13234,Erkek,38,Evet,Evet,13,Aylık,Fiber,Var,Yok,Evet,Posta Çeki,1,89.13,1075.42,0
CUST-13235,Kadın,43,Hayır,Evet,72,1 Yıllık,DSL,Var,Yok,Hayır,Posta Çeki,0,81.54,5849.16,0
CUST-13236,Erkek,51,Hayır,Hayır,64,2 Yıllık,DSL,Yok,Yok,Evet,Posta Çeki,0,73.22,4912.48,0
CUST-13237,Erkek,42,Hayır,Hayır,39,Aylık,DSL,Yok,Yok,Hayır,Elektronik Çek,2,49.59,1875.26,0
CUST-13238,Erkek,29,Evet,Hayır,14,1 Yıllık,DSL,Yok,Var,Evet,Otomatik Ödeme,0,70.42,1062.61,0
CUST-13239,Erkek,39,Evet,Hayır,16,1 Yıllık,DSL,Yok,Yok,Hayır,Otomatik Ödeme,3,56.72,886.3,1
CUST-13240,Kadın,53,Hayır,Hayır,15,1 Yıllık,Fiber,Yok,Yok,Evet,Elektronik Çek,1,84.48,1174.74,1
CUST-13241,Erkek,45,Evet,Hayır,44,1 Yıllık,DSL,Var,Var,Hayır,Otomatik Ödeme,0,56.47,2396.96,0
CUST-13242,Erkek,54,Hayır,Hayır,5,Aylık,Fiber,Yok,Yok,Hayır,Otomatik Ödeme,1,95.01,496.9,1
CUST-13243,Kadın,32,Evet,Hayır,47,2 Yıllık,Yok,Yok,Var,Hayır,Otomatik Ödeme,3,24.86,1159.75,0
CUST-13244,Kadın,49,Evet,Hayır,8,Aylık,DSL,Var,Yok,Hayır,Otomatik Ödeme,0,82.91,618.1,1
CUST-13245,Erkek,49,Hayır,Hayır,52,Aylık,Fiber,Yok,Yok,Evet,Elektronik Çek,3,87.28,4859.24,1
CUST-13246,Erkek,47,Hayır,Evet,39,Aylık,DSL,Yok,Yok,Evet,Otomatik Ödeme,3,72.06,2964.15,0
CUST-13247,Kadın,52,Hayır,Evet,28,1 Yıllık,Fiber,Yok,Yok,Evet,Otomatik Ödeme,0,82.64,2128.86,1
CUST-13248,Erkek,70,Hayır,Hayır,28,1 Yıllık,DSL,Yok,Yok,Evet,Otomatik Ödeme,1,42.58,1268.42,0
CUST-13249,Kadın,32,Evet,Hayır,20,Aylık,Fiber,Var,Var,Evet,Elektronik Çek,1,60.07,1265.03,1
CUST-13250,Erkek,25,Evet,Evet,72,2 Yıllık,Fiber,Var,Yok,Hayır,Otomatik Ödeme,0,90.91,7063.43,0
CUST-13251,Erkek,51,Evet,Hayır,20,1 Yıllık,Fiber,Var,Yok,Evet,Elektronik Çek,2,88.08,1879.0,1
CUST-13252,Kadın,29,Evet,Hayır,26,2 Yıllık,Fiber,Yok,Yok,Hayır,Otomatik Ödeme,2,71.86,1900.58,0
CUST-13253,Kadın,32,Evet,Hayır,30,Aylık,Fiber,Var,Yok,Evet,Otomatik Ödeme,1,92.32,2849.38,1
CUST-13254,Erkek,69,Hayır,Evet,20,Aylık,Fiber,Yok,Yok,Hayır,Otomatik Ödeme,1,78.63,1496.98,1
CUST-13255,Kadın,43,Hayır,Hayır,61,Aylık,Fiber,Yok,Yok,Hayır,Elektronik Çek,1,77.86,4668.07,0
CUST-13256,Erkek,53,Hayır,Evet,14,1 Yıllık,DSL,Yok,Yok,Evet,Otomatik Ödeme,1,71.15,966.79,0
CUST-13257,Erkek,21,Hayır,Evet,15,Aylık,DSL,Var,Yok,Evet,Posta Çeki,1,57.09,799.86,0
CUST-13258,Erkek,38,Hayır,Hayır,6,Aylık,Yok,Yok,Yok,Hayır,Elektronik Çek,2,29.37,187.09,0
CUST-13259,Kadın,40,Hayır,Hayır,34,Aylık,DSL,Var,Var,Evet,Otomatik Ödeme,1,60.99,2224.4,0
CUST-13260,Erkek,54,Evet,Evet,20,Aylık,Fiber,Yok,Var,Hayır,Elektronik Çek,0,63.04,1300.59,1
CUST-13261,Erkek,50,Evet,Evet,30,Aylık,DSL,Yok,Var,Evet,Otomatik Ödeme,2,72.8,2160.2,1
CUST-13262,Erkek,35,Evet,Hayır,45,Aylık,DSL,Var,Yok,Hayır,Otomatik Ödeme,0,56.38,2369.85,0
CUST-13263,Kadın,60,Evet,Hayır,15,2 Yıllık,Fiber,Var,Yok,Evet,Otomatik Ödeme,1,82.93,1202.19,0
CUST-13264,Kadın,51,Hayır,Hayır,13,Aylık,DSL,Yok,Var,Hayır,Elektronik Çek,0,62.55,754.89,0
CUST-13265,Kadın,47,Evet,Evet,17,2 Yıllık,Fiber,Yok,Yok,Evet,Otomatik Ödeme,0,78.39,1389.68,0
CUST-13266,Erkek,41,Evet,Evet,72,2 Yıllık,DSL,Var,Yok,Hayır,Otomatik Ödeme,0,58.27,4045.66,0
CUST-13267,Erkek,36,Hayır,Hayır,8,Aylık,Fiber,Var,Yok,Evet,Otomatik Ödeme,0,87.31,661.03,1
CUST-13268,Erkek,46,Hayır,Hayır,53,1 Yıllık,Fiber,Var,Var,Evet,Otomatik Ödeme,1,104.65,5779.17,0
CUST-13269,Erkek,18,Hayır,Evet,40,1 Yıllık,DSL,Var,Yok,Hayır,Otomatik Ödeme,2,64.42,2629.23,0
CUST-13270,Kadın,20,Evet,Hayır,55,Aylık,Fiber,Yok,Var,Evet,Otomatik Ödeme,2,82.13,4321.67,1
CUST-13271,Kadın,50,Evet,Evet,33,1 Yıllık,DSL,Yok,Var,Evet,Otomatik Ödeme,0,69.13,2145.12,0
CUST-13272,Kadın,72,Hayır,Hayır,26,2 Yıllık,Fiber,Var,Yok,Evet,Elektronik Çek,2,88.97,2299.64,0
CUST-13273,Kadın,38,Hayır,Evet,9,Aylık,Fiber,Yok,Yok,Evet,Otomatik Ödeme,1,74.68,657.72,0
CUST-13274,Kadın,25,Hayır,Evet,25,2 Yıllık,DSL,Yok,Var,Hayır,Otomatik Ödeme,3,66.28,1719.82,0
CUST-13275,Kadın,35,Hayır,Hayır,25,Aylık,DSL,Var,Yok,Hayır,Otomatik Ödeme,4,68.38,1679.42,1
CUST-13276,Erkek,54,Hayır,Hayır,11,Aylık,Fiber,Yok,Var,Hayır,Otomatik Ödeme,0,92.78,1101.54,1
CUST-13277,Erkek,58,Hayır,Evet,55,Aylık,DSL,Yok,Yok,Hayır,Otomatik Ödeme,0,61.17,3228.51,0
CUST-13278,Erkek,30,Evet,Hayır,64,Aylık,DSL,Yok,Yok,Evet,Elektronik Çek,1,31.33,2118.03,1
CUST-13279,Kadın,42,Evet,Evet,8,Aylık,Fiber,Var,Yok,Evet,Otomatik Ödeme,2,77.69,669.97,1
CUST-13280,Kadın,50,Hayır,Hayır,44,Aylık,DSL,Yok,Yok,Hayır,Elektronik Çek,0,42.7,1786.1,1
CUST-13281,Erkek,55,Evet,Hayır,40,Aylık,Fiber,Yok,Var,Evet,Posta Çeki,0,62.36,2378.27,0
CUST-13282,Erkek,45,Hayır,Evet,53,2 Yıllık,DSL,Var,Var,Evet,Otomatik Ödeme,0,70.39,3837.23,0
CUST-13283,Erkek,38,Hayır,Hayır,25,2 Yıllık,Fiber,Yok,Yok,Evet,Otomatik Ödeme,2,84.04,2244.45,0
CUST-13284,Erkek,64,Hayır,Hayır,27,Aylık,DSL,Var,Yok,Evet,Posta Çeki,0,79.53,2184.13,0
CUST-13285,Kadın,50,Evet,Hayır,64,Aylık,DSL,Var,Var,Evet,Otomatik Ödeme,3,57.57,3873.63,0
CUST-13286,Kadın,33,Hayır,Hayır,13,1 Yıllık,Fiber,Yok,Var,Hayır,Posta Çeki,0,89.17,1189.76,1
CUST-13287,Erkek,49,Evet,Evet,48,Aylık,Fiber,Yok,Yok,Evet,Otomatik Ödeme,1,84.52,4365.29,0
CUST-13288,Kadın,43,Hayır,Hayır,10,Aylık,Fiber,Var,Yok,Evet,Otomatik Ödeme,2,72.71,757.47,1
CUST-13289,Kadın,43,Evet,Hayır,41,1 Yıllık,Yok,Var,Yok,Evet,Otomatik Ödeme,0,35.59,1470.14,0
CUST-13290,Erkek,26,Hayır,Evet,25,Aylık,Fiber,Yok,Yok,Hayır,Posta Çeki,1,67.16,1607.03,1
CUST-13291,Kadın,33,Hayır,Hayır,38,1 Yıllık,Fiber,Var,Yok,Evet,Elektronik Çek,1,101.41,3838.8,0
CUST-13292,Erkek,40,Hayır,Hayır,14,1 Yıllık,Fiber,Var,Yok,Evet,Otomatik Ödeme,0,70.13,983.01,0
CUST-13293,Erkek,40,Hayır,Evet,26,Aylık,Fiber,Yok,Var,Hayır,Elektronik Çek,2,90.62,2448.31,0
CUST-13294,Kadın,20,Evet,Hayır,35,Aylık,DSL,Yok,Var,Evet,Elektronik Çek,0,69.47,2278.93,0
CUST-13295,Erkek,23,Evet,Hayır,65,Aylık,Fiber,Yok,Var,Hayır,Posta Çeki,2,80.06,5229.82,0
CUST-13296,Kadın,58,Evet,Hayır,35,Aylık,DSL,Yok,Var,Hayır,Otomatik Ödeme,2,49.25,1622.96,0
CUST-13297,Kadın,69,Hayır,Hayır,22,2 Yıllık,Yok,Var,Var,Hayır,Posta Çeki,1,40.72,876.3,0
CUST-13298,Erkek,49,Evet,Evet,15,1 Yıllık,Yok,Var,Yok,Evet,Otomatik Ödeme,4,24.52,393.9,0
CUST-13299,Erkek,20,Hayır,Hayır,61,Aylık,Fiber,Yok,Yok,Evet,Elektronik Çek,2,64.7,3747.28,1
CUST-13300,Erkek,25,Evet,Hayır,65,1 Yıllık,Fiber,Var,Yok,Hayır,Posta Çeki,2,89.35,5952.82,0
CUST-13301,Kadın,18,Hayır,Hayır,66,1 Yıllık,Fiber,Yok,Var,Hayır,Otomatik Ödeme,2,69.5,4319.82,0
CUST-13302,Kadın,40,Evet,Evet,72,Aylık,DSL,Yok,Yok,Hayır,Otomatik Ödeme,2,65.59,4397.51,0
CUST-13303,Kadın,30,Hayır,Hayır,45,Aylık,Fiber,Yok,Var,Hayır,Otomatik Ödeme,2,99.36,4456.57,0
CUST-13304,Kadın,44,Evet,Evet,66,Aylık,Yok,Var,Var,Hayır,Otomatik Ödeme,3,47.2,3199.82,0
CUST-13305,Kadın,62,Hayır,Evet,55,2 Yıllık,Yok,Yok,Yok,Evet,Posta Çeki,1,41.38,2349.54,0
CUST-13306,Kadın,50,Hayır,Hayır,48,Aylık,DSL,Var,Yok,Hayır,Elektronik Çek,0,57.11,2932.28,0
CUST-13307,Kadın,47,Hayır,Hayır,4,Aylık,Yok,Var,Yok,Hayır,Elektronik Çek,1,35.1,145.23,1
CUST-13308,Kadın,40,Evet,Hayır,22,2 Yıllık,Fiber,Yok,Yok,Evet,Posta Çeki,1,94.37,2035.41,0
CUST-13309,Kadın,26,Hayır,Hayır,2,Aylık,Fiber,Yok,Var,Hayır,Otomatik Ödeme,3,92.65,171.3,1
CUST-13310,Erkek,35,Evet,Evet,14,2 Yıllık,DSL,Yok,Yok,Hayır,Otomatik Ödeme,2,59.89,835.64,0
CUST-13311,Erkek,35,Evet,Evet,31,Aylık,DSL,Var,Yok,Hayır,Otomatik Ödeme,4,73.02,2414.99,0
CUST-13312,Erkek,39,Hayır,Hayır,6,Aylık,Fiber,Var,Var,Hayır,Elektronik Çek,0,71.35,433.56,0
CUST-13313,Kadın,64,Hayır,Hayır,20,Aylık,DSL,Yok,Yok,Evet,Posta Çeki,2,79.06,1502.16,0
CUST-13314,Kadın,55,Evet,Hayır,17,2 Yıllık,Fiber,Yok,Yok,Hayır,Elektronik Çek,0,99.58,1809.52,0
CUST-13315,Kadın,33,Evet,Hayır,12,Aylık,Fiber,Yok,Var,Evet,Elektronik Çek,2,75.97,885.8,0
CUST-13316,Kadın,30,Hayır,Evet,28,Aylık,Fiber,Yok,Yok,Evet,Otomatik Ödeme,1,81.97,2124.92,0
CUST-13317,Erkek,32,Hayır,Hayır,12,Aylık,DSL,Var,Yok,Evet,Posta Çeki,0,64.15,807.47,0
CUST-13318,Erkek,21,Hayır,Hayır,13,Aylık,DSL,Var,Yok,Hayır,Otomatik Ödeme,0,55.67,684.51,0
CUST-13319,Erkek,40,Evet,Evet,40,Aylık,Yok,Yok,Var,Evet,Elektronik Çek,0,48.89,1858.34,0
CUST-13320,Erkek,18,Hayır,Hayır,27,Aylık,Fiber,Var,Yok,Evet,Elektronik Çek,1,67.93,1928.07,1
CUST-13321,Erkek,35,Evet,Hayır,28,1 Yıllık,Fiber,Yok,Var,Hayır,Otomatik Ödeme,1,93.68,2713.49,0
CUST-13322,Erkek,25,Hayır,Hayır,36,Aylık,DSL,Yok,Yok,Hayır,Otomatik Ödeme,3,58.73,2017.32,0
CUST-13323,Kadın,38,Evet,Hayır,34,Aylık,Fiber,Yok,Yok,Evet,Otomatik Ödeme,2,81.35,2963.17,1
CUST-13324,Kadın,18,Hayır,Evet,63,Aylık,Fiber,Yok,Yok,Hayır,Posta Çeki,2,86.28,5625.08,0
CUST-13325,Erkek,48,Hayır,Evet,32,Aylık,Fiber,Yok,Var,Hayır,Elektronik Çek,1,84.13,2715.91,0
CUST-13326,Kadın,71,Hayır,Evet,3,2 Yıllık,Fiber,Var,Yok,Evet,Elektronik Çek,4,108.82,341.14,0
CUST-13327,Kadın,46,Evet,Evet,18,Aylık,DSL,Var,Yok,Hayır,Otomatik Ödeme,0,37.07,716.17,0
CUST-13328,Kadın,31,Hayır,Hayır,29,1 Yıllık,DSL,Yok,Yok,Hayır,Elektronik Çek,2,59.84,1689.31,1
CUST-13329,Kadın,39,Hayır,Hayır,43,Aylık,Fiber,Var,Var,Evet,Posta Çeki,1,71.13,2975.01,0
CUST-13330,Kadın,52,Evet,Evet,34,1 Yıllık,Fiber,Yok,Yok,Evet,Otomatik Ödeme,0,62.65,2233.06,0
CUST-13331,Kadın,33,Hayır,Hayır,26,1 Yıllık,DSL,Var,Yok,Evet,Otomatik Ödeme,1,70.98,1732.99,0
CUST-13332,Kadın,31,Hayır,Evet,55,Aylık,Yok,Yok,Yok,Hayır,Elektronik Çek,2,46.77,2698.87,0
CUST-13333,Kadın,33,Evet,Hayır,72,1 Yıllık,Fiber,Var,Var,Evet,Elektronik Çek,2,87.15,6514.51,0
CUST-13334,Erkek,36,Evet,Evet,65,2 Yıllık,DSL,Yok,Var,Evet,Otomatik Ödeme,1,54.62,3295.83,0
CUST-13335,Erkek,55,Hayır,Hayır,23,Aylık,Fiber,Yok,Var,Evet,Otomatik Ödeme,0,67.06,1578.86,1
CUST-13336,Kadın,40,Hayır,Hayır,38,1 Yıllık,DSL,Yok,Yok,Evet,Elektronik Çek,0,73.14,2895.48,0
CUST-13337,Erkek,40,Evet,Hayır,40,Aylık,Fiber,Yok,Yok,Evet,Elektronik Çek,4,71.53,2944.08,1
CUST-13338,Kadın,40,Hayır,Hayır,25,Aylık,DSL,Yok,Yok,Hayır,Posta Çeki,1,85.85,2221.28,0
CUST-13339,Erkek,40,Hayır,Evet,48,1 Yıllık,DSL,Yok,Yok,Evet,Elektronik Çek,1,75.36,3521.18,1
CUST-13340,Kadın,38,Hayır,Hayır,17,2 Yıllık,Fiber,Yok,Yok,Hayır,Elektronik Çek,2,94.01,1477.54,1
CUST-13341,Kadın,31,Hayır,Hayır,37,Aylık,Yok,Yok,Var,Evet,Elektronik Çek,4,34.47,1175.13,1
CUST-13342,Kadın,27,Hayır,Hayır,46,Aylık,DSL,Yok,Var,Hayır,Elektronik Çek,2,32.05,1516.53,1
CUST-13343,Kadın,60,Hayır,Evet,36,Aylık,Yok,Yok,Var,Evet,Elektronik Çek,1,20.86,768.23,0
CUST-13344,Kadın,31,Evet,Hayır,18,1 Yıllık,DSL,Yok,Yok,Evet,Elektronik Çek,1,48.42,835.62,1
CUST-13345,Erkek,37,Evet,Hayır,16,Aylık,Fiber,Yok,Var,Evet,Otomatik Ödeme,1,84.09,1407.85,0
CUST-13346,Kadın,36,Hayır,Evet,72,2 Yıllık,DSL,Var,Var,Evet,Elektronik Çek,0,76.58,5723.95,0
CUST-13347,Erkek,29,Evet,Hayır,12,1 Yıllık,DSL,Yok,Yok,Hayır,Posta Çeki,1,68.53,806.79,0
CUST-13348,Erkek,23,Hayır,Hayır,31,2 Yıllık,Yok,Var,Var,Evet,Otomatik Ödeme,1,57.71,1929.01,0
CUST-13349,Erkek,45,Evet,Evet,25,1 Yıllık,DSL,Yok,Yok,Evet,Posta Çeki,1,59.29,1435.82,0
CUST-13350,Erkek,37,Hayır,Evet,8,1 Yıllık,DSL,Yok,Yok,Hayır,Otomatik Ödeme,3,41.46,307.21,0
CUST-13351,Erkek,56,Hayır,Hayır,25,2 Yıllık,DSL,Yok,Yok,Evet,Otomatik Ödeme,3,61.48,1453.86,0
CUST-13352,Kadın,54,Hayır,Hayır,55,Aylık,Fiber,Yok,Yok,Hayır,Posta Çeki,2,74.9,4225.27,0
CUST-13353,Kadın,18,Hayır,Hayır,13,Aylık,DSL,Yok,Var,Evet,Otomatik Ödeme,0,49.27,677.37,1
CUST-13354,Erkek,25,Hayır,Evet,16,Aylık,Yok,Yok,Yok,Evet,Otomatik Ödeme,1,33.58,534.49,0
CUST-13355,Kadın,23,Evet,Evet,40,1 Yıllık,Fiber,Yok,Yok,Evet,Otomatik Ödeme,4,104.51,4091.22,0
CUST-13356,Erkek,67,Evet,Hayır,40,Aylık,Fiber,Var,Yok,Evet,Elektronik Çek,2,78.92,3110.6,1
CUST-13357,Erkek,32,Hayır,Hayır,33,1 Yıllık,DSL,Yok,Yok,Evet,Otomatik Ödeme,1,72.95,2504.07,0
CUST-13358,Kadın,37,Hayır,Evet,18,Aylık,Yok,Yok,Var,Evet,Elektronik Çek,1,22.51,411.84,0
CUST-13359,Kadın,27,Evet,Hayır,17,1 Yıllık,Fiber,Yok,Var,Hayır,Elektronik Çek,0,81.56,1373.46,1
CUST-13360,Kadın,48,Evet,Evet,14,1 Yıllık,Fiber,Var,Yok,Evet,Otomatik Ödeme,1,69.76,931.79,0
CUST-13361,Erkek,46,Evet,Hayır,40,2 Yıllık,DSL,Yok,Yok,Hayır,Otomatik Ödeme,2,46.58,1973.89,0
CUST-13362,Erkek,67,Evet,Hayır,44,2 Yıllık,DSL,Var,Yok,Hayır,Elektronik Çek,3,65.25,2946.79,0
CUST-13363,Kadın,39,Hayır,Hayır,25,Aylık,Fiber,Yok,Yok,Evet,Elektronik Çek,4,88.55,2192.75,1
CUST-13364,Erkek,55,Evet,Hayır,11,1 Yıllık,Fiber,Yok,Yok,Evet,Elektronik Çek,2,80.68,879.79,1
CUST-13365,Kadın,27,Evet,Hayır,26,Aylık,Fiber,Yok,Var,Hayır,Elektronik Çek,0,81.54,2004.05,1
CUST-13366,Kadın,72,Evet,Hayır,33,Aylık,Yok,Yok,Yok,Hayır,Otomatik Ödeme,1,29.54,1042.57,0
CUST-13367,Erkek,48,Evet,Hayır,47,1 Yıllık,Yok,Var,Yok,Evet,Otomatik Ödeme,1,55.62,2608.47,0
CUST-13368,Erkek,42,Evet,Evet,28,2 Yıllık,Fiber,Var,Yok,Hayır,Otomatik Ödeme,0,72.99,2065.91,1
CUST-13369,Kadın,34,Evet,Hayır,11,1 Yıllık,Fiber,Yok,Var,Evet,Otomatik Ödeme,1,68.8,766.2,1
CUST-13370,Erkek,39,Hayır,Hayır,17,Aylık,Fiber,Yok,Yok,Hayır,Otomatik Ödeme,1,87.83,1494.99,1
CUST-13371,Kadın,43,Evet,Hayır,72,1 Yıllık,Fiber,Yok,Yok,Hayır,Otomatik Ödeme,2,89.06,6334.98,0
CUST-13372,Kadın,37,Evet,Hayır,52,1 Yıllık,DSL,Yok,Yok,Evet,Otomatik Ödeme,3,72.75,3838.16,1
CUST-13373,Erkek,37,Hayır,Hayır,72,Aylık,DSL,Var,Var,Evet,Posta Çeki,0,70.33,4761.7,0
CUST-13374,Erkek,34,Hayır,Hayır,41,Aylık,DSL,Var,Var,Evet,Elektronik Çek,2,40.41,1613.37,0
CUST-13375,Erkek,24,Evet,Hayır,13,2 Yıllık,DSL,Var,Var,Hayır,Otomatik Ödeme,0,71.7,902.99,0
CUST-13376,Erkek,44,Evet,Hayır,14,Aylık,DSL,Yok,Yok,Hayır,Otomatik Ödeme,3,66.36,898.02,1
CUST-13377,Kadın,18,Hayır,Hayır,32,2 Yıllık,Yok,Yok,Var,Hayır,Otomatik Ödeme,0,50.1,1649.34,0
CUST-13378,Kadın,33,Hayır,Evet,27,1 Yıllık,Fiber,Var,Yok,Evet,Otomatik Ödeme,3,104.38,3013.03,1
CUST-13379,Erkek,49,Evet,Hayır,26,1 Yıllık,Fiber,Var,Yok,Hayır,Elektronik Çek,1,58.08,1389.28,0
CUST-13380,Kadın,42,Evet,Hayır,41,2 Yıllık,Yok,Yok,Yok,Hayır,Otomatik Ödeme,1,32.72,1448.73,0
CUST-13381,Kadın,49,Evet,Evet,6,2 Yıllık,DSL,Yok,Var,Hayır,Otomatik Ödeme,1,54.42,324.94,0
CUST-13382,Kadın,79,Evet,Evet,63,2 Yıllık,Fiber,Yok,Yok,Hayır,Elektronik Çek,4,103.56,6395.36,0
CUST-13383,Erkek,38,Hayır,Evet,22,Aylık,DSL,Yok,Yok,Evet,Posta Çeki,1,71.55,1536.6,0
CUST-13384,Kadın,48,Evet,Hayır,54,Aylık,DSL,Var,Yok,Hayır,Posta Çeki,1,51.19,2715.14,0
CUST-13385,Kadın,61,Hayır,Hayır,22,1 Yıllık,DSL,Yok,Var,Hayır,Otomatik Ödeme,1,63.86,1390.11,0
CUST-13386,Kadın,40,Hayır,Evet,52,2 Yıllık,Fiber,Yok,Yok,Evet,Elektronik Çek,0,89.01,4520.28,0
CUST-13387,Kadın,41,Hayır,Hayır,72,1 Yıllık,Yok,Yok,Yok,Evet,Posta Çeki,2,35.59,2722.58,0
CUST-13388,Erkek,39,Evet,Hayır,11,Aylık,Fiber,Yok,Yok,Evet,Otomatik Ödeme,1,89.1,957.57,1
CUST-13389,Kadın,19,Hayır,Hayır,24,Aylık,Yok,Var,Yok,Evet,Elektronik Çek,1,31.22,798.96,0
CUST-13390,Erkek,46,Evet,Evet,40,Aylık,Fiber,Yok,Yok,Hayır,Posta Çeki,0,64.07,2750.8,1
CUST-13391,Kadın,21,Evet,Evet,72,1 Yıllık,Yok,Yok,Var,Evet,Posta Çeki,0,43.19,3330.09,0
CUST-13392,Erkek,38,Evet,Hayır,67,2 Yıllık,Yok,Yok,Yok,Evet,Elektronik Çek,2,31.7,2109.47,0
CUST-13393,Erkek,53,Hayır,Hayır,19,Aylık,DSL,Yok,Var,Evet,Elektronik Çek,2,59.65,1114.23,0
CUST-13394,Erkek,43,Evet,Hayır,28,Aylık,DSL,Yok,Yok,Hayır,Posta Çeki,0,44.38,1258.8,1
CUST-13395,Kadın,18,Evet,Hayır,32,Aylık,DSL,Var,Yok,Evet,Otomatik Ödeme,1,64.97,1986.19,1
CUST-13396,Erkek,39,Evet,Evet,72,Aylık,DSL,Yok,Yok,Hayır,Posta Çeki,1,57.94,4431.38,0
CUST-13397,Erkek,30,Hayır,Hayır,6,Aylık,DSL,Yok,Var,Evet,Posta Çeki,1,60.78,342.89,1
CUST-13398,Erkek,20,Evet,Hayır,27,Aylık,Fiber,Var,Yok,Evet,Otomatik Ödeme,2,95.86,2458.33,0
CUST-13399,Kadın,44,Evet,Evet,25,Aylık,Fiber,Var,Var,Hayır,Elektronik Çek,1,71.22,1889.26,0
CUST-13400,Kadın,73,Hayır,Hayır,46,2 Yıllık,Yok,Yok,Yok,Evet,Elektronik Çek,0,53.09,2588.14,0
CUST-13401,Erkek,46,Evet,Hayır,57,Aylık,Fiber,Yok,Var,Evet,Elektronik Çek,0,102.32,5699.26,1
CUST-13402,Erkek,58,Evet,Hayır,51,2 Yıllık,Fiber,Var,Yok,Hayır,Posta Çeki,0,73.6,3680.87,0
CUST-13403,Kadın,45,Evet,Evet,47,Aylık,Yok,Var,Var,Hayır,Elektronik Çek,2,18.0,877.03,0
CUST-13404,Kadın,46,Evet,Hayır,52,Aylık,Yok,Var,Var,Evet,Elektronik Çek,0,34.24,1743.58,1
CUST-13405,Erkek,70,Evet,Hayır,9,1 Yıllık,DSL,Yok,Yok,Evet,Elektronik Çek,3,59.75,510.57,0
CUST-13406,Erkek,56,Hayır,Hayır,21,Aylık,DSL,Var,Yok,Hayır,Posta Çeki,0,56.98,1201.02,1
CUST-13407,Kadın,40,Hayır,Hayır,42,2 Yıllık,DSL,Yok,Yok,Evet,Otomatik Ödeme,0,58.82,2283.23,0
CUST-13408,Erkek,48,Hayır,Hayır,43,2 Yıllık,Fiber,Var,Yok,Evet,Otomatik Ödeme,0,67.85,2727.82,0
CUST-13409,Kadın,50,Hayır,Evet,11,2 Yıllık,Fiber,Var,Var,Evet,Otomatik Ödeme,1,78.72,908.86,0
CUST-13410,Kadın,39,Evet,Hayır,14,Aylık,Fiber,Yok,Yok,Hayır,Elektronik Çek,1,108.75,1564.22,1
CUST-13411,Erkek,41,Evet,Hayır,44,1 Yıllık,Fiber,Yok,Yok,Evet,Otomatik Ödeme,1,107.97,5048.79,0
CUST-13412,Kadın,70,Hayır,Hayır,16,1 Yıllık,DSL,Var,Yok,Hayır,Elektronik Çek,1,59.17,916.79,0
CUST-13413,Erkek,58,Hayır,Evet,51,2 Yıllık,DSL,Var,Var,Evet,Otomatik Ödeme,2,61.06,2910.38,0
CUST-13414,Kadın,38,Hayır,Hayır,72,Aylık,Yok,Var,Yok,Evet,Otomatik Ödeme,2,28.0,1948.87,0
CUST-13415,Kadın,57,Hayır,Hayır,31,Aylık,Yok,Yok,Yok,Evet,Otomatik Ödeme,1,44.22,1314.0,0
CUST-13416,Erkek,32,Evet,Evet,41,1 Yıllık,DSL,Var,Yok,Hayır,Posta Çeki,1,61.65,2418.71,0
CUST-13417,Erkek,55,Hayır,Hayır,36,Aylık,Fiber,Yok,Var,Evet,Posta Çeki,3,88.0,3176.45,1
CUST-13418,Kadın,52,Hayır,Hayır,56,Aylık,Fiber,Yok,Yok,Evet,Otomatik Ödeme,1,93.13,5240.43,1
CUST-13419,Kadın,29,Evet,Evet,72,Aylık,Fiber,Var,Yok,Hayır,Elektronik Çek,0,75.01,5683.95,1
CUST-13420,Erkek,62,Evet,Hayır,40,1 Yıllık,Fiber,Yok,Yok,Evet,Elektronik Çek,2,76.4,2973.85,1
CUST-13421,Kadın,63,Hayır,Hayır,25,Aylık,Fiber,Yok,Yok,Evet,Otomatik Ödeme,2,78.37,1918.75,0
CUST-13422,Kadın,62,Evet,Evet,14,1 Yıllık,Fiber,Var,Yok,Evet,Otomatik Ödeme,1,66.02,918.73,0
CUST-13423,Kadın,61,Evet,Evet,26,1 Yıllık,Fiber,Var,Yok,Hayır,Otomatik Ödeme,4,81.64,2238.38,0
CUST-13424,Kadın,40,Evet,Hayır,20,Aylık,Yok,Yok,Yok,Hayır,Otomatik Ödeme,0,47.68,1020.87,0
CUST-13425,Erkek,51,Hayır,Evet,50,2 Yıllık,DSL,Yok,Var,Evet,Posta Çeki,0,40.36,2115.64,0
CUST-13426,Kadın,54,Evet,Hayır,55,2 Yıllık,Fiber,Yok,Var,Hayır,Otomatik Ödeme,0,92.0,5213.77,0
CUST-13427,Erkek,54,Hayır,Hayır,22,2 Yıllık,Yok,Var,Yok,Evet,Otomatik Ödeme,6,32.39,751.98,0
CUST-13428,Kadın,50,Evet,Hayır,29,1 Yıllık,DSL,Yok,Yok,Hayır,Elektronik Çek,2,57.64,1767.59,0
CUST-13429,Kadın,48,Hayır,Hayır,45,Aylık,Yok,Var,Var,Evet,Otomatik Ödeme,1,18.0,787.28,0
CUST-13430,Kadın,59,Hayır,Hayır,18,Aylık,DSL,Yok,Yok,Evet,Posta Çeki,0,52.2,928.43,0
CUST-13431,Kadın,46,Hayır,Hayır,43,2 Yıllık,DSL,Var,Yok,Evet,Elektronik Çek,3,51.97,2291.11,0
CUST-13432,Kadın,20,Evet,Evet,35,Aylık,Yok,Yok,Yok,Evet,Elektronik Çek,3,44.46,1639.15,0
CUST-13433,Erkek,55,Hayır,Hayır,47,Aylık,Fiber,Yok,Yok,Hayır,Otomatik Ödeme,0,82.56,3613.3,1
CUST-13434,Kadın,48,Evet,Hayır,8,1 Yıllık,DSL,Yok,Yok,Evet,Otomatik Ödeme,0,44.98,341.14,1
CUST-13435,Kadın,24,Evet,Evet,38,1 Yıllık,Yok,Yok,Yok,Evet,Otomatik Ödeme,1,43.62,1612.88,1
CUST-13436,Kadın,36,Hayır,Evet,13,1 Yıllık,Fiber,Yok,Yok,Hayır,Elektronik Çek,2,98.11,1280.59,1
CUST-13437,Kadın,30,Hayır,Evet,34,1 Yıllık,DSL,Yok,Var,Evet,Elektronik Çek,1,71.05,2333.25,0
CUST-13438,Erkek,23,Evet,Hayır,26,Aylık,DSL,Var,Var,Evet,Otomatik Ödeme,2,72.88,2004.12,1
CUST-13439,Erkek,67,Hayır,Hayır,36,1 Yıllık,Fiber,Yok,Yok,Evet,Posta Çeki,1,75.48,2576.77,0
CUST-13440,Kadın,58,Hayır,Evet,33,Aylık,Fiber,Yok,Var,Evet,Elektronik Çek,0,90.85,2857.13,0
CUST-13441,Kadın,27,Hayır,Evet,54,Aylık,Yok,Var,Yok,Evet,Elektronik Çek,3,40.08,2060.0,0
CUST-13442,Kadın,58,Evet,Hayır,28,2 Yıllık,Yok,Yok,Yok,Evet,Otomatik Ödeme,1,57.32,1514.46,0
CUST-13443,Erkek,50,Hayır,Evet,62,2 Yıllık,Yok,Var,Yok,Evet,Otomatik Ödeme,1,31.97,2005.05,0
CUST-13444,Erkek,57,Hayır,Evet,19,1 Yıllık,Fiber,Var,Yok,Hayır,Elektronik Çek,0,80.6,1550.81,0
CUST-13445,Kadın,44,Evet,Hayır,36,Aylık,DSL,Var,Yok,Evet,Elektronik Çek,0,59.2,2069.6,0
CUST-13446,Kadın,51,Hayır,Hayır,33,Aylık,DSL,Yok,Var,Hayır,Otomatik Ödeme,3,69.27,2212.22,1
CUST-13447,Erkek,51,Evet,Hayır,27,2 Yıllık,Fiber,Var,Yok,Hayır,Otomatik Ödeme,0,87.78,2233.18,1
CUST-13448,Kadın,36,Hayır,Evet,24,2 Yıllık,DSL,Yok,Yok,Hayır,Otomatik Ödeme,0,56.22,1323.56,0
CUST-13449,Erkek,25,Evet,Hayır,39,Aylık,Fiber,Var,Yok,Hayır,Elektronik Çek,2,103.42,4321.15,1
CUST-13450,Erkek,51,Evet,Evet,29,1 Yıllık,DSL,Yok,Yok,Evet,Otomatik Ödeme,1,57.28,1626.34,0
CUST-13451,Erkek,39,Hayır,Hayır,47,Aylık,Fiber,Var,Yok,Evet,Otomatik Ödeme,1,90.96,4450.2,1
CUST-13452,Kadın,35,Evet,Hayır,25,Aylık,Yok,Var,Yok,Evet,Otomatik Ödeme,1,24.74,647.13,0
CUST-13453,Erkek,38,Evet,Hayır,72,1 Yıllık,DSL,Yok,Yok,Hayır,Otomatik Ödeme,1,69.71,4795.08,1
CUST-13454,Kadın,57,Evet,Hayır,72,Aylık,DSL,Var,Var,Hayır,Posta Çeki,1,57.79,3915.2,0
CUST-13455,Erkek,39,Evet,Evet,20,1 Yıllık,Fiber,Yok,Var,Hayır,Posta Çeki,0,82.83,1551.83,1
CUST-13456,Kadın,64,Evet,Hayır,43,2 Yıllık,DSL,Yok,Yok,Evet,Elektronik Çek,2,43.97,1767.97,1
CUST-13457,Kadın,26,Evet,Hayır,16,Aylık,Fiber,Yok,Var,Hayır,Posta Çeki,0,77.73,1257.38,1
CUST-13458,Erkek,52,Hayır,Hayır,59,1 Yıllık,Yok,Var,Yok,Evet,Otomatik Ödeme,1,20.23,1119.55,0
CUST-13459,Erkek,56,Hayır,Hayır,29,Aylık,DSL,Yok,Yok,Hayır,Otomatik Ödeme,1,60.25,1715.38,1
CUST-13460,Erkek,18,Evet,Hayır,33,Aylık,Yok,Yok,Yok,Hayır,Posta Çeki,2,27.73,987.13,1
CUST-13461,Kadın,33,Evet,Hayır,40,Aylık,Yok,Var,Var,Hayır,Otomatik Ödeme,3,38.64,1601.58,0
CUST-13462,Kadın,18,Evet,Evet,2,Aylık,DSL,Var,Yok,Evet,Otomatik Ödeme,0,57.23,116.4,1
CUST-13463,Erkek,43,Evet,Hayır,38,2 Yıllık,DSL,Var,Yok,Hayır,Otomatik Ödeme,0,49.03,1746.87,0
CUST-13464,Kadın,54,Evet,Hayır,72,1 Yıllık,DSL,Yok,Yok,Evet,Otomatik Ödeme,0,88.96,5966.26,0
CUST-13465,Erkek,45,Hayır,Hayır,1,Aylık,Fiber,Yok,Var,Evet,Otomatik Ödeme,2,79.37,79.54,0
CUST-13466,Kadın,45,Hayır,Hayır,37,Aylık,Yok,Yok,Yok,Hayır,Otomatik Ödeme,2,54.12,2099.47,1
CUST-13467,Kadın,18,Hayır,Evet,21,2 Yıllık,Fiber,Yok,Var,Evet,Otomatik Ödeme,2,84.23,1644.66,0
CUST-13468,Erkek,48,Evet,Hayır,61,Aylık,DSL,Yok,Yok,Hayır,Elektronik Çek,0,37.16,2153.45,0
CUST-13469,Kadın,46,Hayır,Hayır,10,1 Yıllık,DSL,Yok,Yok,Evet,Elektronik Çek,3,56.78,531.87,0
CUST-13470,Kadın,46,Hayır,Hayır,28,Aylık,Yok,Yok,Yok,Hayır,Elektronik Çek,1,55.78,1570.28,1
CUST-13471,Kadın,46,Evet,Hayır,13,2 Yıllık,Yok,Yok,Var,Evet,Otomatik Ödeme,0,59.27,731.89,0
CUST-13472,Erkek,54,Hayır,Hayır,22,Aylık,Fiber,Var,Yok,Evet,Elektronik Çek,2,77.31,1762.23,0
CUST-13473,Kadın,28,Hayır,Hayır,9,1 Yıllık,DSL,Yok,Yok,Hayır,Otomatik Ödeme,1,58.82,503.61,0
CUST-13474,Erkek,56,Evet,Hayır,30,Aylık,Fiber,Yok,Yok,Evet,Elektronik Çek,1,88.01,2619.24,1
CUST-13475,Erkek,29,Hayır,Hayır,21,1 Yıllık,Fiber,Var,Var,Hayır,Otomatik Ödeme,2,54.16,1155.06,0
CUST-13476,Erkek,55,Hayır,Hayır,72,Aylık,Yok,Yok,Yok,Evet,Otomatik Ödeme,3,55.86,4315.08,0
CUST-13477,Kadın,73,Evet,Hayır,32,Aylık,DSL,Yok,Yok,Evet,Elektronik Çek,0,59.23,1990.57,0
CUST-13478,Erkek,32,Evet,Hayır,22,1 Yıllık,DSL,Yok,Yok,Hayır,Elektronik Çek,2,62.88,1379.61,1
CUST-13479,Erkek,43,Evet,Evet,13,2 Yıllık,Fiber,Var,Yok,Hayır,Elektronik Çek,1,76.43,1052.08,0
CUST-13480,Kadın,45,Evet,Evet,15,Aylık,Yok,Var,Var,Evet,Posta Çeki,1,32.17,446.21,0
CUST-13481,Kadın,42,Hayır,Evet,24,Aylık,Yok,Yok,Var,Evet,Posta Çeki,0,28.81,735.19,1
CUST-13482,Kadın,41,Hayır,Evet,44,Aylık,Fiber,Yok,Yok,Evet,Otomatik Ödeme,0,89.63,4253.5,1
CUST-13483,Erkek,32,Evet,Hayır,72,1 Yıllık,Fiber,Var,Yok,Evet,Elektronik Çek,0,90.6,6949.9,0
CUST-13484,Erkek,53,Hayır,Hayır,27,1 Yıllık,DSL,Yok,Yok,Evet,Otomatik Ödeme,2,65.8,1852.29,1
CUST-13485,Kadın,57,Hayır,Hayır,47,Aylık,DSL,Var,Yok,Evet,Posta Çeki,1,68.78,3159.78,1
CUST-13486,Kadın,44,Hayır,Hayır,6,Aylık,Fiber,Var,Var,Evet,Otomatik Ödeme,1,99.95,642.13,1
CUST-13487,Kadın,34,Hayır,Hayır,72,Aylık,Yok,Yok,Yok,Evet,Otomatik Ödeme,1,24.4,1672.13,0
CUST-13488,Kadın,32,Evet,Hayır,30,Aylık,Yok,Var,Var,Evet,Posta Çeki,1,47.9,1464.09,0
CUST-13489,Erkek,24,Hayır,Evet,7,Aylık,Fiber,Yok,Yok,Hayır,Otomatik Ödeme,2,71.61,463.23,1
CUST-13490,Kadın,36,Hayır,Evet,9,Aylık,Fiber,Yok,Yok,Evet,Otomatik Ödeme,2,69.84,604.43,1
CUST-13491,Erkek,18,Hayır,Evet,21,Aylık,Fiber,Var,Var,Hayır,Otomatik Ödeme,2,117.89,2483.52,0
CUST-13492,Erkek,18,Hayır,Hayır,53,2 Yıllık,Fiber,Var,Var,Hayır,Elektronik Çek,1,63.99,3314.55,0
CUST-13493,Erkek,37,Hayır,Evet,72,Aylık,DSL,Yok,Yok,Evet,Posta Çeki,1,74.45,5085.46,0
CUST-13494,Erkek,46,Evet,Evet,28,Aylık,DSL,Yok,Yok,Evet,Elektronik Çek,0,51.08,1413.01,0
CUST-13495,Kadın,34,Hayır,Hayır,15,1 Yıllık,Yok,Yok,Yok,Hayır,Posta Çeki,3,42.45,637.9,1
CUST-13496,Erkek,27,Hayır,Evet,37,Aylık,DSL,Yok,Yok,Evet,Elektronik Çek,0,43.48,1488.46,0
CUST-13497,Kadın,52,Hayır,Evet,38,Aylık,Fiber,Var,Yok,Hayır,Posta Çeki,1,62.83,2425.54,0
CUST-13498,Kadın,37,Evet,Evet,11,2 Yıllık,DSL,Var,Yok,Evet,Posta Çeki,0,71.61,850.58,0
CUST-13499,Erkek,54,Evet,Hayır,30,Aylık,DSL,Yok,Yok,Hayır,Elektronik Çek,3,59.88,1803.6,0
CUST-13500,Erkek,49,Hayır,Hayır,32,Aylık,DSL,Yok,Yok,Evet,Elektronik Çek,1,58.98,1782.55,0
CUST-13501,Kadın,33,Evet,Hayır,23,2 Yıllık,Yok,Var,Yok,Evet,Otomatik Ödeme,2,37.91,877.91,0
CUST-13502,Erkek,44,Hayır,Evet,57,2 Yıllık,Fiber,Yok,Var,Hayır,Elektronik Çek,3,104.9,6371.88,0
CUST-13503,Kadın,50,Hayır,Evet,21,2 Yıllık,DSL,Var,Yok,Hayır,Elektronik Çek,0,74.99,1532.05,1
CUST-13504,Erkek,40,Evet,Hayır,15,Aylık,DSL,Var,Yok,Evet,Otomatik Ödeme,0,65.32,977.73,1
CUST-13505,Erkek,55,Hayır,Evet,16,1 Yıllık,Fiber,Yok,Var,Evet,Elektronik Çek,1,65.92,1048.59,0
CUST-13506,Erkek,69,Hayır,Hayır,7,2 Yıllık,DSL,Yok,Yok,Hayır,Posta Çeki,2,46.69,340.48,0
CUST-13507,Kadın,24,Hayır,Evet,6,Aylık,DSL,Yok,Yok,Evet,Elektronik Çek,2,53.06,317.18,1
CUST-13508,Kadın,38,Hayır,Hayır,4,2 Yıllık,Yok,Yok,Yok,Hayır,Elektronik Çek,0,48.42,190.03,0
CUST-13509,Erkek,34,Evet,Evet,13,Aylık,Yok,Var,Yok,Evet,Otomatik Ödeme,1,18.35,226.21,0
CUST-13510,Kadın,63,Evet,Hayır,32,1 Yıllık,Fiber,Yok,Var,Evet,Otomatik Ödeme,1,69.93,2351.36,0
CUST-13511,Kadın,59,Hayır,Hayır,57,Aylık,Yok,Yok,Var,Hayır,Otomatik Ödeme,1,35.84,1907.8,0
CUST-13512,Erkek,43,Hayır,Hayır,12,Aylık,Fiber,Var,Yok,Evet,Posta Çeki,2,81.89,985.34,1
CUST-13513,Kadın,48,Evet,Hayır,14,Aylık,DSL,Yok,Yok,Hayır,Elektronik Çek,0,57.28,744.22,1
CUST-13514,Kadın,48,Evet,Evet,25,2 Yıllık,Fiber,Yok,Yok,Evet,Elektronik Çek,3,66.8,1767.48,0
CUST-13515,Kadın,43,Evet,Evet,35,Aylık,Fiber,Yok,Var,Evet,Otomatik Ödeme,0,102.25,3682.96,0
CUST-13516,Kadın,56,Evet,Evet,54,2 Yıllık,Fiber,Var,Var,Evet,Elektronik Çek,2,83.83,4512.55,0
CUST-13517,Erkek,30,Hayır,Hayır,31,Aylık,Yok,Yok,Yok,Evet,Otomatik Ödeme,0,19.86,627.59,0
CUST-13518,Erkek,41,Evet,Evet,14,Aylık,Fiber,Yok,Yok,Evet,Elektronik Çek,4,68.2,905.22,1
CUST-13519,Kadın,38,Evet,Hayır,48,Aylık,Fiber,Yok,Var,Evet,Posta Çeki,0,69.24,3529.43,1
CUST-13520,Kadın,52,Evet,Hayır,4,2 Yıllık,DSL,Yok,Var,Hayır,Otomatik Ödeme,0,33.57,137.3,0
CUST-13521,Kadın,56,Evet,Evet,51,Aylık,Fiber,Yok,Yok,Hayır,Elektronik Çek,2,82.51,4019.68,1
CUST-13522,Erkek,37,Evet,Hayır,60,2 Yıllık,Fiber,Yok,Var,Hayır,Posta Çeki,0,79.36,4812.53,0
CUST-13523,Erkek,38,Hayır,Evet,23,Aylık,Fiber,Yok,Yok,Evet,Posta Çeki,1,76.3,1643.26,0
CUST-13524,Kadın,34,Evet,Hayır,13,2 Yıllık,DSL,Yok,Yok,Evet,Elektronik Çek,1,56.96,784.07,1
CUST-13525,Erkek,38,Evet,Evet,15,1 Yıllık,Fiber,Yok,Yok,Hayır,Otomatik Ödeme,0,72.72,1175.94,0
CUST-13526,Erkek,34,Evet,Hayır,9,Aylık,Fiber,Yok,Yok,Hayır,Otomatik Ödeme,0,91.98,837.56,1
CUST-13527,Kadın,31,Hayır,Hayır,40,Aylık,DSL,Yok,Var,Hayır,Otomatik Ödeme,1,62.96,2499.37,1
CUST-13528,Kadın,51,Hayır,Hayır,27,Aylık,Fiber,Yok,Yok,Evet,Otomatik Ödeme,1,85.44,2198.34,0
CUST-13529,Erkek,40,Evet,Evet,3,Aylık,DSL,Yok,Yok,Hayır,Otomatik Ödeme,2,41.11,129.72,0
CUST-13530,Erkek,60,Hayır,Hayır,13,Aylık,DSL,Yok,Var,Evet,Elektronik Çek,0,41.31,540.27,0
CUST-13531,Erkek,68,Evet,Evet,29,1 Yıllık,Fiber,Yok,Var,Hayır,Elektronik Çek,0,97.91,2976.33,0
CUST-13532,Erkek,43,Evet,Hayır,72,1 Yıllık,DSL,Var,Yok,Hayır,Elektronik Çek,1,63.45,4224.65,0
CUST-13533,Erkek,49,Evet,Evet,39,Aylık,Fiber,Yok,Yok,Evet,Posta Çeki,0,86.04,3275.8,1
CUST-13534,Kadın,51,Evet,Hayır,44,Aylık,Fiber,Var,Var,Evet,Elektronik Çek,4,73.38,3314.1,1
CUST-13535,Erkek,24,Evet,Hayır,41,2 Yıllık,DSL,Yok,Var,Hayır,Elektronik Çek,0,77.97,3179.46,1
CUST-13536,Kadın,28,Evet,Hayır,40,Aylık,Yok,Var,Yok,Hayır,Elektronik Çek,1,30.76,1220.8,1
CUST-13537,Erkek,62,Evet,Hayır,14,Aylık,Fiber,Var,Var,Hayır,Elektronik Çek,3,93.99,1265.2,0
CUST-13538,Erkek,18,Evet,Evet,45,Aylık,Fiber,Var,Yok,Hayır,Posta Çeki,3,83.41,3927.12,0
CUST-13539,Erkek,77,Hayır,Hayır,22,Aylık,Fiber,Var,Yok,Hayır,Posta Çeki,1,84.27,1779.81,0
CUST-13540,Erkek,56,Hayır,Hayır,72,Aylık,Fiber,Yok,Var,Evet,Otomatik Ödeme,3,73.88,5129.03,0
CUST-13541,Kadın,46,Hayır,Hayır,9,Aylık,DSL,Yok,Var,Evet,Elektronik Çek,0,44.76,397.19,1
CUST-13542,Kadın,53,Evet,Hayır,37,Aylık,DSL,Var,Yok,Evet,Otomatik Ödeme,2,75.04,2678.23,1
CUST-13543,Erkek,54,Evet,Hayır,19,Aylık,DSL,Yok,Var,Evet,Otomatik Ödeme,1,62.28,1137.67,1
CUST-13544,Erkek,31,Evet,Hayır,19,1 Yıllık,Fiber,Var,Var,Hayır,Posta Çeki,0,64.08,1232.1,1
CUST-13545,Kadın,23,Evet,Hayır,25,Aylık,DSL,Var,Var,Hayır,Posta Çeki,4,54.76,1379.15,1
CUST-13546,Kadın,38,Hayır,Evet,27,Aylık,DSL,Var,Var,Hayır,Posta Çeki,1,57.01,1603.81,0
CUST-13547,Kadın,48,Hayır,Evet,48,Aylık,Yok,Yok,Yok,Evet,Otomatik Ödeme,4,39.83,1795.93,1
CUST-13548,Erkek,42,Evet,Hayır,22,Aylık,DSL,Yok,Yok,Evet,Posta Çeki,2,36.98,760.41,1
CUST-13549,Erkek,34,Evet,Evet,18,1 Yıllık,Yok,Yok,Yok,Hayır,Elektronik Çek,2,36.15,654.57,1
CUST-13550,Kadın,30,Evet,Hayır,65,Aylık,Fiber,Var,Yok,Hayır,Elektronik Çek,0,97.77,6479.98,0
CUST-13551,Kadın,28,Evet,Evet,37,Aylık,DSL,Var,Yok,Evet,Elektronik Çek,0,74.75,2656.94,1
CUST-13552,Kadın,40,Evet,Evet,9,Aylık,Fiber,Var,Yok,Evet,Elektronik Çek,1,81.89,759.56,1
CUST-13553,Erkek,22,Hayır,Hayır,19,Aylık,Fiber,Yok,Yok,Evet,Posta Çeki,3,79.97,1422.2,1
CUST-13554,Erkek,42,Hayır,Hayır,32,2 Yıllık,Yok,Yok,Yok,Evet,Posta Çeki,0,34.74,1094.43,0
CUST-13555,Kadın,30,Hayır,Evet,43,Aylık,Yok,Var,Var,Evet,Posta Çeki,0,40.92,1767.26,0
CUST-13556,Kadın,39,Hayır,Evet,33,Aylık,Fiber,Var,Var,Evet,Otomatik Ödeme,1,86.71,3084.56,0
CUST-13557,Erkek,24,Evet,Hayır,30,Aylık,Yok,Yok,Yok,Hayır,Posta Çeki,1,18.0,530.01,1
CUST-13558,Erkek,39,Evet,Hayır,20,2 Yıllık,DSL,Yok,Yok,Hayır,Otomatik Ödeme,2,58.78,1208.84,0
CUST-13559,Kadın,48,Hayır,Hayır,40,Aylık,Fiber,Yok,Yok,Evet,Otomatik Ödeme,1,82.17,3342.11,1
CUST-13560,Kadın,35,Evet,Hayır,5,2 Yıllık,Fiber,Var,Yok,Evet,Otomatik Ödeme,0,94.27,471.91,1
CUST-13561,Erkek,30,Evet,Evet,23,2 Yıllık,Fiber,Yok,Var,Evet,Otomatik Ödeme,0,78.14,1915.59,0
CUST-13562,Erkek,55,Hayır,Hayır,26,Aylık,Fiber,Yok,Var,Evet,Otomatik Ödeme,1,107.82,3005.63,1
CUST-13563,Erkek,30,Evet,Hayır,9,Aylık,DSL,Yok,Yok,Hayır,Elektronik Çek,0,56.67,501.21,0
CUST-13564,Erkek,18,Evet,Hayır,40,1 Yıllık,DSL,Var,Yok,Evet,Otomatik Ödeme,1,67.87,2597.03,0
CUST-13565,Kadın,70,Hayır,Hayır,32,Aylık,Yok,Var,Yok,Evet,Otomatik Ödeme,4,46.23,1365.06,0
CUST-13566,Kadın,31,Hayır,Evet,4,Aylık,DSL,Yok,Yok,Evet,Elektronik Çek,1,58.88,248.18,1
CUST-13567,Kadın,34,Evet,Evet,61,Aylık,DSL,Yok,Yok,Evet,Elektronik Çek,1,70.02,4507.76,1
CUST-13568,Kadın,64,Evet,Hayır,7,1 Yıllık,DSL,Yok,Yok,Hayır,Otomatik Ödeme,0,55.92,407.13,1
CUST-13569,Erkek,59,Evet,Hayır,11,2 Yıllık,Fiber,Var,Yok,Evet,Elektronik Çek,4,72.42,807.87,1
CUST-13570,Erkek,53,Evet,Hayır,34,2 Yıllık,Fiber,Yok,Var,Hayır,Otomatik Ödeme,2,82.53,2707.64,0
CUST-13571,Erkek,45,Evet,Evet,5,1 Yıllık,DSL,Var,Yok,Hayır,Otomatik Ödeme,2,35.64,174.86,0
CUST-13572,Erkek,50,Evet,Hayır,25,Aylık,Yok,Yok,Yok,Evet,Elektronik Çek,2,39.64,995.72,1
CUST-13573,Kadın,56,Evet,Evet,14,2 Yıllık,Fiber,Yok,Var,Evet,Otomatik Ödeme,1,69.13,905.22,0
CUST-13574,Erkek,37,Hayır,Hayır,24,1 Yıllık,Fiber,Var,Var,Evet,Posta Çeki,0,74.0,1725.67,1
CUST-13575,Kadın,42,Evet,Hayır,16,2 Yıllık,Fiber,Yok,Var,Hayır,Otomatik Ödeme,1,81.81,1366.6,0
CUST-13576,Kadın,37,Evet,Evet,27,1 Yıllık,Fiber,Yok,Yok,Hayır,Elektronik Çek,0,91.59,2366.1,0
CUST-13577,Kadın,31,Evet,Hayır,8,1 Yıllık,Yok,Var,Yok,Evet,Elektronik Çek,2,34.16,291.35,0
CUST-13578,Kadın,40,Evet,Hayır,16,1 Yıllık,Yok,Var,Yok,Hayır,Elektronik Çek,4,44.44,693.47,0
CUST-13579,Erkek,55,Hayır,Evet,53,Aylık,Yok,Yok,Yok,Evet,Otomatik Ödeme,2,33.18,1698.91,1
CUST-13580,Erkek,35,Evet,Hayır,39,Aylık,Fiber,Yok,Yok,Evet,Elektronik Çek,0,80.71,3320.61,1
CUST-13581,Kadın,39,Hayır,Hayır,20,Aylık,Fiber,Var,Yok,Hayır,Otomatik Ödeme,2,51.68,1063.51,1
CUST-13582,Kadın,38,Evet,Hayır,18,2 Yıllık,DSL,Yok,Var,Evet,Otomatik Ödeme,0,65.56,1234.96,1
CUST-13583,Erkek,35,Evet,Hayır,13,2 Yıllık,Fiber,Yok,Yok,Evet,Elektronik Çek,3,78.29,964.16,1
CUST-13584,Kadın,40,Evet,Hayır,24,1 Yıllık,Fiber,Yok,Yok,Evet,Otomatik Ödeme,1,81.17,1855.32,1
CUST-13585,Kadın,18,Hayır,Hayır,37,Aylık,Fiber,Yok,Var,Hayır,Posta Çeki,0,90.63,3116.61,0
CUST-13586,Erkek,23,Evet,Evet,42,Aylık,DSL,Yok,Yok,Evet,Otomatik Ödeme,0,63.66,2849.26,1
CUST-13587,Kadın,53,Evet,Hayır,49,Aylık,DSL,Yok,Yok,Hayır,Otomatik Ödeme,1,60.51,2966.82,0
CUST-13588,Kadın,28,Evet,Hayır,72,Aylık,Fiber,Var,Yok,Evet,Elektronik Çek,1,81.31,5991.07,0
CUST-13589,Erkek,43,Hayır,Hayır,24,Aylık,DSL,Yok,Yok,Hayır,Otomatik Ödeme,4,67.13,1510.83,1
CUST-13590,Erkek,39,Evet,Hayır,31,Aylık,DSL,Yok,Yok,Hayır,Elektronik Çek,1,45.5,1438.44,1
CUST-13591,Kadın,47,Hayır,Hayır,11,1 Yıllık,Fiber,Yok,Yok,Hayır,Otomatik Ödeme,2,97.13,1109.29,0
CUST-13592,Kadın,53,Evet,Evet,31,1 Yıllık,Fiber,Yok,Yok,Hayır,Posta Çeki,2,86.56,2534.33,0
CUST-13593,Erkek,36,Hayır,Hayır,10,Aylık,DSL,Var,Yok,Evet,Elektronik Çek,3,48.47,461.05,1
CUST-13594,Kadın,34,Evet,Evet,53,Aylık,Fiber,Yok,Yok,Evet,Elektronik Çek,3,78.8,4394.41,0
CUST-13595,Erkek,48,Evet,Hayır,51,Aylık,Yok,Var,Yok,Evet,Otomatik Ödeme,2,27.35,1359.3,0
CUST-13596,Erkek,49,Hayır,Evet,22,Aylık,Yok,Yok,Var,Evet,Posta Çeki,3,18.0,394.1,0
CUST-13597,Erkek,38,Evet,Hayır,34,1 Yıllık,DSL,Yok,Var,Evet,Otomatik Ödeme,1,61.83,1975.21,0
CUST-13598,Erkek,54,Evet,Hayır,25,Aylık,DSL,Yok,Var,Evet,Otomatik Ödeme,3,52.09,1207.49,1
CUST-13599,Kadın,48,Evet,Hayır,18,2 Yıllık,Fiber,Var,Yok,Evet,Posta Çeki,1,78.63,1408.8,0
CUST-13600,Kadın,55,Evet,Hayır,18,Aylık,Yok,Yok,Var,Evet,Otomatik Ödeme,3,43.01,780.36,1
CUST-13601,Kadın,35,Hayır,Hayır,28,Aylık,Fiber,Yok,Yok,Evet,Elektronik Çek,2,85.26,2530.03,0
CUST-13602,Erkek,50,Evet,Hayır,18,1 Yıllık,Fiber,Yok,Var,Evet,Elektronik Çek,3,80.87,1444.05,0
CUST-13603,Erkek,62,Evet,Evet,31,2 Yıllık,DSL,Yok,Yok,Evet,Elektronik Çek,1,60.43,1946.72,0
CUST-13604,Erkek,62,Hayır,Hayır,56,2 Yıllık,DSL,Yok,Var,Evet,Otomatik Ödeme,3,70.04,4032.31,0
CUST-13605,Erkek,68,Evet,Evet,25,Aylık,Fiber,Var,Var,Hayır,Otomatik Ödeme,2,101.96,2553.31,0
CUST-13606,Kadın,35,Evet,Hayır,16,Aylık,DSL,Yok,Yok,Hayır,Otomatik Ödeme,0,55.47,913.11,1
CUST-13607,Kadın,42,Evet,Evet,27,Aylık,Yok,Yok,Var,Evet,Elektronik Çek,2,40.7,1063.19,0
CUST-13608,Erkek,35,Hayır,Evet,19,2 Yıllık,Fiber,Var,Var,Hayır,Posta Çeki,0,68.55,1251.16,0
CUST-13609,Erkek,55,Hayır,Evet,31,1 Yıllık,DSL,Yok,Var,Hayır,Elektronik Çek,5,49.17,1609.36,0
CUST-13610,Erkek,46,Evet,Evet,72,1 Yıllık,DSL,Var,Yok,Hayır,Elektronik Çek,0,57.74,4392.55,0
CUST-13611,Erkek,33,Evet,Hayır,23,Aylık,Fiber,Yok,Yok,Evet,Elektronik Çek,0,60.63,1402.53,0
CUST-13612,Kadın,38,Hayır,Hayır,25,2 Yıllık,Yok,Var,Yok,Hayır,Elektronik Çek,3,18.0,461.87,0
CUST-13613,Erkek,45,Hayır,Hayır,21,Aylık,DSL,Var,Yok,Hayır,Posta Çeki,1,62.9,1319.63,0
CUST-13614,Kadın,30,Hayır,Hayır,10,Aylık,Fiber,Yok,Yok,Evet,Elektronik Çek,1,87.57,888.32,1
CUST-13615,Kadın,24,Hayır,Evet,36,1 Yıllık,DSL,Yok,Yok,Evet,Posta Çeki,1,62.59,2348.08,0
CUST-13616,Kadın,39,Hayır,Hayır,39,1 Yıllık,Yok,Yok,Yok,Evet,Otomatik Ödeme,0,40.3,1659.08,0
CUST-13617,Kadın,52,Evet,Hayır,16,1 Yıllık,DSL,Yok,Yok,Hayır,Elektronik Çek,3,49.16,784.42,0
CUST-13618,Erkek,36,Hayır,Hayır,40,Aylık,Fiber,Yok,Var,Evet,Posta Çeki,1,98.12,3959.99,1
CUST-13619,Erkek,30,Hayır,Hayır,18,Aylık,DSL,Yok,Yok,Hayır,Otomatik Ödeme,1,58.25,983.03,1
CUST-13620,Kadın,58,Hayır,Hayır,30,2 Yıllık,Fiber,Yok,Var,Hayır,Otomatik Ödeme,1,73.97,2213.0,0
CUST-13621,Kadın,32,Hayır,Evet,8,Aylık,Yok,Yok,Yok,Evet,Elektronik Çek,1,21.43,175.53,1
CUST-13622,Kadın,18,Hayır,Evet,15,Aylık,Fiber,Var,Var,Evet,Otomatik Ödeme,0,76.67,1068.09,0
CUST-13623,Kadın,48,Evet,Hayır,20,Aylık,Fiber,Yok,Yok,Evet,Otomatik Ödeme,1,93.54,1817.09,1
CUST-13624,Kadın,59,Hayır,Evet,39,1 Yıllık,DSL,Yok,Yok,Hayır,Otomatik Ödeme,2,58.08,2351.08,0
CUST-13625,Erkek,20,Hayır,Hayır,27,2 Yıllık,Fiber,Yok,Yok,Evet,Otomatik Ödeme,2,83.36,2254.27,0
CUST-13626,Kadın,72,Evet,Hayır,23,Aylık,Yok,Yok,Yok,Evet,Otomatik Ödeme,2,18.0,404.52,0
CUST-13627,Erkek,52,Evet,Hayır,24,Aylık,Fiber,Yok,Yok,Hayır,Posta Çeki,0,87.04,1929.88,0
CUST-13628,Erkek,25,Hayır,Evet,27,1 Yıllık,Yok,Yok,Yok,Evet,Elektronik Çek,1,25.44,637.75,1
CUST-13629,Kadın,28,Evet,Hayır,2,2 Yıllık,DSL,Yok,Yok,Evet,Otomatik Ödeme,1,72.71,147.6,0
CUST-13630,Erkek,28,Hayır,Hayır,17,Aylık,Fiber,Yok,Yok,Evet,Elektronik Çek,1,80.64,1294.37,1
CUST-13631,Erkek,56,Hayır,Hayır,20,1 Yıllık,DSL,Yok,Yok,Evet,Otomatik Ödeme,1,56.91,1062.4,1
CUST-13632,Kadın,19,Evet,Hayır,59,2 Yıllık,DSL,Yok,Var,Evet,Otomatik Ödeme,1,70.77,4452.55,1
CUST-13633,Kadın,23,Evet,Evet,25,1 Yıllık,Fiber,Var,Yok,Hayır,Otomatik Ödeme,4,68.15,1714.57,0
CUST-13634,Kadın,18,Hayır,Hayır,27,Aylık,DSL,Yok,Yok,Evet,Otomatik Ödeme,4,50.17,1391.01,1
CUST-13635,Erkek,41,Evet,Evet,39,Aylık,Fiber,Yok,Yok,Evet,Otomatik Ödeme,2,90.44,3311.57,1
CUST-13636,Erkek,52,Evet,Evet,8,1 Yıllık,Fiber,Yok,Yok,Evet,Posta Çeki,3,72.76,597.77,0
CUST-13637,Kadın,37,Evet,Hayır,45,2 Yıllık,Yok,Var,Yok,Hayır,Otomatik Ödeme,0,47.51,2278.32,0
CUST-13638,Erkek,50,Hayır,Evet,72,2 Yıllık,DSL,Var,Var,Evet,Otomatik Ödeme,0,64.58,4530.91,0
CUST-13639,Erkek,23,Hayır,Hayır,11,Aylık,DSL,Yok,Yok,Hayır,Elektronik Çek,0,67.8,776.3,1
CUST-13640,Erkek,46,Hayır,Hayır,27,Aylık,Fiber,Var,Yok,Hayır,Otomatik Ödeme,3,88.14,2294.93,1
CUST-13641,Erkek,50,Evet,Evet,10,1 Yıllık,Fiber,Yok,Yok,Evet,Posta Çeki,2,117.49,1100.61,1
CUST-13642,Kadın,51,Hayır,Hayır,39,2 Yıllık,Fiber,Yok,Yok,Evet,Posta Çeki,1,103.76,4018.19,0
CUST-13643,Erkek,43,Evet,Hayır,38,Aylık,Fiber,Yok,Yok,Evet,Otomatik Ödeme,2,94.7,3873.38,0
CUST-13644,Kadın,48,Evet,Hayır,25,1 Yıllık,Fiber,Var,Yok,Evet,Posta Çeki,2,97.03,2359.38,0
CUST-13645,Erkek,40,Evet,Hayır,30,Aylık,DSL,Yok,Var,Hayır,Elektronik Çek,1,46.78,1330.16,1
CUST-13646,Kadın,85,Hayır,Hayır,36,2 Yıllık,Fiber,Yok,Yok,Hayır,Posta Çeki,0,103.43,3994.57,0
CUST-13647,Erkek,44,Hayır,Hayır,19,Aylık,Yok,Yok,Yok,Evet,Posta Çeki,0,35.41,642.82,0
CUST-13648,Kadın,64,Hayır,Hayır,65,Aylık,Fiber,Yok,Var,Hayır,Posta Çeki,1,87.14,5725.66,0
CUST-13649,Kadın,36,Evet,Hayır,18,1 Yıllık,Fiber,Var,Yok,Evet,Posta Çeki,2,79.81,1376.47,0
CUST-13650,Kadın,20,Hayır,Hayır,26,Aylık,Fiber,Var,Yok,Evet,Posta Çeki,2,72.54,1820.71,1
CUST-13651,Kadın,44,Evet,Hayır,72,Aylık,Fiber,Var,Yok,Evet,Otomatik Ödeme,2,75.62,5673.17,0
CUST-13652,Erkek,50,Evet,Hayır,27,Aylık,Fiber,Yok,Var,Hayır,Elektronik Çek,0,84.18,2190.91,1
CUST-13653,Kadın,39,Evet,Evet,49,Aylık,DSL,Yok,Yok,Hayır,Otomatik Ödeme,1,52.47,2653.4,1
CUST-13654,Erkek,29,Evet,Hayır,66,Aylık,Fiber,Var,Yok,Evet,Otomatik Ödeme,2,84.78,5234.72,0
CUST-13655,Kadın,41,Evet,Hayır,50,Aylık,Fiber,Yok,Yok,Evet,Otomatik Ödeme,2,49.79,2511.34,0
CUST-13656,Kadın,35,Hayır,Hayır,53,Aylık,Yok,Var,Var,Hayır,Posta Çeki,0,39.41,1955.27,0
CUST-13657,Kadın,40,Evet,Hayır,1,Aylık,DSL,Yok,Yok,Evet,Otomatik Ödeme,1,70.69,70.29,1
CUST-13658,Erkek,74,Hayır,Evet,7,1 Yıllık,Yok,Yok,Yok,Evet,Otomatik Ödeme,0,33.66,235.73,0
CUST-13659,Erkek,40,Evet,Hayır,36,2 Yıllık,DSL,Yok,Yok,Evet,Elektronik Çek,2,42.08,1579.02,0
CUST-13660,Erkek,57,Evet,Hayır,34,Aylık,DSL,Yok,Yok,Evet,Otomatik Ödeme,0,65.2,2362.91,0
CUST-13661,Erkek,46,Evet,Evet,17,Aylık,DSL,Yok,Var,Evet,Posta Çeki,0,51.87,844.99,1
CUST-13662,Kadın,61,Hayır,Evet,30,2 Yıllık,DSL,Yok,Var,Evet,Otomatik Ödeme,2,50.71,1574.67,0
CUST-13663,Erkek,72,Hayır,Evet,7,Aylık,Yok,Var,Yok,Evet,Otomatik Ödeme,3,52.2,355.14,1
CUST-13664,Kadın,84,Evet,Hayır,26,Aylık,Fiber,Yok,Var,Hayır,Otomatik Ödeme,8,85.34,2247.83,1
CUST-13665,Kadın,50,Evet,Hayır,18,Aylık,Fiber,Var,Yok,Hayır,Elektronik Çek,0,94.37,1724.48,0
CUST-13666,Erkek,53,Evet,Hayır,10,1 Yıllık,DSL,Yok,Yok,Hayır,Otomatik Ödeme,2,40.53,436.07,0
CUST-13667,Erkek,35,Hayır,Hayır,7,Aylık,DSL,Yok,Var,Evet,Otomatik Ödeme,1,56.29,401.45,0
CUST-13668,Erkek,38,Hayır,Hayır,14,Aylık,DSL,Yok,Yok,Evet,Otomatik Ödeme,2,49.22,658.92,1
CUST-13669,Kadın,31,Hayır,Hayır,35,1 Yıllık,DSL,Yok,Yok,Evet,Posta Çeki,0,52.04,1792.26,0
CUST-13670,Erkek,45,Evet,Evet,10,Aylık,Fiber,Yok,Yok,Evet,Posta Çeki,2,91.94,964.89,0
CUST-13671,Erkek,43,Evet,Hayır,43,Aylık,Yok,Yok,Var,Evet,Elektronik Çek,2,22.7,920.11,0
CUST-13672,Kadın,52,Evet,Hayır,7,Aylık,DSL,Yok,Yok,Hayır,Otomatik Ödeme,3,39.78,264.08,1
CUST-13673,Kadın,54,Hayır,Hayır,27,Aylık,Yok,Yok,Var,Evet,Elektronik Çek,2,25.22,704.13,1
CUST-13674,Erkek,46,Hayır,Hayır,26,Aylık,Fiber,Var,Yok,Hayır,Elektronik Çek,2,84.69,2225.08,1
CUST-13675,Erkek,55,Evet,Hayır,7,1 Yıllık,Fiber,Yok,Yok,Evet,Elektronik Çek,4,111.74,798.25,1
CUST-13676,Erkek,42,Evet,Hayır,10,Aylık,DSL,Yok,Yok,Evet,Otomatik Ödeme,1,66.44,619.0,1
CUST-13677,Kadın,36,Evet,Evet,36,Aylık,Fiber,Var,Yok,Evet,Otomatik Ödeme,0,77.15,2795.65,1
CUST-13678,Kadın,21,Hayır,Hayır,45,1 Yıllık,Fiber,Yok,Yok,Evet,Elektronik Çek,1,78.29,3429.47,0
CUST-13679,Erkek,46,Hayır,Hayır,56,1 Yıllık,Yok,Var,Yok,Evet,Otomatik Ödeme,2,34.67,1989.35,0
CUST-13680,Kadın,32,Hayır,Evet,41,1 Yıllık,Fiber,Yok,Yok,Hayır,Otomatik Ödeme,0,86.7,3702.35,0
CUST-13681,Kadın,43,Evet,Evet,14,Aylık,DSL,Yok,Var,Evet,Otomatik Ödeme,5,64.49,835.61,1
CUST-13682,Kadın,36,Evet,Evet,11,2 Yıllık,Fiber,Var,Var,Hayır,Otomatik Ödeme,0,73.5,854.19,0
CUST-13683,Kadın,40,Hayır,Hayır,55,Aylık,DSL,Var,Yok,Hayır,Posta Çeki,1,66.91,3784.08,0
CUST-13684,Erkek,43,Hayır,Hayır,30,1 Yıllık,DSL,Yok,Yok,Evet,Posta Çeki,1,54.14,1618.96,1
CUST-13685,Erkek,57,Evet,Evet,50,Aylık,Fiber,Yok,Yok,Evet,Posta Çeki,1,67.8,3347.96,0
CUST-13686,Kadın,40,Evet,Evet,17,Aylık,DSL,Yok,Var,Evet,Otomatik Ödeme,1,65.75,1118.65,0
CUST-13687,Kadın,49,Evet,Evet,32,2 Yıllık,DSL,Yok,Yok,Evet,Posta Çeki,1,93.33,2802.59,0
CUST-13688,Erkek,58,Hayır,Evet,20,1 Yıllık,Fiber,Yok,Yok,Evet,Posta Çeki,5,93.33,1903.96,0
CUST-13689,Kadın,27,Hayır,Evet,2,2 Yıllık,Fiber,Var,Yok,Hayır,Elektronik Çek,0,95.26,189.24,0
CUST-13690,Erkek,31,Evet,Hayır,44,2 Yıllık,DSL,Var,Yok,Evet,Elektronik Çek,4,58.89,2611.87,0
CUST-13691,Kadın,26,Evet,Hayır,16,Aylık,DSL,Yok,Var,Hayır,Elektronik Çek,3,65.01,1015.08,1
CUST-13692,Erkek,44,Evet,Evet,72,Aylık,Fiber,Yok,Yok,Hayır,Otomatik Ödeme,0,90.62,6154.34,0
CUST-13693,Kadın,28,Hayır,Hayır,27,1 Yıllık,Fiber,Yok,Yok,Evet,Posta Çeki,2,88.77,2219.98,0
CUST-13694,Erkek,59,Evet,Evet,29,Aylık,Fiber,Yok,Yok,Hayır,Otomatik Ödeme,3,91.54,2490.79,0
CUST-13695,Erkek,18,Hayır,Hayır,44,Aylık,DSL,Yok,Var,Evet,Elektronik Çek,5,73.68,3035.11,0
CUST-13696,Erkek,46,Evet,Hayır,23,2 Yıllık,Yok,Var,Yok,Hayır,Elektronik Çek,1,23.83,518.34,0
CUST-13697,Erkek,47,Hayır,Hayır,18,Aylık,Fiber,Yok,Var,Hayır,Elektronik Çek,2,65.62,1197.08,1
CUST-13698,Kadın,54,Hayır,Hayır,10,Aylık,Fiber,Yok,Var,Evet,Posta Çeki,4,71.59,686.95,1
CUST-13699,Kadın,35,Hayır,Hayır,20,Aylık,DSL,Yok,Yok,Evet,Otomatik Ödeme,1,94.72,1831.26,1
CUST-13700,Erkek,23,Hayır,Hayır,21,Aylık,Yok,Yok,Var,Hayır,Elektronik Çek,0,25.39,511.18,1
CUST-13701,Erkek,41,Hayır,Hayır,43,Aylık,Yok,Var,Yok,Hayır,Posta Çeki,4,52.34,2098.1,0
CUST-13702,Erkek,42,Evet,Hayır,17,Aylık,Fiber,Yok,Yok,Evet,Elektronik Çek,1,75.06,1239.66,1
CUST-13703,Kadın,36,Evet,Hayır,22,2 Yıllık,Fiber,Var,Var,Evet,Otomatik Ödeme,0,93.99,2199.99,0
CUST-13704,Kadın,49,Hayır,Hayır,28,Aylık,DSL,Yok,Yok,Hayır,Otomatik Ödeme,1,47.53,1339.21,0
CUST-13705,Kadın,57,Evet,Hayır,18,1 Yıllık,Yok,Var,Yok,Hayır,Elektronik Çek,3,49.39,937.07,1
CUST-13706,Erkek,39,Hayır,Hayır,33,Aylık,Yok,Yok,Yok,Evet,Otomatik Ödeme,4,58.01,1994.5,1
CUST-13707,Kadın,50,Evet,Evet,13,Aylık,Fiber,Var,Yok,Evet,Posta Çeki,1,64.97,835.72,1
CUST-13708,Erkek,51,Hayır,Hayır,32,2 Yıllık,DSL,Var,Var,Evet,Elektronik Çek,2,46.78,1438.96,0
CUST-13709,Erkek,18,Evet,Evet,31,Aylık,DSL,Yok,Yok,Hayır,Posta Çeki,0,39.94,1303.09,1
CUST-13710,Erkek,18,Evet,Hayır,26,2 Yıllık,Fiber,Yok,Var,Evet,Posta Çeki,0,69.58,1822.88,0
CUST-13711,Erkek,42,Hayır,Hayır,20,Aylık,DSL,Yok,Var,Hayır,Elektronik Çek,2,44.22,897.34,1
CUST-13712,Erkek,63,Hayır,Hayır,28,1 Yıllık,Fiber,Yok,Yok,Evet,Otomatik Ödeme,1,77.39,2315.53,0
CUST-13713,Kadın,31,Hayır,Evet,32,1 Yıllık,DSL,Yok,Yok,Evet,Posta Çeki,2,73.56,2260.64,0
CUST-13714,Kadın,50,Hayır,Evet,20,Aylık,Fiber,Yok,Var,Hayır,Posta Çeki,0,75.36,1439.85,0
CUST-13715,Erkek,35,Evet,Hayır,21,Aylık,DSL,Var,Yok,Evet,Elektronik Çek,0,55.53,1119.53,1
CUST-13716,Erkek,36,Hayır,Hayır,47,Aylık,DSL,Var,Yok,Evet,Elektronik Çek,1,58.42,2576.28,0
CUST-13717,Erkek,35,Hayır,Evet,25,Aylık,Fiber,Yok,Yok,Hayır,Elektronik Çek,1,87.58,2218.73,0
CUST-13718,Kadın,46,Evet,Evet,51,Aylık,DSL,Yok,Var,Evet,Elektronik Çek,0,69.49,3463.49,1
CUST-13719,Erkek,39,Hayır,Hayır,33,Aylık,Yok,Yok,Var,Hayır,Otomatik Ödeme,0,18.0,626.68,0
CUST-13720,Erkek,32,Hayır,Hayır,19,Aylık,DSL,Yok,Yok,Hayır,Posta Çeki,0,78.71,1419.07,0
CUST-13721,Kadın,29,Hayır,Hayır,37,Aylık,Fiber,Var,Yok,Evet,Otomatik Ödeme,1,75.9,2955.32,0
CUST-13722,Erkek,26,Hayır,Hayır,14,Aylık,Fiber,Yok,Var,Evet,Posta Çeki,2,98.16,1328.67,0
CUST-13723,Kadın,18,Hayır,Evet,8,Aylık,Fiber,Var,Yok,Hayır,Elektronik Çek,3,98.67,795.18,1
CUST-13724,Erkek,53,Hayır,Hayır,7,Aylık,DSL,Var,Yok,Evet,Otomatik Ödeme,1,46.16,315.55,0
CUST-13725,Kadın,43,Hayır,Hayır,26,1 Yıllık,DSL,Yok,Yok,Hayır,Elektronik Çek,2,35.1,974.87,0
CUST-13726,Erkek,35,Evet,Evet,12,Aylık,Yok,Yok,Yok,Evet,Elektronik Çek,0,33.77,399.21,1
CUST-13727,Kadın,61,Evet,Hayır,3,2 Yıllık,Yok,Var,Yok,Evet,Otomatik Ödeme,0,41.26,128.49,0
CUST-13728,Kadın,33,Hayır,Hayır,28,Aylık,DSL,Var,Var,Evet,Elektronik Çek,1,27.05,756.41,1
CUST-13729,Erkek,43,Hayır,Evet,18,2 Yıllık,Yok,Var,Yok,Evet,Posta Çeki,2,26.16,453.82,0
CUST-13730,Kadın,50,Hayır,Evet,60,Aylık,DSL,Yok,Var,Hayır,Otomatik Ödeme,0,61.9,3647.91,0
CUST-13731,Erkek,24,Evet,Hayır,18,Aylık,DSL,Yok,Yok,Evet,Elektronik Çek,1,48.47,882.43,1
CUST-13732,Kadın,38,Evet,Hayır,54,Aylık,Yok,Yok,Yok,Hayır,Otomatik Ödeme,2,46.21,2556.63,1
CUST-13733,Kadın,47,Evet,Hayır,12,2 Yıllık,DSL,Yok,Yok,Hayır,Otomatik Ödeme,1,53.15,658.4,0
CUST-13734,Kadın,63,Evet,Hayır,38,Aylık,Yok,Var,Yok,Hayır,Posta Çeki,0,27.53,1039.89,0
CUST-13735,Erkek,42,Hayır,Hayır,23,2 Yıllık,Fiber,Yok,Var,Hayır,Elektronik Çek,2,81.75,2024.42,0
CUST-13736,Kadın,32,Hayır,Hayır,72,1 Yıllık,DSL,Yok,Yok,Hayır,Elektronik Çek,0,54.88,4157.03,0
CUST-13737,Kadın,19,Hayır,Hayır,16,Aylık,Fiber,Yok,Yok,Evet,Posta Çeki,1,69.74,1061.33,1
CUST-13738,Erkek,55,Hayır,Hayır,48,Aylık,Yok,Var,Yok,Evet,Otomatik Ödeme,0,18.0,919.15,0
CUST-13739,Erkek,43,Evet,Hayır,26,Aylık,Fiber,Var,Yok,Hayır,Posta Çeki,2,83.47,2156.29,1
CUST-13740,Kadın,38,Evet,Hayır,16,Aylık,DSL,Yok,Yok,Evet,Otomatik Ödeme,1,45.89,711.01,1
CUST-13741,Kadın,56,Evet,Hayır,20,1 Yıllık,Fiber,Yok,Var,Evet,Elektronik Çek,3,76.5,1557.45,0
CUST-13742,Erkek,18,Hayır,Hayır,10,Aylık,Fiber,Yok,Var,Evet,Elektronik Çek,1,81.73,801.74,1
CUST-13743,Kadın,39,Evet,Evet,29,2 Yıllık,Fiber,Yok,Yok,Evet,Otomatik Ödeme,2,107.32,3226.57,0
CUST-13744,Erkek,20,Evet,Hayır,18,Aylık,Fiber,Var,Yok,Hayır,Elektronik Çek,3,87.28,1500.55,1
CUST-13745,Erkek,20,Evet,Hayır,11,Aylık,DSL,Yok,Var,Evet,Elektronik Çek,0,52.56,597.0,1
CUST-13746,Erkek,65,Hayır,Hayır,61,1 Yıllık,DSL,Var,Yok,Evet,Posta Çeki,4,72.42,4388.27,0
CUST-13747,Kadın,22,Evet,Hayır,11,Aylık,Fiber,Var,Yok,Evet,Otomatik Ödeme,1,107.98,1137.06,1
CUST-13748,Kadın,41,Hayır,Evet,17,1 Yıllık,DSL,Var,Yok,Evet,Otomatik Ödeme,1,47.94,821.26,0
CUST-13749,Kadın,47,Hayır,Hayır,25,Aylık,Fiber,Yok,Yok,Evet,Elektronik Çek,1,73.66,1923.98,0
CUST-13750,Kadın,36,Evet,Hayır,72,Aylık,Fiber,Var,Var,Evet,Otomatik Ödeme,1,83.13,6232.86,0
CUST-13751,Kadın,60,Hayır,Evet,12,Aylık,DSL,Var,Yok,Evet,Elektronik Çek,5,59.18,696.36,1
CUST-13752,Kadın,18,Hayır,Hayır,9,Aylık,DSL,Yok,Var,Evet,Posta Çeki,3,49.21,447.89,1
CUST-13753,Kadın,18,Hayır,Hayır,53,2 Yıllık,Fiber,Yok,Var,Hayır,Posta Çeki,0,104.83,5903.17,1
CUST-13754,Kadın,61,Hayır,Hayır,17,Aylık,DSL,Var,Yok,Evet,Elektronik Çek,3,41.06,713.16,1
CUST-13755,Erkek,33,Evet,Evet,11,Aylık,DSL,Var,Yok,Evet,Posta Çeki,1,49.97,510.02,0
CUST-13756,Erkek,28,Hayır,Hayır,30,1 Yıllık,Fiber,Var,Yok,Evet,Posta Çeki,1,85.35,2610.84,0
CUST-13757,Kadın,47,Hayır,Hayır,13,2 Yıllık,Fiber,Var,Yok,Evet,Elektronik Çek,2,93.9,1204.79,0
CUST-13758,Erkek,18,Hayır,Evet,17,Aylık,DSL,Var,Yok,Hayır,Otomatik Ödeme,0,66.83,1133.43,0
CUST-13759,Kadın,71,Hayır,Evet,19,2 Yıllık,DSL,Var,Yok,Evet,Otomatik Ödeme,2,72.61,1481.33,1
CUST-13760,Erkek,43,Hayır,Hayır,8,Aylık,DSL,Var,Var,Hayır,Otomatik Ödeme,3,86.09,722.77,0
CUST-13761,Erkek,78,Hayır,Evet,19,1 Yıllık,Fiber,Var,Yok,Evet,Otomatik Ödeme,1,80.54,1501.22,0
CUST-13762,Kadın,51,Evet,Evet,10,Aylık,Yok,Var,Yok,Evet,Elektronik Çek,0,36.92,379.25,0
CUST-13763,Erkek,23,Evet,Hayır,35,Aylık,Yok,Yok,Yok,Evet,Otomatik Ödeme,1,24.13,778.92,0
CUST-13764,Erkek,37,Evet,Hayır,16,Aylık,Fiber,Yok,Var,Evet,Otomatik Ödeme,0,85.4,1405.82,0
CUST-13765,Erkek,52,Hayır,Hayır,9,1 Yıllık,DSL,Yok,Yok,Hayır,Otomatik Ödeme,1,53.59,486.61,0
CUST-13766,Erkek,48,Hayır,Hayır,1,Aylık,Fiber,Yok,Var,Evet,Posta Çeki,2,96.6,90.29,1
CUST-13767,Erkek,67,Evet,Hayır,59,1 Yıllık,Yok,Yok,Var,Evet,Posta Çeki,0,42.76,2629.5,0
CUST-13768,Erkek,40,Evet,Hayır,45,2 Yıllık,DSL,Yok,Yok,Hayır,Otomatik Ödeme,1,44.26,1999.82,1
CUST-13769,Kadın,23,Evet,Hayır,36,Aylık,DSL,Yok,Var,Evet,Otomatik Ödeme,1,65.12,2360.31,0
CUST-13770,Kadın,18,Hayır,Hayır,24,Aylık,DSL,Yok,Var,Hayır,Posta Çeki,2,46.94,1052.84,1
CUST-13771,Kadın,43,Evet,Hayır,35,1 Yıllık,DSL,Yok,Yok,Hayır,Otomatik Ödeme,1,70.87,2385.58,0
CUST-13772,Kadın,38,Hayır,Hayır,12,Aylık,DSL,Yok,Yok,Evet,Posta Çeki,2,72.54,929.69,0
CUST-13773,Kadın,61,Evet,Hayır,36,Aylık,DSL,Yok,Var,Hayır,Elektronik Çek,2,62.19,2107.27,0
CUST-13774,Kadın,50,Hayır,Hayır,5,Aylık,DSL,Var,Var,Evet,Otomatik Ödeme,2,66.52,325.72,1
CUST-13775,Erkek,29,Evet,Hayır,15,1 Yıllık,DSL,Yok,Var,Hayır,Elektronik Çek,3,67.71,937.67,0
CUST-13776,Kadın,29,Hayır,Hayır,72,2 Yıllık,Fiber,Yok,Yok,Evet,Elektronik Çek,1,80.94,5903.75,0
CUST-13777,Erkek,37,Evet,Hayır,64,2 Yıllık,DSL,Yok,Yok,Evet,Elektronik Çek,0,64.96,4410.1,0
CUST-13778,Erkek,37,Hayır,Hayır,8,1 Yıllık,Fiber,Yok,Yok,Evet,Otomatik Ödeme,1,91.03,747.6,1
CUST-13779,Erkek,54,Evet,Hayır,8,Aylık,Fiber,Yok,Yok,Evet,Elektronik Çek,3,82.38,707.14,1
CUST-13780,Kadın,59,Evet,Evet,25,2 Yıllık,DSL,Yok,Var,Evet,Otomatik Ödeme,0,38.15,1029.35,0
CUST-13781,Erkek,18,Evet,Hayır,33,1 Yıllık,DSL,Var,Yok,Hayır,Otomatik Ödeme,0,57.41,1952.67,0
CUST-13782,Kadın,40,Hayır,Hayır,51,Aylık,Fiber,Yok,Var,Hayır,Otomatik Ödeme,1,103.48,5364.79,0
CUST-13783,Kadın,34,Evet,Hayır,53,2 Yıllık,DSL,Var,Yok,Evet,Posta Çeki,1,56.24,2915.52,0
CUST-13784,Kadın,48,Hayır,Hayır,72,Aylık,Yok,Yok,Yok,Evet,Otomatik Ödeme,2,18.0,1341.71,0
CUST-13785,Kadın,53,Evet,Hayır,72,1 Yıllık,Fiber,Var,Yok,Evet,Elektronik Çek,0,84.94,5874.68,0
CUST-13786,Kadın,42,Evet,Evet,3,1 Yıllık,DSL,Yok,Yok,Evet,Posta Çeki,3,61.11,184.79,1
CUST-13787,Erkek,37,Evet,Hayır,29,2 Yıllık,Yok,Yok,Yok,Evet,Elektronik Çek,0,32.84,1024.28,0
CUST-13788,Erkek,37,Hayır,Hayır,22,1 Yıllık,Fiber,Yok,Var,Evet,Elektronik Çek,0,91.99,2136.17,0
CUST-13789,Erkek,36,Evet,Hayır,10,2 Yıllık,Fiber,Yok,Var,Evet,Otomatik Ödeme,2,105.99,1113.2,1
CUST-13790,Kadın,51,Evet,Hayır,49,Aylık,Fiber,Var,Var,Evet,Otomatik Ödeme,1,80.91,3705.14,0
CUST-13791,Kadın,53,Evet,Evet,28,Aylık,Yok,Yok,Var,Evet,Elektronik Çek,1,18.0,472.48,0
CUST-13792,Erkek,38,Evet,Hayır,52,Aylık,Fiber,Var,Yok,Hayır,Otomatik Ödeme,4,85.47,4209.57,1
CUST-13793,Erkek,44,Evet,Hayır,30,Aylık,DSL,Yok,Var,Hayır,Otomatik Ödeme,2,62.36,1997.25,1
CUST-13794,Kadın,49,Evet,Hayır,26,Aylık,Fiber,Yok,Var,Hayır,Elektronik Çek,3,89.92,2248.45,0
CUST-13795,Erkek,29,Hayır,Hayır,5,Aylık,Fiber,Yok,Yok,Evet,Elektronik Çek,0,86.41,445.78,1
CUST-13796,Erkek,41,Hayır,Hayır,72,Aylık,Fiber,Yok,Yok,Evet,Elektronik Çek,0,85.95,5913.96,0
CUST-13797,Erkek,36,Hayır,Hayır,47,Aylık,Fiber,Var,Yok,Evet,Otomatik Ödeme,1,97.56,4454.87,1
CUST-13798,Kadın,60,Hayır,Hayır,23,Aylık,Fiber,Yok,Yok,Hayır,Posta Çeki,2,73.39,1591.63,1
CUST-13799,Kadın,24,Evet,Evet,34,1 Yıllık,Fiber,Var,Yok,Evet,Elektronik Çek,4,105.73,3434.69,1
CUST-13800,Erkek,27,Evet,Hayır,13,Aylık,DSL,Yok,Yok,Hayır,Elektronik Çek,1,63.7,782.82,1
CUST-13801,Kadın,52,Evet,Hayır,51,2 Yıllık,Fiber,Var,Var,Evet,Otomatik Ödeme,0,87.92,4826.14,0
CUST-13802,Erkek,68,Hayır,Hayır,49,1 Yıllık,Fiber,Var,Yok,Hayır,Otomatik Ödeme,0,90.74,4180.51,0
CUST-13803,Erkek,36,Hayır,Hayır,9,Aylık,DSL,Yok,Var,Evet,Otomatik Ödeme,2,71.04,644.53,1
CUST-13804,Kadın,34,Hayır,Hayır,14,Aylık,DSL,Yok,Yok,Hayır,Posta Çeki,2,36.74,538.91,1
CUST-13805,Erkek,20,Evet,Hayır,23,Aylık,DSL,Yok,Yok,Hayır,Otomatik Ödeme,0,46.23,984.53,0
CUST-13806,Kadın,48,Hayır,Hayır,11,Aylık,DSL,Yok,Yok,Evet,Elektronik Çek,1,70.23,785.89,1
CUST-13807,Erkek,41,Evet,Hayır,8,Aylık,Fiber,Yok,Yok,Hayır,Posta Çeki,1,80.63,638.67,1
CUST-13808,Kadın,42,Hayır,Evet,31,Aylık,Yok,Yok,Yok,Evet,Elektronik Çek,2,31.44,938.59,1
CUST-13809,Erkek,30,Hayır,Evet,16,Aylık,Yok,Var,Var,Evet,Elektronik Çek,0,49.99,739.65,1
CUST-13810,Erkek,53,Hayır,Evet,14,Aylık,DSL,Yok,Yok,Hayır,Otomatik Ödeme,1,60.6,881.01,1
CUST-13811,Kadın,48,Evet,Hayır,20,Aylık,Yok,Yok,Yok,Evet,Elektronik Çek,1,18.75,387.79,1
CUST-13812,Kadın,73,Evet,Hayır,13,2 Yıllık,Fiber,Var,Var,Evet,Otomatik Ödeme,0,92.4,1112.91,0
CUST-13813,Kadın,41,Hayır,Hayır,19,Aylık,Yok,Var,Var,Hayır,Otomatik Ödeme,2,24.53,469.32,0
CUST-13814,Kadın,30,Hayır,Hayır,43,Aylık,Yok,Var,Yok,Hayır,Otomatik Ödeme,2,18.22,836.66,0
CUST-13815,Erkek,58,Evet,Hayır,42,Aylık,DSL,Yok,Yok,Evet,Elektronik Çek,0,64.9,2839.05,0
CUST-13816,Erkek,81,Hayır,Hayır,26,Aylık,Fiber,Yok,Yok,Evet,Otomatik Ödeme,2,102.14,2841.79,1
CUST-13817,Erkek,36,Evet,Hayır,22,Aylık,DSL,Var,Var,Hayır,Otomatik Ödeme,1,76.04,1648.22,0
CUST-13818,Kadın,58,Evet,Evet,27,Aylık,DSL,Yok,Yok,Hayır,Otomatik Ödeme,1,51.93,1461.55,0
CUST-13819,Kadın,33,Evet,Hayır,29,Aylık,DSL,Yok,Yok,Hayır,Otomatik Ödeme,0,70.39,2061.21,0
CUST-13820,Erkek,38,Hayır,Evet,34,Aylık,DSL,Var,Yok,Hayır,Posta Çeki,1,59.63,2046.18,0
CUST-13821,Erkek,30,Hayır,Hayır,30,1 Yıllık,Fiber,Yok,Yok,Hayır,Otomatik Ödeme,1,96.6,3051.48,0
CUST-13822,Erkek,60,Evet,Hayır,19,Aylık,DSL,Yok,Yok,Evet,Posta Çeki,1,37.77,745.26,1
CUST-13823,Erkek,47,Evet,Hayır,23,1 Yıllık,DSL,Yok,Yok,Evet,Posta Çeki,1,50.02,1115.3,1
CUST-13824,Erkek,54,Evet,Hayır,20,Aylık,Yok,Yok,Yok,Hayır,Otomatik Ödeme,1,43.34,880.79,0
CUST-13825,Kadın,67,Hayır,Evet,46,Aylık,Fiber,Yok,Yok,Hayır,Elektronik Çek,0,77.99,3547.7,0
CUST-13826,Kadın,18,Hayır,Evet,29,Aylık,Yok,Yok,Yok,Evet,Posta Çeki,1,38.21,1159.53,0
CUST-13827,Kadın,18,Evet,Hayır,41,Aylık,DSL,Yok,Yok,Hayır,Otomatik Ödeme,2,51.81,2096.37,1
CUST-13828,Erkek,35,Hayır,Hayır,14,Aylık,Fiber,Var,Yok,Evet,Elektronik Çek,1,74.08,1016.67,0
CUST-13829,Erkek,36,Hayır,Hayır,27,Aylık,Yok,Yok,Yok,Hayır,Elektronik Çek,1,44.44,1287.74,1
CUST-13830,Kadın,41,Evet,Hayır,30,2 Yıllık,Fiber,Var,Var,Evet,Elektronik Çek,1,85.91,2679.48,0
CUST-13831,Erkek,67,Evet,Hayır,8,Aylık,Fiber,Var,Yok,Evet,Otomatik Ödeme,1,101.51,770.42,1
CUST-13832,Erkek,48,Hayır,Hayır,24,Aylık,DSL,Yok,Yok,Hayır,Otomatik Ödeme,0,54.55,1314.0,1
CUST-13833,Erkek,42,Hayır,Hayır,40,Aylık,Yok,Yok,Var,Evet,Elektronik Çek,1,18.0,665.29,0
CUST-13834,Erkek,36,Evet,Hayır,57,1 Yıllık,Fiber,Yok,Yok,Evet,Elektronik Çek,1,85.0,4473.66,0
CUST-13835,Kadın,24,Evet,Evet,20,2 Yıllık,DSL,Yok,Var,Evet,Elektronik Çek,2,49.96,1037.53,0
CUST-13836,Kadın,23,Hayır,Hayır,18,Aylık,Fiber,Var,Var,Hayır,Otomatik Ödeme,1,86.68,1464.64,1
CUST-13837,Kadın,51,Hayır,Evet,8,Aylık,DSL,Var,Yok,Hayır,Elektronik Çek,1,59.24,470.53,0
CUST-13838,Erkek,28,Evet,Evet,3,1 Yıllık,Yok,Yok,Yok,Evet,Elektronik Çek,1,40.83,120.58,0
CUST-13839,Erkek,45,Evet,Hayır,3,2 Yıllık,Yok,Yok,Var,Evet,Posta Çeki,1,41.97,116.8,0
CUST-13840,Erkek,59,Hayır,Evet,31,Aylık,DSL,Yok,Var,Evet,Otomatik Ödeme,0,66.54,2095.75,0
CUST-13841,Erkek,46,Evet,Hayır,19,1 Yıllık,DSL,Yok,Yok,Hayır,Elektronik Çek,3,62.17,1093.22,0
CUST-13842,Kadın,29,Evet,Evet,19,1 Yıllık,Fiber,Yok,Yok,Hayır,Elektronik Çek,1,73.01,1406.89,0
CUST-13843,Kadın,58,Hayır,Hayır,33,Aylık,Fiber,Yok,Yok,Evet,Posta Çeki,0,93.89,2886.35,0
CUST-13844,Kadın,40,Evet,Hayır,43,Aylık,Fiber,Var,Yok,Hayır,Elektronik Çek,1,81.65,3679.62,0
CUST-13845,Erkek,19,Hayır,Hayır,56,1 Yıllık,Fiber,Yok,Yok,Evet,Elektronik Çek,5,86.27,5015.51,0
CUST-13846,Kadın,35,Hayır,Evet,48,Aylık,Fiber,Yok,Yok,Evet,Otomatik Ödeme,1,93.24,4657.57,1
CUST-13847,Erkek,50,Evet,Hayır,27,Aylık,DSL,Yok,Yok,Hayır,Otomatik Ödeme,2,94.0,2574.08,1
CUST-13848,Kadın,19,Hayır,Evet,2,Aylık,DSL,Yok,Yok,Evet,Otomatik Ödeme,1,58.56,109.26,1
CUST-13849,Erkek,41,Evet,Hayır,24,2 Yıllık,Fiber,Yok,Yok,Evet,Otomatik Ödeme,4,85.78,1946.65,1
CUST-13850,Kadın,45,Evet,Hayır,12,Aylık,Fiber,Var,Var,Hayır,Otomatik Ödeme,2,72.6,829.09,0
CUST-13851,Kadın,35,Evet,Evet,13,Aylık,DSL,Yok,Var,Hayır,Elektronik Çek,4,58.7,794.09,0
CUST-13852,Kadın,54,Evet,Hayır,26,Aylık,Yok,Yok,Var,Hayır,Posta Çeki,1,23.14,613.99,0
CUST-13853,Kadın,49,Evet,Hayır,29,2 Yıllık,DSL,Yok,Yok,Evet,Posta Çeki,1,62.07,1673.26,0
CUST-13854,Kadın,35,Hayır,Evet,57,Aylık,DSL,Yok,Yok,Hayır,Elektronik Çek,4,56.3,3145.7,1
CUST-13855,Kadın,44,Evet,Hayır,24,1 Yıllık,Fiber,Yok,Yok,Evet,Otomatik Ödeme,1,89.69,2118.61,0
CUST-13856,Erkek,60,Hayır,Hayır,24,Aylık,DSL,Var,Yok,Hayır,Posta Çeki,1,63.44,1623.54,1
CUST-13857,Erkek,37,Evet,Hayır,21,Aylık,Yok,Var,Yok,Evet,Otomatik Ödeme,1,31.8,688.7,0
CUST-13858,Erkek,58,Evet,Hayır,10,Aylık,Fiber,Var,Var,Hayır,Otomatik Ödeme,1,79.32,761.85,1
CUST-13859,Erkek,42,Hayır,Hayır,72,1 Yıllık,Fiber,Var,Yok,Hayır,Otomatik Ödeme,2,88.35,6361.69,0
CUST-13860,Erkek,51,Evet,Hayır,46,Aylık,Yok,Yok,Yok,Evet,Posta Çeki,0,60.36,2991.26,1
CUST-13861,Erkek,42,Hayır,Evet,35,1 Yıllık,DSL,Var,Yok,Evet,Otomatik Ödeme,1,89.93,3093.14,1
CUST-13862,Kadın,40,Evet,Hayır,27,Aylık,Yok,Yok,Yok,Hayır,Otomatik Ödeme,1,31.36,829.38,1
CUST-13863,Kadın,64,Evet,Evet,62,Aylık,Fiber,Var,Yok,Hayır,Otomatik Ödeme,2,84.62,5089.45,0
CUST-13864,Erkek,30,Hayır,Hayır,32,Aylık,Fiber,Yok,Yok,Evet,Elektronik Çek,1,72.21,2137.49,1
CUST-13865,Erkek,21,Hayır,Hayır,72,Aylık,DSL,Var,Var,Hayır,Elektronik Çek,2,65.1,4885.5,1
CUST-13866,Kadın,29,Evet,Evet,25,Aylık,Yok,Yok,Yok,Evet,Otomatik Ödeme,1,18.0,461.69,0
CUST-13867,Kadın,60,Hayır,Evet,36,Aylık,DSL,Yok,Yok,Evet,Posta Çeki,3,53.5,1787.18,1
CUST-13868,Erkek,23,Evet,Hayır,17,Aylık,Fiber,Var,Yok,Evet,Elektronik Çek,1,86.25,1390.1,1
CUST-13869,Kadın,49,Hayır,Hayır,72,Aylık,Fiber,Yok,Yok,Evet,Elektronik Çek,0,56.67,4112.19,0
CUST-13870,Kadın,54,Hayır,Hayır,35,2 Yıllık,Fiber,Var,Var,Evet,Otomatik Ödeme,2,79.55,2781.84,0
CUST-13871,Erkek,36,Evet,Hayır,22,Aylık,DSL,Var,Yok,Hayır,Elektronik Çek,2,34.03,737.97,1
CUST-13872,Kadın,37,Evet,Hayır,18,Aylık,DSL,Var,Yok,Evet,Otomatik Ödeme,0,38.32,701.29,0
CUST-13873,Kadın,41,Hayır,Hayır,19,1 Yıllık,Fiber,Var,Yok,Evet,Elektronik Çek,2,96.6,1753.68,0
CUST-13874,Kadın,22,Evet,Hayır,27,2 Yıllık,DSL,Yok,Yok,Hayır,Otomatik Ödeme,1,46.07,1342.8,0
CUST-13875,Erkek,43,Hayır,Hayır,17,1 Yıllık,Fiber,Yok,Yok,Hayır,Otomatik Ödeme,2,78.52,1265.81,0
CUST-13876,Kadın,28,Hayır,Hayır,28,Aylık,DSL,Yok,Var,Hayır,Elektronik Çek,1,74.56,2192.56,0
CUST-13877,Erkek,41,Evet,Hayır,16,Aylık,DSL,Var,Var,Evet,Otomatik Ödeme,2,72.71,1199.13,0
CUST-13878,Kadın,58,Evet,Evet,41,Aylık,DSL,Yok,Var,Evet,Elektronik Çek,2,69.77,2973.13,0
CUST-13879,Erkek,39,Evet,Hayır,30,1 Yıllık,Fiber,Yok,Yok,Hayır,Elektronik Çek,4,95.86,2984.53,0
CUST-13880,Kadın,50,Hayır,Evet,26,Aylık,Fiber,Var,Var,Evet,Elektronik Çek,1,79.93,1984.07,0
CUST-13881,Erkek,62,Hayır,Hayır,47,Aylık,Yok,Var,Var,Hayır,Elektronik Çek,1,40.45,1843.33,0
CUST-13882,Kadın,39,Evet,Hayır,25,Aylık,Yok,Var,Yok,Evet,Otomatik Ödeme,1,28.82,714.47,1
CUST-13883,Kadın,55,Hayır,Hayır,20,2 Yıllık,DSL,Yok,Yok,Evet,Elektronik Çek,3,48.63,971.53,0
CUST-13884,Erkek,44,Evet,Hayır,27,Aylık,Yok,Yok,Yok,Hayır,Otomatik Ödeme,4,18.0,490.47,0
CUST-13885,Kadın,41,Hayır,Hayır,17,1 Yıllık,Fiber,Yok,Yok,Hayır,Posta Çeki,1,91.03,1655.33,1
CUST-13886,Erkek,36,Evet,Hayır,49,1 Yıllık,Fiber,Yok,Yok,Hayır,Posta Çeki,0,74.16,3416.66,1
CUST-13887,Erkek,60,Hayır,Hayır,12,Aylık,Fiber,Yok,Yok,Evet,Posta Çeki,1,67.21,865.01,1
CUST-13888,Kadın,27,Evet,Evet,5,1 Yıllık,Fiber,Yok,Var,Hayır,Otomatik Ödeme,2,92.31,497.8,0
CUST-13889,Erkek,60,Hayır,Evet,22,Aylık,Fiber,Var,Yok,Hayır,Otomatik Ödeme,3,91.4,2166.15,1
CUST-13890,Kadın,34,Hayır,Hayır,43,Aylık,Fiber,Yok,Yok,Hayır,Elektronik Çek,1,84.06,3878.68,1
CUST-13891,Kadın,57,Hayır,Hayır,18,Aylık,DSL,Yok,Var,Evet,Posta Çeki,3,41.98,723.67,0
CUST-13892,Erkek,52,Evet,Hayır,42,Aylık,Fiber,Var,Yok,Evet,Otomatik Ödeme,0,69.87,3018.83,0
CUST-13893,Kadın,42,Evet,Evet,72,1 Yıllık,Fiber,Yok,Yok,Evet,Elektronik Çek,1,72.34,5470.37,0
CUST-13894,Kadın,33,Evet,Hayır,16,Aylık,DSL,Yok,Yok,Evet,Elektronik Çek,3,32.95,565.93,1
CUST-13895,Erkek,59,Evet,Hayır,19,Aylık,DSL,Yok,Var,Hayır,Otomatik Ödeme,0,70.91,1429.95,0
CUST-13896,Kadın,40,Hayır,Evet,72,Aylık,DSL,Var,Yok,Evet,Otomatik Ödeme,0,64.1,4744.25,0
CUST-13897,Erkek,28,Hayır,Hayır,9,1 Yıllık,Fiber,Yok,Yok,Evet,Otomatik Ödeme,1,70.44,583.97,0
CUST-13898,Kadın,32,Evet,Evet,6,Aylık,Fiber,Yok,Yok,Evet,Elektronik Çek,1,90.51,575.59,1
CUST-13899,Kadın,18,Evet,Hayır,26,Aylık,Fiber,Var,Yok,Hayır,Elektronik Çek,0,63.26,1740.24,0
CUST-13900,Erkek,38,Evet,Evet,57,1 Yıllık,DSL,Var,Var,Evet,Otomatik Ödeme,0,69.82,4268.97,0
CUST-13901,Kadın,31,Hayır,Hayır,22,1 Yıllık,Yok,Yok,Yok,Hayır,Posta Çeki,0,20.59,476.43,0
CUST-13902,Kadın,31,Evet,Hayır,21,1 Yıllık,Fiber,Yok,Yok,Hayır,Otomatik Ödeme,2,79.86,1801.99,1
CUST-13903,Kadın,57,Hayır,Hayır,27,Aylık,Fiber,Yok,Var,Evet,Elektronik Çek,3,75.08,2043.13,1
CUST-13904,Erkek,35,Evet,Hayır,40,Aylık,Fiber,Var,Yok,Hayır,Otomatik Ödeme,1,77.42,2948.97,0
CUST-13905,Erkek,42,Evet,Evet,12,Aylık,Yok,Var,Yok,Hayır,Posta Çeki,2,35.37,414.25,1
CUST-13906,Erkek,48,Evet,Evet,24,2 Yıllık,DSL,Var,Yok,Evet,Elektronik Çek,2,59.58,1470.27,1
CUST-13907,Erkek,53,Hayır,Evet,17,Aylık,Yok,Var,Yok,Evet,Elektronik Çek,1,38.9,687.47,1
CUST-13908,Kadın,63,Evet,Hayır,22,Aylık,Yok,Yok,Yok,Evet,Elektronik Çek,1,41.55,955.42,0
CUST-13909,Erkek,65,Hayır,Hayır,19,2 Yıllık,DSL,Yok,Yok,Evet,Otomatik Ödeme,1,74.49,1461.66,0
CUST-13910,Kadın,51,Hayır,Hayır,7,Aylık,Fiber,Yok,Var,Evet,Posta Çeki,3,90.99,627.97,1
CUST-13911,Kadın,38,Hayır,Hayır,31,Aylık,DSL,Yok,Yok,Hayır,Posta Çeki,3,71.15,2193.83,1
CUST-13912,Kadın,23,Evet,Hayır,5,1 Yıllık,Fiber,Yok,Var,Evet,Otomatik Ödeme,1,92.11,429.33,1
CUST-13913,Erkek,33,Hayır,Hayır,12,2 Yıllık,DSL,Yok,Var,Evet,Otomatik Ödeme,0,54.31,639.11,1
CUST-13914,Erkek,24,Evet,Hayır,23,Aylık,Yok,Yok,Yok,Hayır,Otomatik Ödeme,0,37.38,802.14,1
CUST-13915,Erkek,19,Hayır,Hayır,41,Aylık,Fiber,Yok,Yok,Evet,Otomatik Ödeme,1,76.36,2912.27,0
CUST-13916,Erkek,24,Hayır,Hayır,19,Aylık,DSL,Var,Yok,Evet,Otomatik Ödeme,4,54.94,986.83,0
CUST-13917,Kadın,28,Evet,Hayır,36,Aylık,Fiber,Yok,Yok,Hayır,Elektronik Çek,2,74.07,2659.71,1
CUST-13918,Kadın,65,Hayır,Hayır,50,Aylık,Yok,Yok,Yok,Hayır,Otomatik Ödeme,3,23.44,1135.24,1
CUST-13919,Erkek,44,Hayır,Hayır,22,Aylık,Yok,Yok,Yok,Hayır,Elektronik Çek,2,22.17,467.67,1
CUST-13920,Erkek,36,Evet,Hayır,36,1 Yıllık,DSL,Yok,Yok,Evet,Elektronik Çek,0,43.09,1638.76,0
CUST-13921,Erkek,42,Hayır,Hayır,64,Aylık,Fiber,Yok,Var,Hayır,Otomatik Ödeme,0,99.63,6269.72,0
CUST-13922,Kadın,18,Hayır,Evet,33,2 Yıllık,Fiber,Var,Yok,Evet,Elektronik Çek,1,75.72,2475.54,0
CUST-13923,Erkek,30,Evet,Hayır,29,Aylık,DSL,Yok,Yok,Evet,Otomatik Ödeme,2,76.79,2151.56,1
CUST-13924,Kadın,49,Evet,Hayır,19,Aylık,Fiber,Yok,Yok,Evet,Elektronik Çek,0,91.08,1868.69,1
CUST-13925,Kadın,44,Evet,Evet,42,Aylık,Fiber,Var,Var,Evet,Posta Çeki,5,80.06,3437.25,1
CUST-13926,Kadın,24,Evet,Hayır,31,Aylık,Fiber,Yok,Yok,Hayır,Otomatik Ödeme,0,98.46,2963.83,1
CUST-13927,Erkek,58,Evet,Hayır,18,Aylık,Fiber,Yok,Yok,Hayır,Elektronik Çek,1,80.12,1391.11,1
CUST-13928,Kadın,60,Evet,Evet,19,Aylık,DSL,Yok,Var,Evet,Otomatik Ödeme,1,66.08,1228.71,1
CUST-13929,Erkek,52,Hayır,Hayır,52,Aylık,DSL,Var,Yok,Evet,Elektronik Çek,3,75.93,3808.11,0
CUST-13930,Kadın,44,Hayır,Hayır,31,Aylık,Yok,Var,Yok,Evet,Otomatik Ödeme,2,23.15,677.01,0
CUST-13931,Kadın,44,Evet,Hayır,45,Aylık,DSL,Var,Yok,Evet,Elektronik Çek,1,45.5,1918.54,0
CUST-13932,Kadın,41,Evet,Evet,32,Aylık,Yok,Var,Yok,Hayır,Otomatik Ödeme,0,40.97,1377.21,0
CUST-13933,Kadın,55,Hayır,Hayır,11,Aylık,Fiber,Var,Yok,Hayır,Elektronik Çek,4,88.54,951.96,1
CUST-13934,Kadın,18,Hayır,Hayır,30,1 Yıllık,DSL,Yok,Yok,Evet,Posta Çeki,1,52.7,1501.97,0
CUST-13935,Erkek,27,Evet,Evet,34,2 Yıllık,Yok,Yok,Yok,Hayır,Elektronik Çek,0,48.29,1550.64,0
CUST-13936,Erkek,29,Evet,Hayır,10,Aylık,DSL,Yok,Var,Evet,Elektronik Çek,4,72.28,777.19,0
CUST-13937,Erkek,43,Evet,Hayır,18,2 Yıllık,Fiber,Yok,Yok,Evet,Elektronik Çek,1,76.54,1313.99,1
CUST-13938,Erkek,24,Hayır,Hayır,9,1 Yıllık,DSL,Var,Yok,Evet,Otomatik Ödeme,1,50.26,472.77,0
CUST-13939,Erkek,33,Hayır,Hayır,25,Aylık,Fiber,Var,Yok,Evet,Posta Çeki,0,85.69,2103.54,0
CUST-13940,Kadın,37,Hayır,Evet,6,Aylık,DSL,Yok,Var,Hayır,Posta Çeki,1,58.59,358.43,0
CUST-13941,Kadın,52,Evet,Hayır,8,2 Yıllık,Yok,Yok,Var,Hayır,Otomatik Ödeme,0,46.06,378.73,0
CUST-13942,Erkek,52,Evet,Evet,42,Aylık,DSL,Var,Yok,Evet,Posta Çeki,1,76.03,3439.29,0
CUST-13943,Erkek,48,Evet,Hayır,26,Aylık,DSL,Yok,Yok,Evet,Elektronik Çek,1,75.6,2106.03,1
CUST-13944,Kadın,29,Evet,Hayır,29,1 Yıllık,DSL,Yok,Yok,Evet,Otomatik Ödeme,2,49.64,1467.34,0
CUST-13945,Kadın,47,Hayır,Hayır,13,1 Yıllık,DSL,Yok,Yok,Evet,Otomatik Ödeme,2,58.71,739.37,1
CUST-13946,Kadın,45,Evet,Evet,27,2 Yıllık,Yok,Yok,Var,Evet,Otomatik Ödeme,3,24.15,635.7,0
CUST-13947,Kadın,31,Evet,Hayır,46,Aylık,DSL,Yok,Var,Evet,Otomatik Ödeme,1,49.41,2349.12,1
CUST-13948,Erkek,34,Hayır,Hayır,39,Aylık,DSL,Yok,Var,Hayır,Otomatik Ödeme,1,50.86,1961.43,0
CUST-13949,Kadın,77,Evet,Hayır,56,Aylık,DSL,Var,Yok,Hayır,Elektronik Çek,2,70.36,3731.94,0
CUST-13950,Erkek,40,Hayır,Evet,7,Aylık,DSL,Var,Var,Evet,Otomatik Ödeme,4,52.77,351.6,1
CUST-13951,Erkek,54,Hayır,Hayır,54,1 Yıllık,Fiber,Var,Var,Hayır,Otomatik Ödeme,3,95.69,5539.45,0
CUST-13952,Erkek,47,Evet,Hayır,19,2 Yıllık,DSL,Yok,Yok,Evet,Posta Çeki,0,62.81,1258.54,0
CUST-13953,Kadın,25,Evet,Evet,25,Aylık,Fiber,Yok,Yok,Hayır,Elektronik Çek,0,97.6,2370.64,0
CUST-13954,Erkek,34,Evet,Hayır,7,Aylık,Fiber,Yok,Yok,Hayır,Elektronik Çek,0,72.71,521.01,1
CUST-13955,Erkek,37,Evet,Hayır,50,Aylık,Fiber,Yok,Yok,Evet,Otomatik Ödeme,2,91.69,4468.16,1
CUST-13956,Erkek,35,Evet,Hayır,24,Aylık,Yok,Yok,Yok,Evet,Elektronik Çek,1,35.79,837.26,0
CUST-13957,Erkek,42,Hayır,Hayır,61,1 Yıllık,DSL,Var,Yok,Hayır,Otomatik Ödeme,2,59.72,3834.68,0
CUST-13958,Erkek,85,Evet,Hayır,10,2 Yıllık,DSL,Yok,Yok,Hayır,Otomatik Ödeme,2,58.35,559.14,0
CUST-13959,Kadın,22,Hayır,Evet,42,Aylık,DSL,Var,Yok,Evet,Elektronik Çek,0,58.9,2471.3,1
CUST-13960,Kadın,23,Evet,Evet,18,1 Yıllık,DSL,Var,Var,Evet,Otomatik Ödeme,1,78.26,1328.02,0
CUST-13961,Erkek,64,Evet,Evet,21,2 Yıllık,Fiber,Yok,Yok,Evet,Posta Çeki,1,79.09,1781.16,0
CUST-13962,Erkek,32,Hayır,Hayır,31,Aylık,DSL,Yok,Var,Evet,Elektronik Çek,1,62.61,2082.25,0
CUST-13963,Kadın,48,Evet,Hayır,12,2 Yıllık,Fiber,Yok,Yok,Hayır,Elektronik Çek,1,80.72,899.39,0
CUST-13964,Erkek,18,Evet,Evet,21,1 Yıllık,DSL,Yok,Yok,Hayır,Elektronik Çek,2,49.23,1113.94,0
CUST-13965,Erkek,51,Hayır,Hayır,46,1 Yıllık,DSL,Yok,Var,Hayır,Otomatik Ödeme,1,54.25,2649.1,0
CUST-13966,Kadın,47,Hayır,Evet,23,Aylık,DSL,Yok,Var,Evet,Otomatik Ödeme,0,72.08,1710.69,0
CUST-13967,Kadın,55,Hayır,Hayır,27,Aylık,Fiber,Yok,Var,Hayır,Otomatik Ödeme,1,51.82,1433.22,1
CUST-13968,Erkek,42,Hayır,Evet,9,Aylık,DSL,Yok,Yok,Evet,Otomatik Ödeme,2,84.47,774.73,1
CUST-13969,Kadın,52,Hayır,Evet,28,2 Yıllık,Fiber,Yok,Yok,Evet,Otomatik Ödeme,0,78.22,2304.4,0
CUST-13970,Erkek,75,Hayır,Hayır,7,1 Yıllık,Fiber,Var,Yok,Evet,Posta Çeki,3,108.95,797.7,0
CUST-13971,Erkek,25,Evet,Hayır,9,Aylık,DSL,Yok,Yok,Hayır,Otomatik Ödeme,2,64.65,537.48,1
CUST-13972,Erkek,40,Hayır,Hayır,59,Aylık,Fiber,Var,Var,Hayır,Otomatik Ödeme,1,90.97,5708.49,0
CUST-13973,Kadın,35,Hayır,Evet,20,Aylık,Yok,Var,Yok,Hayır,Otomatik Ödeme,0,22.17,434.79,0
CUST-13974,Erkek,52,Evet,Hayır,17,1 Yıllık,DSL,Var,Yok,Evet,Otomatik Ödeme,0,48.87,795.51,0
CUST-13975,Erkek,44,Hayır,Hayır,16,Aylık,Fiber,Yok,Yok,Hayır,Otomatik Ödeme,1,67.01,1002.12,1
CUST-13976,Kadın,44,Evet,Evet,2,2 Yıllık,Fiber,Yok,Yok,Evet,Otomatik Ödeme,1,101.2,213.2,1
CUST-13977,Erkek,31,Hayır,Hayır,14,1 Yıllık,Fiber,Yok,Var,Evet,Otomatik Ödeme,1,89.26,1270.32,0
CUST-13978,Kadın,47,Hayır,Hayır,56,Aylık,DSL,Yok,Var,Evet,Otomatik Ödeme,1,55.73,3176.58,0
CUST-13979,Erkek,41,Hayır,Hayır,8,Aylık,DSL,Yok,Yok,Hayır,Posta Çeki,3,49.75,400.66,1
CUST-13980,Kadın,54,Hayır,Hayır,12,Aylık,Fiber,Yok,Yok,Evet,Posta Çeki,0,106.41,1192.73,1
CUST-13981,Erkek,18,Hayır,Hayır,30,2 Yıllık,Yok,Yok,Var,Evet,Elektronik Çek,2,27.94,858.2,0
CUST-13982,Kadın,46,Evet,Hayır,14,Aylık,Fiber,Yok,Yok,Hayır,Elektronik Çek,2,90.09,1330.25,1
CUST-13983,Erkek,46,Evet,Evet,65,Aylık,DSL,Yok,Yok,Evet,Otomatik Ödeme,1,63.31,4425.99,1
CUST-13984,Kadın,46,Hayır,Hayır,22,Aylık,Fiber,Yok,Yok,Evet,Elektronik Çek,1,78.96,1723.64,1
CUST-13985,Erkek,57,Evet,Hayır,23,Aylık,Fiber,Var,Var,Hayır,Elektronik Çek,2,71.47,1765.16,1
CUST-13986,Erkek,47,Evet,Evet,19,Aylık,DSL,Yok,Var,Evet,Elektronik Çek,3,57.95,1173.98,0
CUST-13987,Kadın,35,Evet,Hayır,12,Aylık,Fiber,Var,Yok,Evet,Elektronik Çek,2,88.26,1019.75,1
CUST-13988,Erkek,46,Evet,Hayır,34,Aylık,Fiber,Var,Yok,Evet,Posta Çeki,4,92.72,3030.34,0
CUST-13989,Erkek,25,Evet,Hayır,38,Aylık,DSL,Yok,Yok,Hayır,Otomatik Ödeme,2,64.13,2355.68,0
CUST-13990,Erkek,47,Hayır,Evet,50,2 Yıllık,Yok,Var,Yok,Hayır,Otomatik Ödeme,1,38.3,2036.31,0
CUST-13991,Erkek,75,Evet,Hayır,7,2 Yıllık,DSL,Yok,Yok,Hayır,Elektronik Çek,2,46.32,345.03,0
CUST-13992,Erkek,38,Evet,Hayır,39,Aylık,Fiber,Var,Yok,Evet,Elektronik Çek,4,99.52,3966.46,0
CUST-13993,Erkek,44,Evet,Hayır,13,Aylık,Yok,Yok,Var,Evet,Otomatik Ödeme,2,58.28,769.76,0
CUST-13994,Kadın,69,Hayır,Evet,34,1 Yıllık,Fiber,Yok,Yok,Evet,Elektronik Çek,0,72.3,2619.4,0
CUST-13995,Erkek,40,Hayır,Hayır,58,Aylık,DSL,Yok,Var,Hayır,Otomatik Ödeme,3,78.01,4436.78,1
CUST-13996,Erkek,66,Evet,Evet,12,Aylık,Fiber,Var,Var,Hayır,Posta Çeki,0,76.16,861.69,1
CUST-13997,Erkek,45,Evet,Evet,17,Aylık,DSL,Yok,Yok,Hayır,Otomatik Ödeme,2,44.7,801.88,0
CUST-13998,Kadın,29,Hayır,Evet,22,Aylık,Fiber,Yok,Yok,Hayır,Posta Çeki,1,90.97,1991.9,0
CUST-13999,Erkek,50,Evet,Evet,45,Aylık,Fiber,Var,Yok,Hayır,Elektronik Çek,0,71.36,3180.0,0
CUST-14000,Kadın,25,Hayır,Evet,46,1 Yıllık,Fiber,Yok,Yok,Evet,Otomatik Ödeme,1,74.56,3537.0,0
CUST-14001,Kadın,38,Evet,Hayır,14,Aylık,DSL,Var,Yok,Evet,Otomatik Ödeme,1,56.52,831.32,1
CUST-14002,Kadın,38,Evet,Evet,40,Aylık,DSL,Var,Yok,Hayır,Elektronik Çek,0,66.84,2730.17,0
CUST-14003,Erkek,63,Evet,Hayır,53,1 Yıllık,Fiber,Var,Var,Hayır,Otomatik Ödeme,2,68.41,3661.1,0
CUST-14004,Kadın,35,Evet,Hayır,43,Aylık,Fiber,Yok,Yok,Evet,Elektronik Çek,1,108.76,4397.08,0
CUST-14005,Kadın,23,Hayır,Hayır,36,2 Yıllık,DSL,Yok,Yok,Evet,Otomatik Ödeme,0,75.56,2845.85,0
CUST-14006,Kadın,24,Evet,Hayır,22,Aylık,Yok,Yok,Var,Hayır,Elektronik Çek,3,28.37,653.47,0
CUST-14007,Kadın,60,Evet,Hayır,21,Aylık,DSL,Yok,Var,Evet,Posta Çeki,1,47.83,1051.37,1
CUST-14008,Erkek,44,Evet,Evet,32,1 Yıllık,DSL,Yok,Yok,Hayır,Otomatik Ödeme,1,80.69,2619.75,0
CUST-14009,Kadın,42,Hayır,Evet,44,Aylık,DSL,Var,Var,Hayır,Elektronik Çek,0,72.9,3038.28,0
CUST-14010,Kadın,55,Hayır,Hayır,55,1 Yıllık,Fiber,Yok,Var,Hayır,Otomatik Ödeme,1,67.35,3454.75,0
CUST-14011,Kadın,44,Evet,Hayır,26,Aylık,DSL,Yok,Yok,Evet,Elektronik Çek,0,75.18,1944.97,1
CUST-14012,Kadın,33,Evet,Hayır,3,Aylık,Fiber,Yok,Yok,Evet,Elektronik Çek,2,78.33,242.21,1
CUST-14013,Kadın,33,Hayır,Hayır,51,1 Yıllık,DSL,Yok,Yok,Evet,Posta Çeki,1,57.61,3119.62,0
CUST-14014,Erkek,45,Hayır,Hayır,9,Aylık,DSL,Var,Yok,Hayır,Elektronik Çek,4,63.08,560.35,1
CUST-14015,Erkek,28,Evet,Evet,72,2 Yıllık,DSL,Var,Yok,Hayır,Posta Çeki,1,62.61,4821.39,0
CUST-14016,Kadın,52,Evet,Evet,35,Aylık,Fiber,Yok,Var,Evet,Posta Çeki,3,80.86,2793.97,0
CUST-14017,Kadın,49,Hayır,Hayır,22,Aylık,Fiber,Yok,Var,Hayır,Otomatik Ödeme,4,82.25,1879.78,1
CUST-14018,Kadın,18,Hayır,Hayır,26,2 Yıllık,Fiber,Yok,Yok,Hayır,Elektronik Çek,1,116.18,3082.34,1
CUST-14019,Kadın,52,Hayır,Evet,14,Aylık,DSL,Yok,Yok,Evet,Elektronik Çek,2,61.67,929.67,1
CUST-14020,Erkek,50,Hayır,Hayır,15,Aylık,Fiber,Var,Yok,Evet,Posta Çeki,0,96.63,1433.87,1
CUST-14021,Kadın,31,Evet,Evet,33,Aylık,Yok,Var,Yok,Hayır,Elektronik Çek,0,28.0,866.88,1
CUST-14022,Erkek,27,Evet,Hayır,29,1 Yıllık,DSL,Yok,Yok,Evet,Posta Çeki,0,65.18,1832.18,0
CUST-14023,Kadın,28,Evet,Evet,14,Aylık,Fiber,Var,Yok,Evet,Otomatik Ödeme,1,79.36,1080.72,1
CUST-14024,Kadın,40,Hayır,Evet,5,Aylık,DSL,Var,Var,Hayır,Otomatik Ödeme,2,43.05,216.56,0
CUST-14025,Erkek,51,Hayır,Evet,42,2 Yıllık,Fiber,Yok,Yok,Evet,Elektronik Çek,0,89.77,3742.18,0
CUST-14026,Erkek,35,Evet,Evet,52,1 Yıllık,DSL,Yok,Var,Evet,Posta Çeki,0,41.33,2177.61,0
CUST-14027,Erkek,37,Evet,Evet,9,1 Yıllık,Yok,Yok,Yok,Evet,Otomatik Ödeme,1,26.82,238.8,1
CUST-14028,Erkek,33,Hayır,Hayır,36,2 Yıllık,Fiber,Var,Var,Hayır,Otomatik Ödeme,2,81.06,2908.68,0
CUST-14029,Kadın,35,Evet,Hayır,39,Aylık,Fiber,Yok,Yok,Evet,Otomatik Ödeme,1,90.25,3486.13,1
CUST-14030,Erkek,40,Hayır,Hayır,15,2 Yıllık,Yok,Var,Yok,Hayır,Otomatik Ödeme,0,46.86,675.38,0
CUST-14031,Erkek,30,Hayır,Hayır,35,Aylık,Fiber,Var,Var,Evet,Otomatik Ödeme,2,79.8,2699.66,1
CUST-14032,Erkek,36,Evet,Hayır,6,Aylık,DSL,Yok,Var,Hayır,Elektronik Çek,1,48.82,280.71,0
CUST-14033,Erkek,42,Evet,Hayır,2,Aylık,Yok,Yok,Var,Hayır,Elektronik Çek,2,36.71,74.8,1
CUST-14034,Kadın,18,Hayır,Hayır,66,Aylık,Fiber,Var,Yok,Evet,Otomatik Ödeme,1,82.83,5829.39,0
CUST-14035,Erkek,18,Evet,Evet,36,Aylık,Yok,Yok,Yok,Hayır,Otomatik Ödeme,0,29.01,1126.07,0
CUST-14036,Kadın,34,Hayır,Hayır,19,1 Yıllık,Fiber,Yok,Var,Evet,Otomatik Ödeme,2,76.94,1365.39,0
CUST-14037,Kadın,54,Hayır,Evet,40,Aylık,DSL,Var,Var,Evet,Otomatik Ödeme,1,59.3,2216.85,0
CUST-14038,Erkek,71,Evet,Hayır,14,Aylık,DSL,Var,Yok,Evet,Posta Çeki,1,48.34,631.3,0
CUST-14039,Kadın,42,Hayır,Hayır,19,2 Yıllık,Fiber,Yok,Yok,Hayır,Elektronik Çek,2,77.36,1439.84,1
CUST-14040,Erkek,52,Evet,Hayır,10,1 Yıllık,Yok,Yok,Yok,Hayır,Otomatik Ödeme,0,45.85,482.53,1
CUST-14041,Erkek,49,Hayır,Hayır,33,Aylık,Yok,Yok,Var,Evet,Otomatik Ödeme,0,44.89,1433.8,1
CUST-14042,Kadın,51,Evet,Hayır,53,Aylık,Fiber,Yok,Yok,Evet,Otomatik Ödeme,1,93.36,4576.79,0
CUST-14043,Kadın,54,Evet,Evet,22,Aylık,DSL,Var,Yok,Evet,Elektronik Çek,1,77.78,1825.4,1
CUST-14044,Kadın,37,Evet,Evet,12,2 Yıllık,Yok,Yok,Var,Evet,Otomatik Ödeme,2,37.6,426.11,0
CUST-14045,Erkek,48,Hayır,Hayır,44,1 Yıllık,Fiber,Yok,Yok,Evet,Otomatik Ödeme,0,112.02,4786.0,0
CUST-14046,Erkek,47,Evet,Hayır,20,Aylık,Fiber,Yok,Var,Evet,Posta Çeki,1,97.59,2043.28,0
CUST-14047,Erkek,39,Evet,Evet,41,1 Yıllık,Fiber,Var,Var,Evet,Otomatik Ödeme,3,79.8,3067.4,0
CUST-14048,Kadın,46,Evet,Hayır,26,Aylık,Fiber,Var,Var,Hayır,Elektronik Çek,1,70.59,1882.59,1
CUST-14049,Erkek,21,Evet,Hayır,28,1 Yıllık,Fiber,Yok,Yok,Evet,Otomatik Ödeme,2,83.26,2337.92,0
CUST-14050,Erkek,36,Hayır,Evet,36,Aylık,DSL,Var,Yok,Evet,Otomatik Ödeme,2,72.37,2670.61,0
CUST-14051,Erkek,62,Hayır,Hayır,57,Aylık,Fiber,Var,Yok,Evet,Posta Çeki,1,82.13,4856.93,0
CUST-14052,Erkek,64,Hayır,Hayır,72,Aylık,Yok,Var,Var,Evet,Posta Çeki,2,40.09,3022.78,0
CUST-14053,Kadın,35,Hayır,Evet,40,2 Yıllık,Yok,Yok,Yok,Evet,Otomatik Ödeme,1,34.72,1295.13,0
CUST-14054,Erkek,48,Evet,Hayır,49,Aylık,DSL,Yok,Yok,Evet,Elektronik Çek,5,63.58,3238.25,0
CUST-14055,Erkek,55,Evet,Evet,47,Aylık,DSL,Yok,Var,Hayır,Otomatik Ödeme,1,52.16,2636.88,0
CUST-14056,Erkek,45,Hayır,Hayır,30,1 Yıllık,DSL,Var,Yok,Hayır,Posta Çeki,0,49.64,1570.14,0
CUST-14057,Kadın,18,Evet,Hayır,22,Aylık,Fiber,Var,Yok,Evet,Otomatik Ödeme,2,85.2,1755.44,1
CUST-14058,Erkek,57,Evet,Evet,11,2 Yıllık,Yok,Var,Yok,Evet,Otomatik Ödeme,1,41.37,432.11,0
CUST-14059,Erkek,36,Hayır,Hayır,33,Aylık,Yok,Yok,Var,Evet,Otomatik Ödeme,2,48.47,1715.26,0
CUST-14060,Erkek,42,Evet,Hayır,12,Aylık,DSL,Yok,Yok,Evet,Otomatik Ödeme,0,57.74,657.05,0
CUST-14061,Erkek,25,Hayır,Evet,16,Aylık,DSL,Yok,Var,Hayır,Posta Çeki,1,65.61,1072.1,0
CUST-14062,Erkek,30,Evet,Hayır,45,Aylık,DSL,Yok,Yok,Hayır,Otomatik Ödeme,3,75.55,3335.55,0
CUST-14063,Erkek,52,Hayır,Hayır,57,Aylık,Fiber,Yok,Yok,Hayır,Elektronik Çek,1,68.18,3900.17,1
CUST-14064,Erkek,20,Evet,Evet,43,Aylık,DSL,Var,Yok,Hayır,Elektronik Çek,2,49.23,2167.39,0
CUST-14065,Kadın,24,Evet,Evet,15,1 Yıllık,Fiber,Var,Yok,Hayır,Otomatik Ödeme,0,104.8,1474.43,0
CUST-14066,Erkek,35,Hayır,Hayır,18,Aylık,Fiber,Yok,Yok,Hayır,Otomatik Ödeme,3,77.51,1353.26,1
CUST-14067,Kadın,41,Hayır,Evet,39,1 Yıllık,Fiber,Yok,Yok,Evet,Elektronik Çek,0,94.84,3467.58,1
CUST-14068,Kadın,53,Evet,Evet,46,Aylık,Yok,Yok,Yok,Evet,Elektronik Çek,0,38.92,1822.5,0
CUST-14069,Erkek,53,Hayır,Evet,56,Aylık,DSL,Yok,Yok,Hayır,Otomatik Ödeme,1,72.01,4331.64,1
CUST-14070,Kadın,50,Evet,Evet,24,2 Yıllık,Fiber,Yok,Yok,Hayır,Posta Çeki,0,82.36,1927.21,0
CUST-14071,Erkek,29,Evet,Evet,11,2 Yıllık,DSL,Var,Yok,Evet,Posta Çeki,3,62.6,705.1,0
CUST-14072,Erkek,31,Hayır,Hayır,63,Aylık,Yok,Yok,Var,Hayır,Elektronik Çek,1,48.15,2850.59,0
CUST-14073,Kadın,35,Hayır,Hayır,41,2 Yıllık,Fiber,Yok,Yok,Hayır,Elektronik Çek,1,93.89,3563.8,0
CUST-14074,Kadın,42,Hayır,Evet,17,Aylık,Yok,Yok,Yok,Hayır,Elektronik Çek,4,23.66,419.48,0
CUST-14075,Erkek,50,Evet,Evet,25,Aylık,Fiber,Var,Yok,Evet,Otomatik Ödeme,1,80.71,1990.69,0
CUST-14076,Erkek,34,Hayır,Hayır,39,Aylık,Fiber,Var,Yok,Evet,Otomatik Ödeme,3,71.31,2890.49,0
CUST-14077,Erkek,47,Evet,Hayır,8,Aylık,Fiber,Yok,Var,Evet,Elektronik Çek,1,76.9,582.18,1
CUST-14078,Kadın,29,Hayır,Hayır,72,1 Yıllık,Yok,Yok,Yok,Evet,Elektronik Çek,1,22.63,1689.18,0
CUST-14079,Erkek,56,Evet,Hayır,7,Aylık,DSL,Var,Var,Evet,Posta Çeki,3,66.37,467.13,0
CUST-14080,Kadın,57,Hayır,Hayır,49,Aylık,DSL,Var,Yok,Evet,Otomatik Ödeme,0,64.56,2994.19,0
CUST-14081,Kadın,28,Evet,Hayır,49,1 Yıllık,Fiber,Yok,Yok,Hayır,Elektronik Çek,1,96.36,4834.29,0
CUST-14082,Kadın,23,Hayır,Hayır,9,Aylık,Fiber,Yok,Yok,Evet,Posta Çeki,0,90.16,766.33,1
CUST-14083,Erkek,50,Hayır,Hayır,27,2 Yıllık,Fiber,Var,Yok,Hayır,Otomatik Ödeme,0,71.07,1917.57,0
CUST-14084,Erkek,52,Evet,Evet,36,Aylık,Fiber,Yok,Yok,Hayır,Elektronik Çek,1,62.46,2298.11,0
CUST-14085,Erkek,46,Hayır,Hayır,22,Aylık,DSL,Var,Yok,Hayır,Elektronik Çek,2,70.22,1624.65,0
CUST-14086,Kadın,57,Evet,Evet,72,Aylık,DSL,Yok,Var,Evet,Otomatik Ödeme,0,27.36,2109.89,0
CUST-14087,Erkek,46,Hayır,Hayır,39,Aylık,DSL,Yok,Var,Evet,Otomatik Ödeme,0,56.54,2286.91,0
CUST-14088,Erkek,53,Evet,Hayır,48,1 Yıllık,Fiber,Var,Yok,Evet,Elektronik Çek,0,93.77,4590.74,0
CUST-14089,Kadın,36,Hayır,Evet,32,Aylık,Fiber,Var,Var,Hayır,Elektronik Çek,0,78.8,2570.68,1
CUST-14090,Erkek,54,Hayır,Hayır,10,Aylık,DSL,Yok,Var,Evet,Otomatik Ödeme,0,56.94,548.06,0
CUST-14091,Kadın,38,Hayır,Evet,36,1 Yıllık,Fiber,Yok,Var,Hayır,Posta Çeki,0,86.85,2997.95,0
CUST-14092,Erkek,45,Evet,Hayır,5,1 Yıllık,Yok,Yok,Var,Evet,Otomatik Ödeme,2,45.77,223.53,0
CUST-14093,Erkek,63,Evet,Hayır,72,Aylık,DSL,Yok,Yok,Evet,Posta Çeki,1,52.35,3770.13,0
CUST-14094,Kadın,30,Hayır,Hayır,19,Aylık,DSL,Var,Yok,Evet,Otomatik Ödeme,1,44.49,788.96,0
CUST-14095,Kadın,49,Evet,Hayır,72,Aylık,Yok,Var,Yok,Evet,Posta Çeki,1,18.0,1244.59,1
CUST-14096,Erkek,37,Hayır,Evet,15,Aylık,Fiber,Var,Var,Evet,Elektronik Çek,1,100.56,1518.75,0
CUST-14097,Kadın,53,Hayır,Hayır,20,Aylık,Yok,Yok,Yok,Evet,Posta Çeki,2,23.46,452.85,1
CUST-14098,Erkek,53,Evet,Hayır,14,Aylık,Yok,Var,Var,Evet,Otomatik Ödeme,2,22.58,296.07,0
CUST-14099,Kadın,35,Hayır,Evet,27,2 Yıllık,Fiber,Yok,Yok,Hayır,Elektronik Çek,1,100.94,2886.5,1
CUST-14100,Kadın,59,Evet,Hayır,27,Aylık,Fiber,Yok,Yok,Evet,Otomatik Ödeme,3,83.88,2214.93,0
CUST-14101,Erkek,39,Hayır,Hayır,43,1 Yıllık,DSL,Yok,Var,Evet,Otomatik Ödeme,1,63.76,2621.67,0
CUST-14102,Kadın,52,Hayır,Hayır,17,1 Yıllık,Fiber,Yok,Yok,Evet,Posta Çeki,1,92.69,1632.69,0
CUST-14103,Kadın,33,Evet,Hayır,33,Aylık,DSL,Var,Yok,Hayır,Posta Çeki,2,35.91,1241.47,0
CUST-14104,Erkek,51,Hayır,Hayır,24,Aylık,DSL,Var,Yok,Hayır,Elektronik Çek,2,57.53,1448.59,0
CUST-14105,Erkek,35,Evet,Hayır,52,Aylık,Fiber,Yok,Yok,Evet,Otomatik Ödeme,1,78.06,4052.97,0
CUST-14106,Erkek,35,Hayır,Hayır,26,Aylık,Fiber,Yok,Yok,Evet,Posta Çeki,0,66.49,1731.09,1
CUST-14107,Erkek,42,Hayır,Evet,23,Aylık,Fiber,Yok,Yok,Hayır,Otomatik Ödeme,1,75.94,1704.5,1
CUST-14108,Kadın,55,Evet,Evet,47,2 Yıllık,DSL,Yok,Yok,Hayır,Otomatik Ödeme,2,61.95,2858.26,0
CUST-14109,Kadın,32,Evet,Hayır,25,Aylık,Fiber,Var,Yok,Evet,Otomatik Ödeme,3,89.89,2223.63,1
CUST-14110,Erkek,64,Evet,Hayır,31,Aylık,Yok,Yok,Yok,Evet,Otomatik Ödeme,0,29.91,972.27,0
CUST-14111,Kadın,37,Evet,Hayır,29,1 Yıllık,Fiber,Yok,Yok,Hayır,Posta Çeki,2,72.56,1937.97,0
CUST-14112,Kadın,56,Hayır,Hayır,13,Aylık,Yok,Var,Var,Hayır,Posta Çeki,3,48.13,624.39,0
CUST-14113,Erkek,29,Hayır,Hayır,23,Aylık,Yok,Var,Yok,Hayır,Posta Çeki,0,27.9,684.15,1
CUST-14114,Erkek,38,Hayır,Hayır,18,Aylık,Fiber,Yok,Yok,Hayır,Posta Çeki,2,95.78,1796.78,1
CUST-14115,Kadın,56,Evet,Hayır,68,Aylık,Fiber,Var,Yok,Hayır,Otomatik Ödeme,3,81.77,5144.45,0
CUST-14116,Kadın,55,Evet,Hayır,44,1 Yıllık,Yok,Yok,Yok,Hayır,Elektronik Çek,1,32.87,1381.27,1
CUST-14117,Erkek,42,Hayır,Evet,20,Aylık,DSL,Var,Var,Hayır,Otomatik Ödeme,1,42.43,790.07,0
CUST-14118,Erkek,33,Hayır,Hayır,24,Aylık,DSL,Var,Var,Evet,Otomatik Ödeme,1,68.52,1609.84,0
CUST-14119,Erkek,25,Hayır,Hayır,29,1 Yıllık,Fiber,Yok,Var,Evet,Posta Çeki,1,85.58,2391.02,0
CUST-14120,Erkek,28,Hayır,Evet,13,Aylık,Fiber,Yok,Yok,Evet,Otomatik Ödeme,2,58.01,776.96,1
CUST-14121,Kadın,24,Evet,Hayır,35,2 Yıllık,Fiber,Yok,Yok,Hayır,Otomatik Ödeme,1,85.81,3234.03,0
CUST-14122,Erkek,79,Hayır,Hayır,19,Aylık,Yok,Yok,Var,Hayır,Otomatik Ödeme,1,30.63,572.73,0
CUST-14123,Erkek,78,Evet,Hayır,44,Aylık,Fiber,Yok,Yok,Evet,Elektronik Çek,1,66.5,2895.05,1
CUST-14124,Erkek,47,Evet,Hayır,1,Aylık,Yok,Yok,Var,Evet,Elektronik Çek,3,25.48,23.98,1
CUST-14125,Kadın,18,Evet,Evet,38,Aylık,Fiber,Var,Yok,Evet,Otomatik Ödeme,1,74.67,2761.3,1
CUST-14126,Erkek,52,Evet,Hayır,36,1 Yıllık,Fiber,Yok,Var,Hayır,Elektronik Çek,0,66.17,2223.21,0
CUST-14127,Erkek,51,Evet,Evet,28,Aylık,DSL,Yok,Yok,Hayır,Otomatik Ödeme,0,65.0,1928.89,1
CUST-14128,Kadın,37,Evet,Evet,21,Aylık,Yok,Yok,Yok,Evet,Elektronik Çek,2,23.82,474.98,0
CUST-14129,Erkek,54,Hayır,Hayır,66,1 Yıllık,DSL,Var,Yok,Evet,Otomatik Ödeme,0,36.95,2499.47,0
CUST-14130,Erkek,39,Evet,Evet,49,Aylık,DSL,Yok,Yok,Evet,Otomatik Ödeme,0,40.11,2008.3,0
CUST-14131,Erkek,55,Hayır,Hayır,32,Aylık,DSL,Var,Yok,Hayır,Otomatik Ödeme,2,67.45,2280.7,0
CUST-14132,Kadın,26,Hayır,Hayır,10,Aylık,DSL,Yok,Var,Hayır,Otomatik Ödeme,2,61.2,660.44,1
CUST-14133,Kadın,43,Evet,Hayır,22,Aylık,Yok,Yok,Yok,Evet,Elektronik Çek,2,51.2,1172.33,1
CUST-14134,Kadın,45,Hayır,Evet,15,Aylık,Fiber,Yok,Yok,Evet,Otomatik Ödeme,2,72.07,1018.2,1
CUST-14135,Erkek,37,Hayır,Hayır,35,1 Yıllık,Yok,Yok,Var,Hayır,Otomatik Ödeme,1,43.94,1534.35,0
CUST-14136,Kadın,50,Evet,Hayır,55,1 Yıllık,Yok,Yok,Yok,Evet,Otomatik Ödeme,1,20.59,1190.19,0
CUST-14137,Kadın,46,Evet,Hayır,16,2 Yıllık,DSL,Yok,Yok,Hayır,Otomatik Ödeme,3,57.23,981.37,0
CUST-14138,Erkek,33,Hayır,Hayır,28,1 Yıllık,Fiber,Yok,Var,Evet,Elektronik Çek,2,77.02,2295.71,1
CUST-14139,Erkek,47,Hayır,Hayır,69,2 Yıllık,Fiber,Var,Var,Hayır,Otomatik Ödeme,2,96.67,7182.22,0
CUST-14140,Erkek,45,Evet,Hayır,8,1 Yıllık,DSL,Yok,Yok,Hayır,Otomatik Ödeme,0,70.42,605.58,0
CUST-14141,Kadın,57,Evet,Hayır,13,Aylık,Fiber,Yok,Yok,Hayır,Posta Çeki,5,71.33,915.98,1
CUST-14142,Kadın,60,Hayır,Hayır,29,Aylık,DSL,Yok,Yok,Evet,Otomatik Ödeme,5,63.14,1722.88,1
CUST-14143,Kadın,37,Evet,Hayır,26,Aylık,Fiber,Yok,Yok,Evet,Otomatik Ödeme,2,72.29,1952.05,0
CUST-14144,Erkek,40,Evet,Hayır,12,Aylık,Fiber,Yok,Yok,Hayır,Posta Çeki,0,77.13,958.62,1
CUST-14145,Erkek,36,Evet,Hayır,8,Aylık,DSL,Yok,Yok,Hayır,Elektronik Çek,1,53.34,425.43,1
CUST-14146,Kadın,38,Hayır,Evet,16,1 Yıllık,Fiber,Yok,Yok,Hayır,Elektronik Çek,2,94.16,1532.88,1
CUST-14147,Kadın,34,Hayır,Hayır,29,1 Yıllık,Yok,Yok,Yok,Evet,Otomatik Ödeme,0,43.71,1278.72,0
CUST-14148,Erkek,40,Evet,Evet,41,1 Yıllık,Fiber,Yok,Var,Hayır,Otomatik Ödeme,1,91.55,4011.24,0
CUST-14149,Erkek,44,Evet,Hayır,8,Aylık,Yok,Yok,Yok,Evet,Elektronik Çek,0,18.0,143.85,1
CUST-14150,Erkek,26,Evet,Hayır,30,Aylık,Fiber,Yok,Var,Evet,Posta Çeki,2,80.37,2307.79,1
CUST-14151,Kadın,28,Hayır,Hayır,19,Aylık,DSL,Yok,Yok,Evet,Elektronik Çek,3,63.19,1119.6,0
CUST-14152,Kadın,31,Hayır,Hayır,14,2 Yıllık,Fiber,Yok,Yok,Evet,Posta Çeki,0,88.56,1329.54,0
CUST-14153,Kadın,42,Evet,Hayır,48,Aylık,Fiber,Var,Yok,Hayır,Posta Çeki,1,91.13,4535.87,0
CUST-14154,Kadın,18,Hayır,Hayır,18,Aylık,Fiber,Yok,Yok,Evet,Posta Çeki,1,75.97,1476.24,1
CUST-14155,Kadın,70,Evet,Hayır,25,Aylık,Fiber,Yok,Yok,Evet,Elektronik Çek,0,102.73,2487.7,1
CUST-14156,Erkek,26,Hayır,Hayır,6,Aylık,Fiber,Var,Yok,Hayır,Posta Çeki,0,89.96,578.76,0
CUST-14157,Erkek,49,Hayır,Hayır,4,2 Yıllık,DSL,Yok,Yok,Hayır,Posta Çeki,4,53.72,228.31,0
CUST-14158,Kadın,50,Evet,Hayır,41,Aylık,DSL,Var,Var,Evet,Otomatik Ödeme,0,68.13,2728.01,0
CUST-14159,Kadın,67,Evet,Hayır,29,Aylık,Yok,Yok,Yok,Evet,Posta Çeki,1,33.2,918.38,0
CUST-14160,Kadın,45,Evet,Hayır,15,Aylık,DSL,Var,Yok,Evet,Otomatik Ödeme,2,60.57,851.16,0
CUST-14161,Erkek,34,Evet,Hayır,47,Aylık,DSL,Var,Yok,Evet,Posta Çeki,1,61.65,2949.67,0
CUST-14162,Kadın,46,Hayır,Hayır,19,1 Yıllık,Fiber,Yok,Yok,Hayır,Otomatik Ödeme,2,77.44,1565.12,1
CUST-14163,Erkek,30,Hayır,Hayır,23,Aylık,Fiber,Yok,Var,Hayır,Otomatik Ödeme,0,77.95,1877.17,1
CUST-14164,Erkek,63,Hayır,Evet,13,Aylık,DSL,Var,Yok,Evet,Posta Çeki,1,64.32,890.98,0
CUST-14165,Erkek,39,Hayır,Hayır,20,Aylık,Fiber,Var,Yok,Evet,Elektronik Çek,1,73.43,1558.01,0
CUST-14166,Erkek,52,Evet,Hayır,72,Aylık,Yok,Var,Yok,Hayır,Elektronik Çek,2,21.75,1606.32,0
CUST-14167,Kadın,31,Evet,Hayır,14,2 Yıllık,DSL,Yok,Var,Evet,Posta Çeki,1,56.72,834.81,0
CUST-14168,Kadın,27,Hayır,Hayır,15,1 Yıllık,Fiber,Yok,Yok,Evet,Elektronik Çek,1,101.3,1569.2,1
CUST-14169,Erkek,54,Hayır,Evet,16,1 Yıllık,Fiber,Var,Yok,Evet,Otomatik Ödeme,1,75.81,1235.73,1
CUST-14170,Erkek,43,Evet,Hayır,14,2 Yıllık,Fiber,Yok,Yok,Hayır,Posta Çeki,0,88.0,1259.58,1
CUST-14171,Kadın,47,Hayır,Hayır,35,1 Yıllık,Fiber,Var,Yok,Hayır,Otomatik Ödeme,0,82.41,2716.72,1
CUST-14172,Kadın,36,Evet,Evet,26,Aylık,Fiber,Var,Yok,Evet,Otomatik Ödeme,1,53.36,1316.13,0
CUST-14173,Kadın,65,Evet,Hayır,11,Aylık,Yok,Yok,Yok,Hayır,Otomatik Ödeme,1,25.03,282.61,1
CUST-14174,Kadın,59,Hayır,Hayır,15,Aylık,Fiber,Yok,Yok,Evet,Posta Çeki,1,99.92,1419.94,1
CUST-14175,Erkek,54,Evet,Hayır,42,Aylık,Yok,Yok,Var,Hayır,Elektronik Çek,0,39.66,1662.0,0
CUST-14176,Erkek,49,Hayır,Hayır,16,Aylık,Fiber,Yok,Var,Hayır,Elektronik Çek,2,67.09,1029.4,0
CUST-14177,Erkek,26,Hayır,Hayır,72,Aylık,Fiber,Yok,Yok,Hayır,Otomatik Ödeme,1,71.3,5379.76,1
CUST-14178,Erkek,40,Evet,Evet,23,Aylık,Yok,Yok,Var,Evet,Elektronik Çek,2,49.15,1142.51,1
CUST-14179,Kadın,36,Evet,Evet,64,Aylık,Fiber,Yok,Yok,Evet,Elektronik Çek,0,83.26,4931.72,1
CUST-14180,Erkek,29,Evet,Hayır,72,1 Yıllık,Fiber,Yok,Yok,Evet,Otomatik Ödeme,1,89.7,6209.49,0
CUST-14181,Kadın,61,Evet,Hayır,53,Aylık,Yok,Var,Var,Hayır,Elektronik Çek,0,24.03,1303.83,0
CUST-14182,Erkek,42,Evet,Hayır,27,Aylık,Yok,Yok,Yok,Evet,Otomatik Ödeme,2,39.96,1084.56,1
CUST-14183,Erkek,46,Evet,Evet,27,Aylık,DSL,Yok,Yok,Hayır,Elektronik Çek,3,65.04,1765.39,1
CUST-14184,Kadın,37,Evet,Evet,13,Aylık,DSL,Yok,Yok,Hayır,Otomatik Ödeme,4,59.96,744.83,0
CUST-14185,Kadın,29,Hayır,Hayır,38,1 Yıllık,DSL,Var,Yok,Evet,Elektronik Çek,1,81.46,3156.03,0
CUST-14186,Kadın,48,Hayır,Hayır,72,Aylık,Yok,Var,Yok,Hayır,Posta Çeki,3,18.51,1274.61,0
CUST-14187,Erkek,30,Hayır,Hayır,72,Aylık,Fiber,Yok,Var,Evet,Otomatik Ödeme,0,82.34,5996.44,0
CUST-14188,Kadın,56,Evet,Hayır,49,Aylık,DSL,Yok,Yok,Hayır,Elektronik Çek,1,59.11,2710.29,1
CUST-14189,Kadın,46,Evet,Hayır,38,Aylık,Fiber,Var,Var,Hayır,Posta Çeki,1,92.12,3700.5,0
CUST-14190,Erkek,31,Hayır,Hayır,20,2 Yıllık,DSL,Yok,Yok,Evet,Posta Çeki,1,70.86,1364.4,1
CUST-14191,Erkek,20,Evet,Evet,38,Aylık,DSL,Var,Yok,Hayır,Otomatik Ödeme,2,65.31,2579.97,0
CUST-14192,Kadın,42,Evet,Hayır,54,Aylık,Fiber,Yok,Yok,Hayır,Otomatik Ödeme,3,98.71,5648.2,1
CUST-14193,Erkek,25,Evet,Evet,12,Aylık,Fiber,Var,Yok,Hayır,Otomatik Ödeme,1,95.04,1210.84,0
CUST-14194,Erkek,18,Evet,Evet,5,Aylık,Fiber,Yok,Var,Hayır,Elektronik Çek,3,78.74,406.75,1
CUST-14195,Kadın,41,Hayır,Hayır,11,Aylık,DSL,Yok,Var,Evet,Posta Çeki,0,56.81,669.44,0
CUST-14196,Erkek,35,Hayır,Evet,48,2 Yıllık,Fiber,Yok,Var,Hayır,Elektronik Çek,0,81.44,3888.14,0
CUST-14197,Erkek,42,Evet,Evet,50,Aylık,Fiber,Yok,Var,Evet,Elektronik Çek,1,81.5,3859.73,1
CUST-14198,Erkek,52,Evet,Evet,9,1 Yıllık,DSL,Yok,Var,Evet,Elektronik Çek,3,45.13,437.96,0
CUST-14199,Erkek,44,Evet,Hayır,15,Aylık,Fiber,Yok,Var,Hayır,Posta Çeki,0,83.18,1190.73,0
CUST-14200,Kadın,50,Evet,Evet,16,2 Yıllık,DSL,Var,Yok,Evet,Otomatik Ödeme,0,66.82,1150.53,0
CUST-14201,Erkek,31,Hayır,Evet,10,Aylık,Fiber,Yok,Yok,Evet,Otomatik Ödeme,2,94.44,993.42,1
CUST-14202,Kadın,52,Hayır,Hayır,21,Aylık,Fiber,Yok,Var,Hayır,Elektronik Çek,0,80.93,1691.85,0
CUST-14203,Erkek,53,Evet,Hayır,41,Aylık,DSL,Yok,Var,Evet,Otomatik Ödeme,0,73.43,3179.86,0
CUST-14204,Kadın,18,Evet,Hayır,30,1 Yıllık,Yok,Yok,Var,Evet,Otomatik Ödeme,2,33.64,929.13,0
CUST-14205,Erkek,31,Hayır,Hayır,19,Aylık,Fiber,Yok,Yok,Evet,Otomatik Ödeme,3,65.29,1206.65,1
CUST-14206,Kadın,43,Hayır,Hayır,9,Aylık,DSL,Yok,Yok,Evet,Elektronik Çek,1,64.14,618.05,1
CUST-14207,Kadın,52,Hayır,Evet,57,Aylık,DSL,Var,Yok,Evet,Otomatik Ödeme,1,35.08,2152.57,1
CUST-14208,Kadın,53,Hayır,Hayır,21,1 Yıllık,Fiber,Var,Var,Evet,Elektronik Çek,2,88.43,2004.04,1
CUST-14209,Kadın,51,Evet,Hayır,20,Aylık,DSL,Yok,Yok,Hayır,Otomatik Ödeme,1,68.57,1319.09,1
CUST-14210,Erkek,41,Evet,Hayır,35,Aylık,Fiber,Var,Yok,Evet,Otomatik Ödeme,2,67.19,2215.53,0
CUST-14211,Kadın,54,Hayır,Evet,33,1 Yıllık,Fiber,Var,Var,Hayır,Otomatik Ödeme,1,90.15,2912.43,0
CUST-14212,Kadın,29,Hayır,Evet,10,1 Yıllık,Yok,Yok,Yok,Evet,Otomatik Ödeme,2,33.89,355.4,1
CUST-14213,Erkek,48,Hayır,Hayır,9,Aylık,DSL,Var,Yok,Hayır,Elektronik Çek,1,43.28,370.32,1
CUST-14214,Erkek,47,Hayır,Hayır,72,Aylık,Yok,Yok,Yok,Evet,Elektronik Çek,1,30.6,2138.99,0
CUST-14215,Erkek,63,Hayır,Hayır,69,Aylık,Fiber,Yok,Var,Hayır,Otomatik Ödeme,1,60.61,4060.01,0
CUST-14216,Erkek,33,Evet,Hayır,63,Aylık,Yok,Yok,Yok,Hayır,Elektronik Çek,2,49.21,3146.5,1
CUST-14217,Erkek,37,Evet,Evet,71,Aylık,Fiber,Yok,Yok,Evet,Elektronik Çek,1,70.47,4783.59,0
CUST-14218,Erkek,30,Evet,Hayır,53,2 Yıllık,DSL,Var,Var,Evet,Elektronik Çek,1,57.32,3020.77,0
CUST-14219,Kadın,30,Evet,Hayır,52,Aylık,Fiber,Yok,Yok,Evet,Otomatik Ödeme,2,93.36,4868.38,0
CUST-14220,Erkek,37,Hayır,Hayır,26,2 Yıllık,Fiber,Yok,Yok,Hayır,Posta Çeki,0,86.42,2374.01,0
CUST-14221,Erkek,64,Evet,Hayır,36,Aylık,DSL,Yok,Yok,Hayır,Posta Çeki,2,58.12,2106.7,1
CUST-14222,Erkek,52,Evet,Hayır,54,Aylık,DSL,Yok,Yok,Hayır,Posta Çeki,0,58.72,2984.31,0
CUST-14223,Kadın,62,Evet,Hayır,35,Aylık,DSL,Var,Var,Evet,Posta Çeki,1,72.15,2607.75,0
CUST-14224,Kadın,51,Evet,Hayır,21,Aylık,DSL,Var,Var,Hayır,Elektronik Çek,4,61.01,1317.7,1
CUST-14225,Erkek,26,Evet,Evet,43,2 Yıllık,Fiber,Yok,Yok,Evet,Posta Çeki,2,75.67,3062.52,0
CUST-14226,Kadın,37,Hayır,Evet,32,2 Yıllık,DSL,Var,Yok,Hayır,Elektronik Çek,1,55.98,1789.48,0
CUST-14227,Erkek,54,Evet,Hayır,25,2 Yıllık,Fiber,Var,Yok,Evet,Otomatik Ödeme,2,71.31,1756.89,1
CUST-14228,Erkek,38,Hayır,Hayır,4,Aylık,Fiber,Yok,Yok,Hayır,Otomatik Ödeme,4,81.57,320.29,1
CUST-14229,Kadın,55,Evet,Hayır,38,Aylık,DSL,Yok,Yok,Evet,Elektronik Çek,1,46.66,1879.33,0
CUST-14230,Erkek,42,Hayır,Hayır,72,1 Yıllık,DSL,Yok,Yok,Hayır,Posta Çeki,2,64.03,4399.88,0
CUST-14231,Kadın,53,Hayır,Hayır,50,2 Yıllık,Fiber,Var,Var,Evet,Otomatik Ödeme,2,91.72,4359.46,0
CUST-14232,Kadın,64,Hayır,Hayır,33,Aylık,Fiber,Yok,Var,Evet,Otomatik Ödeme,1,75.22,2675.97,1
CUST-14233,Kadın,48,Hayır,Hayır,48,2 Yıllık,DSL,Yok,Yok,Evet,Posta Çeki,1,74.64,3523.67,0
CUST-14234,Erkek,60,Evet,Hayır,11,Aylık,Yok,Var,Var,Hayır,Elektronik Çek,1,27.76,289.07,0
CUST-14235,Erkek,58,Evet,Hayır,30,1 Yıllık,Fiber,Yok,Var,Evet,Otomatik Ödeme,2,98.53,3142.48,0
CUST-14236,Kadın,44,Hayır,Hayır,47,Aylık,Fiber,Var,Var,Evet,Posta Çeki,1,83.6,3706.67,0
CUST-14237,Kadın,20,Evet,Evet,33,2 Yıllık,DSL,Yok,Yok,Evet,Elektronik Çek,0,67.93,2195.55,0
CUST-14238,Erkek,18,Evet,Hayır,72,2 Yıllık,Fiber,Yok,Yok,Evet,Elektronik Çek,2,81.44,5726.19,0
CUST-14239,Kadın,33,Hayır,Hayır,43,Aylık,DSL,Yok,Yok,Hayır,Elektronik Çek,2,65.9,2643.69,1
CUST-14240,Kadın,59,Evet,Hayır,14,Aylık,Fiber,Yok,Yok,Evet,Otomatik Ödeme,1,97.72,1444.72,1
CUST-14241,Kadın,37,Hayır,Hayır,59,Aylık,DSL,Yok,Yok,Evet,Elektronik Çek,2,83.52,4584.21,0
CUST-14242,Erkek,62,Hayır,Evet,22,Aylık,Fiber,Var,Yok,Hayır,Otomatik Ödeme,2,72.66,1540.43,1
CUST-14243,Kadın,27,Evet,Hayır,50,Aylık,DSL,Var,Yok,Hayır,Elektronik Çek,0,58.78,2929.69,0
CUST-14244,Erkek,32,Evet,Hayır,70,Aylık,Fiber,Var,Var,Evet,Elektronik Çek,2,97.58,7335.99,1
CUST-14245,Erkek,18,Hayır,Hayır,14,Aylık,DSL,Var,Var,Hayır,Posta Çeki,0,69.47,1043.35,0
CUST-14246,Erkek,42,Evet,Evet,12,Aylık,DSL,Yok,Var,Evet,Elektronik Çek,1,46.69,536.55,0
CUST-14247,Kadın,47,Hayır,Hayır,57,Aylık,DSL,Yok,Yok,Hayır,Posta Çeki,1,65.83,3552.95,1
CUST-14248,Kadın,63,Evet,Evet,40,2 Yıllık,Fiber,Yok,Var,Evet,Otomatik Ödeme,3,91.52,3621.52,0
CUST-14249,Erkek,78,Evet,Hayır,12,Aylık,Yok,Yok,Yok,Evet,Posta Çeki,0,37.93,426.93,1
CUST-14250,Erkek,20,Hayır,Hayır,34,2 Yıllık,DSL,Yok,Var,Hayır,Otomatik Ödeme,2,57.81,2010.09,0
CUST-14251,Kadın,47,Evet,Evet,17,Aylık,Fiber,Var,Yok,Hayır,Elektronik Çek,1,84.62,1367.79,0
CUST-14252,Kadın,40,Hayır,Hayır,69,Aylık,Yok,Yok,Yok,Hayır,Elektronik Çek,1,18.33,1214.36,0
CUST-14253,Kadın,34,Hayır,Hayır,27,2 Yıllık,Fiber,Yok,Yok,Hayır,Otomatik Ödeme,0,80.14,2248.82,0
CUST-14254,Erkek,40,Hayır,Hayır,59,Aylık,Fiber,Var,Yok,Hayır,Otomatik Ödeme,1,93.01,5683.26,1
CUST-14255,Kadın,43,Hayır,Evet,31,Aylık,Fiber,Yok,Yok,Evet,Otomatik Ödeme,3,84.87,2712.31,1
CUST-14256,Erkek,26,Evet,Evet,5,Aylık,DSL,Yok,Yok,Evet,Elektronik Çek,4,74.45,397.53,1
CUST-14257,Kadın,38,Hayır,Hayır,2,2 Yıllık,DSL,Var,Var,Evet,Otomatik Ödeme,0,63.53,128.53,0
CUST-14258,Kadın,56,Evet,Hayır,33,Aylık,Fiber,Var,Yok,Evet,Otomatik Ödeme,1,67.27,2100.6,1
CUST-14259,Erkek,30,Hayır,Evet,36,Aylık,Yok,Yok,Var,Hayır,Elektronik Çek,2,18.0,644.97,0
CUST-14260,Kadın,44,Evet,Hayır,25,Aylık,Fiber,Yok,Yok,Evet,Posta Çeki,2,87.08,2039.26,0
CUST-14261,Kadın,40,Hayır,Hayır,65,Aylık,DSL,Yok,Yok,Evet,Elektronik Çek,0,57.75,4031.33,0
CUST-14262,Erkek,69,Hayır,Hayır,17,2 Yıllık,Fiber,Yok,Yok,Hayır,Elektronik Çek,0,92.35,1582.38,1
CUST-14263,Kadın,35,Hayır,Hayır,27,Aylık,Fiber,Yok,Yok,Evet,Otomatik Ödeme,2,96.37,2419.24,1
CUST-14264,Erkek,19,Hayır,Hayır,19,1 Yıllık,Fiber,Var,Yok,Hayır,Otomatik Ödeme,4,85.86,1518.63,0
CUST-14265,Kadın,51,Evet,Hayır,20,2 Yıllık,DSL,Var,Yok,Evet,Otomatik Ödeme,0,54.21,1153.06,0
CUST-14266,Kadın,64,Evet,Hayır,54,Aylık,Fiber,Var,Var,Evet,Otomatik Ödeme,0,68.04,3883.42,0
CUST-14267,Kadın,55,Evet,Hayır,8,Aylık,DSL,Var,Yok,Evet,Otomatik Ödeme,2,64.61,501.67,1
CUST-14268,Kadın,32,Evet,Hayır,5,Aylık,Yok,Yok,Var,Evet,Otomatik Ödeme,0,48.34,240.73,0
CUST-14269,Erkek,41,Hayır,Evet,36,Aylık,Yok,Yok,Var,Evet,Otomatik Ödeme,1,18.0,682.41,0
CUST-14270,Erkek,50,Evet,Hayır,10,Aylık,Fiber,Var,Yok,Evet,Otomatik Ödeme,1,108.59,1098.65,1
CUST-14271,Erkek,39,Hayır,Evet,23,Aylık,Fiber,Var,Yok,Hayır,Posta Çeki,2,72.04,1656.25,1
CUST-14272,Kadın,40,Hayır,Hayır,66,Aylık,DSL,Var,Yok,Hayır,Elektronik Çek,7,49.43,3056.11,0
CUST-14273,Kadın,36,Evet,Hayır,70,1 Yıllık,Fiber,Yok,Yok,Hayır,Elektronik Çek,4,85.45,6138.26,0
CUST-14274,Kadın,44,Hayır,Hayır,14,Aylık,Fiber,Yok,Yok,Evet,Posta Çeki,0,80.86,1152.16,1
CUST-14275,Erkek,41,Evet,Hayır,35,2 Yıllık,Fiber,Yok,Yok,Evet,Otomatik Ödeme,2,86.22,3020.56,0
CUST-14276,Kadın,28,Hayır,Hayır,16,Aylık,Fiber,Var,Yok,Evet,Otomatik Ödeme,2,91.15,1485.67,1
CUST-14277,Erkek,18,Hayır,Hayır,9,Aylık,Fiber,Var,Var,Evet,Otomatik Ödeme,2,79.73,703.62,1
CUST-14278,Erkek,47,Hayır,Evet,15,Aylık,Fiber,Var,Var,Hayır,Otomatik Ödeme,0,75.21,1112.34,0
CUST-14279,Kadın,54,Evet,Hayır,25,Aylık,Fiber,Var,Var,Hayır,Elektronik Çek,1,93.22,2358.07,1
CUST-14280,Kadın,50,Hayır,Evet,7,Aylık,Yok,Yok,Yok,Hayır,Otomatik Ödeme,2,38.6,269.37,1
CUST-14281,Erkek,34,Hayır,Evet,26,1 Yıllık,DSL,Yok,Var,Evet,Posta Çeki,2,64.8,1658.95,0
CUST-14282,Erkek,35,Evet,Hayır,27,2 Yıllık,DSL,Yok,Yok,Evet,Otomatik Ödeme,1,61.06,1714.28,1
CUST-14283,Erkek,52,Hayır,Evet,7,Aylık,DSL,Var,Yok,Evet,Elektronik Çek,1,63.5,425.52,1
CUST-14284,Kadın,49,Evet,Hayır,11,1 Yıllık,Yok,Yok,Yok,Hayır,Otomatik Ödeme,3,45.09,457.84,1
CUST-14285,Erkek,22,Evet,Evet,54,Aylık,DSL,Var,Var,Hayır,Elektronik Çek,0,78.02,4326.61,0
CUST-14286,Kadın,37,Hayır,Evet,51,Aylık,Yok,Yok,Var,Hayır,Otomatik Ödeme,1,42.82,2325.36,1
CUST-14287,Erkek,55,Hayır,Hayır,24,Aylık,Fiber,Var,Yok,Evet,Otomatik Ödeme,1,84.74,2133.37,1
CUST-14288,Erkek,47,Hayır,Hayır,69,2 Yıllık,Fiber,Var,Yok,Evet,Elektronik Çek,2,77.0,5665.55,0
CUST-14289,Kadın,46,Hayır,Evet,13,Aylık,DSL,Yok,Var,Hayır,Elektronik Çek,1,50.32,622.63,1
CUST-14290,Erkek,33,Hayır,Hayır,9,1 Yıllık,Fiber,Var,Yok,Hayır,Elektronik Çek,1,83.93,752.56,0
CUST-14291,Kadın,42,Hayır,Hayır,6,Aylık,Fiber,Yok,Yok,Hayır,Elektronik Çek,4,60.76,362.92,1
CUST-14292,Erkek,18,Hayır,Hayır,5,1 Yıllık,Fiber,Yok,Yok,Evet,Otomatik Ödeme,3,72.28,363.53,1
CUST-14293,Erkek,35,Hayır,Hayır,26,Aylık,Fiber,Var,Yok,Evet,Posta Çeki,3,111.45,2701.1,1
CUST-14294,Erkek,18,Evet,Hayır,34,Aylık,Yok,Yok,Var,Evet,Otomatik Ödeme,0,45.77,1604.91,1
CUST-14295,Kadın,30,Hayır,Evet,24,1 Yıllık,Fiber,Var,Yok,Evet,Elektronik Çek,1,88.38,1978.97,0
CUST-14296,Erkek,44,Evet,Evet,27,Aylık,Yok,Yok,Yok,Evet,Otomatik Ödeme,1,36.92,1064.11,0
CUST-14297,Kadın,74,Hayır,Evet,35,Aylık,Fiber,Var,Yok,Hayır,Posta Çeki,1,74.76,2820.25,1
CUST-14298,Erkek,56,Hayır,Evet,3,2 Yıllık,Yok,Yok,Var,Evet,Otomatik Ödeme,1,37.47,117.96,1
CUST-14299,Erkek,44,Evet,Hayır,43,Aylık,Yok,Yok,Yok,Evet,Otomatik Ödeme,3,22.22,973.73,1
CUST-14300,Kadın,43,Hayır,Hayır,72,Aylık,Fiber,Yok,Yok,Evet,Posta Çeki,1,86.58,6607.35,0
CUST-14301,Erkek,33,Hayır,Hayır,49,Aylık,DSL,Var,Yok,Evet,Posta Çeki,0,74.4,3726.85,0
CUST-14302,Kadın,60,Hayır,Hayır,51,Aylık,DSL,Var,Var,Evet,Otomatik Ödeme,3,66.97,3675.81,0
CUST-14303,Kadın,47,Evet,Hayır,14,Aylık,DSL,Var,Var,Hayır,Elektronik Çek,2,51.26,669.49,1
CUST-14304,Erkek,29,Evet,Hayır,38,Aylık,Yok,Var,Yok,Evet,Otomatik Ödeme,2,18.0,702.54,0
CUST-14305,Kadın,49,Hayır,Evet,43,1 Yıllık,DSL,Yok,Yok,Evet,Otomatik Ödeme,1,85.67,3560.4,0
CUST-14306,Kadın,41,Evet,Hayır,8,2 Yıllık,DSL,Var,Yok,Evet,Posta Çeki,2,73.17,625.91,0
CUST-14307,Erkek,47,Hayır,Evet,31,1 Yıllık,Fiber,Yok,Yok,Evet,Posta Çeki,2,89.79,2973.12,0
CUST-14308,Kadın,55,Hayır,Evet,36,Aylık,DSL,Yok,Yok,Evet,Otomatik Ödeme,2,58.19,2163.17,0
CUST-14309,Kadın,35,Hayır,Hayır,26,Aylık,Yok,Var,Var,Evet,Otomatik Ödeme,2,34.79,873.62,0
CUST-14310,Erkek,51,Evet,Evet,11,1 Yıllık,DSL,Var,Yok,Hayır,Elektronik Çek,4,59.66,699.47,1
CUST-14311,Erkek,30,Evet,Hayır,14,2 Yıllık,Yok,Yok,Yok,Evet,Otomatik Ödeme,3,36.11,509.51,0
CUST-14312,Erkek,18,Hayır,Hayır,20,1 Yıllık,Yok,Var,Yok,Hayır,Otomatik Ödeme,1,40.72,751.87,0
CUST-14313,Erkek,29,Evet,Hayır,0,Aylık,DSL,Yok,Var,Evet,Otomatik Ödeme,1,84.07,0.0,1
CUST-14314,Erkek,39,Hayır,Hayır,18,Aylık,DSL,Var,Yok,Evet,Otomatik Ödeme,0,42.3,796.46,0
CUST-14315,Kadın,61,Evet,Hayır,61,2 Yıllık,Fiber,Yok,Var,Evet,Elektronik Çek,1,86.04,5138.88,0
CUST-14316,Erkek,47,Evet,Hayır,27,Aylık,DSL,Var,Yok,Hayır,Otomatik Ödeme,2,58.04,1453.13,1
CUST-14317,Kadın,58,Hayır,Evet,46,Aylık,DSL,Yok,Var,Evet,Posta Çeki,2,48.59,2412.41,0
CUST-14318,Kadın,38,Hayır,Hayır,32,2 Yıllık,Fiber,Var,Yok,Hayır,Elektronik Çek,3,78.22,2484.47,0
CUST-14319,Kadın,37,Hayır,Evet,18,Aylık,Fiber,Var,Var,Hayır,Otomatik Ödeme,2,73.55,1425.49,1
CUST-14320,Erkek,46,Evet,Hayır,27,2 Yıllık,Yok,Yok,Yok,Hayır,Otomatik Ödeme,1,38.54,1107.27,0
CUST-14321,Erkek,50,Hayır,Hayır,10,Aylık,Fiber,Var,Var,Hayır,Elektronik Çek,0,87.69,861.2,0
CUST-14322,Erkek,30,Hayır,Evet,15,Aylık,Yok,Var,Yok,Evet,Otomatik Ödeme,1,36.28,582.83,1
CUST-14323,Erkek,28,Hayır,Evet,16,Aylık,DSL,Var,Yok,Hayır,Otomatik Ödeme,1,46.08,789.67,0
CUST-14324,Kadın,52,Hayır,Hayır,43,1 Yıllık,Yok,Var,Yok,Hayır,Elektronik Çek,2,18.0,756.16,0
CUST-14325,Kadın,47,Evet,Hayır,41,Aylık,DSL,Yok,Yok,Evet,Otomatik Ödeme,3,67.57,2943.62,0
CUST-14326,Kadın,69,Evet,Hayır,36,2 Yıllık,DSL,Var,Var,Evet,Posta Çeki,1,43.5,1623.74,1
CUST-14327,Erkek,36,Evet,Hayır,16,Aylık,Fiber,Yok,Yok,Evet,Elektronik Çek,1,98.84,1642.52,1
CUST-14328,Kadın,42,Hayır,Evet,1,1 Yıllık,DSL,Var,Yok,Evet,Elektronik Çek,0,71.09,70.86,0
CUST-14329,Kadın,40,Hayır,Hayır,19,Aylık,Yok,Yok,Var,Evet,Otomatik Ödeme,1,19.0,384.78,0
CUST-14330,Kadın,40,Hayır,Hayır,37,Aylık,Fiber,Yok,Yok,Evet,Elektronik Çek,5,85.11,3173.63,1
CUST-14331,Erkek,44,Evet,Hayır,32,Aylık,Yok,Var,Yok,Evet,Elektronik Çek,2,18.0,572.67,0
CUST-14332,Kadın,35,Hayır,Hayır,36,1 Yıllık,Fiber,Yok,Var,Evet,Elektronik Çek,0,75.17,2860.82,0
CUST-14333,Kadın,47,Evet,Evet,21,Aylık,DSL,Yok,Yok,Evet,Otomatik Ödeme,1,75.81,1632.61,0
CUST-14334,Erkek,62,Hayır,Hayır,45,1 Yıllık,Yok,Var,Yok,Evet,Otomatik Ödeme,0,45.5,2084.21,0
CUST-14335,Erkek,71,Evet,Hayır,27,Aylık,Yok,Yok,Var,Evet,Otomatik Ödeme,1,58.32,1483.86,0
CUST-14336,Kadın,39,Evet,Hayır,10,1 Yıllık,Fiber,Yok,Yok,Hayır,Otomatik Ödeme,1,62.77,578.77,0
CUST-14337,Kadın,41,Hayır,Hayır,49,2 Yıllık,DSL,Yok,Yok,Hayır,Posta Çeki,1,78.36,3678.58,0
CUST-14338,Erkek,40,Hayır,Hayır,10,Aylık,DSL,Yok,Var,Evet,Posta Çeki,2,63.36,604.54,1
CUST-14339,Kadın,42,Evet,Hayır,16,Aylık,Yok,Var,Var,Evet,Otomatik Ödeme,1,36.18,535.66,0
CUST-14340,Erkek,27,Evet,Evet,4,2 Yıllık,DSL,Yok,Yok,Hayır,Otomatik Ödeme,2,52.53,224.78,0
CUST-14341,Erkek,47,Evet,Evet,54,2 Yıllık,Yok,Var,Yok,Hayır,Elektronik Çek,1,32.7,1802.51,0
CUST-14342,Kadın,64,Hayır,Hayır,24,2 Yıllık,DSL,Yok,Var,Hayır,Posta Çeki,3,68.58,1588.76,0
CUST-14343,Erkek,42,Hayır,Hayır,47,Aylık,DSL,Yok,Yok,Evet,Otomatik Ödeme,2,64.08,2922.51,1
CUST-14344,Kadın,43,Evet,Hayır,40,Aylık,Fiber,Var,Yok,Evet,Otomatik Ödeme,2,64.67,2521.86,1
CUST-14345,Kadın,29,Hayır,Evet,5,Aylık,Fiber,Yok,Yok,Evet,Otomatik Ödeme,1,79.72,406.56,1
CUST-14346,Erkek,32,Hayır,Hayır,30,Aylık,Fiber,Var,Var,Evet,Posta Çeki,1,56.24,1552.51,0
CUST-14347,Kadın,38,Evet,Evet,14,Aylık,Yok,Yok,Var,Evet,Otomatik Ödeme,1,37.52,530.55,1
CUST-14348,Kadın,37,Hayır,Hayır,24,Aylık,Yok,Yok,Yok,Evet,Otomatik Ödeme,1,25.79,637.5,0
CUST-14349,Kadın,18,Hayır,Hayır,7,Aylık,Yok,Var,Yok,Evet,Elektronik Çek,1,36.65,266.21,0
CUST-14350,Kadın,34,Hayır,Hayır,34,Aylık,Fiber,Yok,Var,Evet,Otomatik Ödeme,0,64.52,2272.99,0
CUST-14351,Kadın,29,Hayır,Hayır,40,Aylık,Yok,Yok,Var,Evet,Elektronik Çek,1,37.08,1424.97,1
CUST-14352,Kadın,49,Hayır,Evet,33,Aylık,DSL,Yok,Yok,Hayır,Otomatik Ödeme,2,42.3,1428.69,0
CUST-14353,Erkek,18,Hayır,Evet,38,1 Yıllık,Fiber,Yok,Yok,Evet,Posta Çeki,3,87.94,3308.78,0
CUST-14354,Kadın,54,Hayır,Hayır,24,Aylık,DSL,Yok,Yok,Evet,Otomatik Ödeme,3,62.22,1574.59,1
CUST-14355,Erkek,43,Hayır,Evet,38,2 Yıllık,Fiber,Var,Var,Evet,Otomatik Ödeme,2,106.18,3746.61,0
CUST-14356,Kadın,42,Hayır,Evet,12,2 Yıllık,DSL,Var,Yok,Evet,Elektronik Çek,3,41.94,523.64,0
CUST-14357,Kadın,39,Evet,Hayır,6,2 Yıllık,Yok,Yok,Var,Hayır,Otomatik Ödeme,0,59.1,335.7,0
CUST-14358,Kadın,37,Evet,Hayır,44,1 Yıllık,Fiber,Yok,Yok,Hayır,Elektronik Çek,0,94.31,4015.06,0
CUST-14359,Erkek,37,Hayır,Hayır,19,Aylık,Fiber,Yok,Yok,Hayır,Posta Çeki,0,98.24,1951.88,1
CUST-14360,Kadın,29,Hayır,Hayır,38,Aylık,Fiber,Yok,Yok,Evet,Posta Çeki,0,68.09,2692.01,1
CUST-14361,Kadın,30,Evet,Hayır,14,Aylık,DSL,Var,Yok,Hayır,Elektronik Çek,2,60.25,819.35,1
CUST-14362,Erkek,36,Hayır,Evet,29,Aylık,DSL,Var,Yok,Evet,Elektronik Çek,0,46.05,1260.76,1
CUST-14363,Erkek,45,Hayır,Hayır,54,Aylık,Yok,Var,Yok,Evet,Otomatik Ödeme,1,44.72,2477.48,0
CUST-14364,Kadın,41,Evet,Hayır,18,2 Yıllık,Fiber,Var,Yok,Hayır,Otomatik Ödeme,1,96.6,1868.44,0
CUST-14365,Erkek,50,Hayır,Evet,72,2 Yıllık,Fiber,Yok,Yok,Evet,Otomatik Ödeme,3,90.66,6458.65,0
CUST-14366,Erkek,51,Hayır,Hayır,21,1 Yıllık,Yok,Var,Var,Evet,Otomatik Ödeme,1,46.82,914.59,1
CUST-14367,Erkek,45,Hayır,Evet,33,Aylık,Fiber,Var,Var,Evet,Posta Çeki,3,85.11,2956.69,1
CUST-14368,Kadın,33,Evet,Evet,35,2 Yıllık,Fiber,Yok,Yok,Evet,Otomatik Ödeme,3,81.69,2682.72,0
CUST-14369,Erkek,54,Evet,Evet,14,1 Yıllık,DSL,Yok,Yok,Evet,Elektronik Çek,1,59.19,850.3,0
CUST-14370,Kadın,28,Hayır,Hayır,7,Aylık,Yok,Yok,Var,Evet,Posta Çeki,1,25.0,167.36,0
CUST-14371,Erkek,56,Evet,Hayır,10,Aylık,DSL,Yok,Yok,Evet,Elektronik Çek,4,67.02,641.47,1
CUST-14372,Erkek,51,Evet,Evet,19,Aylık,Yok,Yok,Yok,Hayır,Posta Çeki,1,26.43,525.11,1
CUST-14373,Kadın,60,Evet,Evet,45,Aylık,Yok,Yok,Yok,Hayır,Otomatik Ödeme,0,60.31,2614.04,0
CUST-14374,Kadın,50,Hayır,Evet,31,2 Yıllık,DSL,Yok,Yok,Evet,Otomatik Ödeme,0,67.15,2212.52,0
CUST-14375,Kadın,49,Evet,Evet,17,Aylık,DSL,Yok,Yok,Evet,Elektronik Çek,1,40.38,653.3,0
CUST-14376,Erkek,28,Hayır,Evet,63,Aylık,Fiber,Yok,Yok,Hayır,Elektronik Çek,5,61.15,3560.84,1
CUST-14377,Erkek,18,Evet,Evet,21,Aylık,Yok,Yok,Var,Evet,Otomatik Ödeme,3,18.0,378.36,0
CUST-14378,Erkek,51,Hayır,Hayır,20,2 Yıllık,Yok,Yok,Yok,Evet,Posta Çeki,1,28.16,546.39,0
CUST-14379,Kadın,49,Hayır,Hayır,72,Aylık,Fiber,Yok,Yok,Evet,Elektronik Çek,2,89.59,6649.93,1
CUST-14380,Kadın,29,Hayır,Hayır,9,1 Yıllık,Fiber,Var,Var,Evet,Posta Çeki,0,87.48,836.21,0
CUST-14381,Erkek,57,Evet,Hayır,20,Aylık,Fiber,Yok,Var,Evet,Otomatik Ödeme,2,87.26,1879.01,0
CUST-14382,Erkek,29,Hayır,Hayır,43,1 Yıllık,Yok,Yok,Var,Evet,Elektronik Çek,2,18.0,740.51,0
CUST-14383,Kadın,39,Evet,Hayır,23,2 Yıllık,DSL,Var,Var,Evet,Elektronik Çek,3,75.28,1808.3,0
CUST-14384,Kadın,46,Evet,Evet,32,2 Yıllık,DSL,Yok,Yok,Evet,Posta Çeki,1,75.09,2294.1,1
CUST-14385,Erkek,23,Hayır,Hayır,48,2 Yıllık,Fiber,Yok,Yok,Hayır,Elektronik Çek,3,94.45,4713.39,0
CUST-14386,Kadın,45,Hayır,Evet,39,Aylık,Yok,Yok,Yok,Evet,Elektronik Çek,1,37.84,1589.38,0
CUST-14387,Erkek,62,Evet,Hayır,4,Aylık,Fiber,Var,Var,Evet,Otomatik Ödeme,2,88.09,372.68,1
CUST-14388,Kadın,25,Hayır,Hayır,67,Aylık,Fiber,Var,Yok,Evet,Otomatik Ödeme,2,80.67,5471.2,0
CUST-14389,Kadın,18,Hayır,Hayır,51,Aylık,Yok,Var,Yok,Evet,Otomatik Ödeme,3,35.56,1903.56,0
CUST-14390,Kadın,18,Hayır,Hayır,18,Aylık,DSL,Var,Yok,Evet,Elektronik Çek,4,55.89,1016.61,0
CUST-14391,Erkek,33,Hayır,Hayır,52,1 Yıllık,Fiber,Var,Var,Hayır,Otomatik Ödeme,1,105.44,5312.66,0
CUST-14392,Erkek,52,Hayır,Evet,65,Aylık,DSL,Yok,Yok,Hayır,Elektronik Çek,1,52.9,3671.58,0
CUST-14393,Erkek,42,Hayır,Hayır,45,Aylık,DSL,Var,Yok,Hayır,Elektronik Çek,0,46.32,2057.5,1
CUST-14394,Erkek,52,Hayır,Evet,24,1 Yıllık,DSL,Yok,Yok,Hayır,Elektronik Çek,3,76.01,1845.69,1
CUST-14395,Kadın,44,Hayır,Hayır,40,1 Yıllık,DSL,Yok,Yok,Hayır,Posta Çeki,1,67.32,2668.7,0
CUST-14396,Erkek,72,Hayır,Evet,58,2 Yıllık,Fiber,Yok,Var,Evet,Otomatik Ödeme,3,106.28,5855.91,0
CUST-14397,Kadın,18,Evet,Hayır,46,Aylık,Fiber,Yok,Yok,Evet,Posta Çeki,1,68.62,3327.92,0
CUST-14398,Kadın,56,Evet,Hayır,26,Aylık,Fiber,Var,Yok,Evet,Elektronik Çek,1,98.78,2574.45,0
CUST-14399,Erkek,56,Evet,Evet,39,1 Yıllık,DSL,Var,Var,Hayır,Otomatik Ödeme,0,78.81,3056.52,0
CUST-14400,Kadın,55,Hayır,Hayır,44,Aylık,DSL,Yok,Yok,Evet,Otomatik Ödeme,0,48.88,2243.61,1
CUST-14401,Kadın,46,Hayır,Hayır,21,1 Yıllık,DSL,Yok,Yok,Hayır,Otomatik Ödeme,0,62.13,1300.17,0
CUST-14402,Kadın,42,Evet,Hayır,36,Aylık,Fiber,Yok,Yok,Hayır,Elektronik Çek,1,82.35,3158.15,1
CUST-14403,Erkek,42,Hayır,Hayır,72,Aylık,Fiber,Var,Var,Hayır,Otomatik Ödeme,1,55.74,4001.04,0
CUST-14404,Kadın,22,Hayır,Evet,49,1 Yıllık,Yok,Yok,Yok,Evet,Elektronik Çek,2,63.73,2885.15,0
CUST-14405,Kadın,56,Evet,Evet,72,1 Yıllık,DSL,Yok,Yok,Evet,Elektronik Çek,0,59.84,4039.41,0
CUST-14406,Erkek,44,Hayır,Evet,52,Aylık,Fiber,Yok,Var,Hayır,Otomatik Ödeme,2,72.42,3828.99,0
CUST-14407,Erkek,45,Evet,Hayır,10,Aylık,Fiber,Yok,Yok,Evet,Elektronik Çek,3,99.42,986.06,1
CUST-14408,Kadın,29,Evet,Hayır,46,1 Yıllık,Fiber,Yok,Yok,Evet,Otomatik Ödeme,0,105.99,4636.68,0
CUST-14409,Kadın,47,Hayır,Hayır,72,Aylık,DSL,Yok,Yok,Hayır,Posta Çeki,0,43.18,3281.36,0
CUST-14410,Erkek,78,Evet,Evet,69,Aylık,DSL,Var,Var,Hayır,Otomatik Ödeme,3,56.75,3613.22,0
CUST-14411,Kadın,56,Evet,Hayır,12,Aylık,Fiber,Yok,Yok,Evet,Elektronik Çek,1,90.13,1071.1,0
CUST-14412,Kadın,44,Evet,Hayır,11,Aylık,DSL,Yok,Yok,Evet,Otomatik Ödeme,2,63.0,666.32,1
CUST-14413,Erkek,29,Evet,Hayır,3,Aylık,Fiber,Var,Yok,Hayır,Elektronik Çek,1,92.84,286.48,1
CUST-14414,Erkek,55,Evet,Hayır,17,Aylık,DSL,Var,Yok,Evet,Elektronik Çek,0,80.12,1323.06,1
CUST-14415,Kadın,44,Evet,Evet,30,Aylık,Fiber,Yok,Yok,Hayır,Posta Çeki,2,59.2,1689.33,1
CUST-14416,Kadın,62,Evet,Hayır,18,Aylık,Fiber,Yok,Yok,Evet,Posta Çeki,1,95.0,1643.83,1
CUST-14417,Kadın,40,Hayır,Hayır,32,Aylık,Yok,Yok,Yok,Evet,Posta Çeki,1,34.75,1159.09,0
CUST-14418,Erkek,48,Hayır,Evet,60,2 Yıllık,DSL,Yok,Yok,Evet,Otomatik Ödeme,1,66.74,3808.31,0
CUST-14419,Erkek,18,Evet,Evet,46,2 Yıllık,DSL,Yok,Yok,Evet,Otomatik Ödeme,1,57.9,2681.24,0
CUST-14420,Erkek,41,Evet,Evet,39,Aylık,Fiber,Yok,Yok,Evet,Otomatik Ödeme,3,87.44,3461.43,1
CUST-14421,Kadın,41,Evet,Evet,17,Aylık,Fiber,Var,Yok,Hayır,Otomatik Ödeme,3,93.87,1549.16,1
CUST-14422,Kadın,47,Evet,Hayır,9,Aylık,Fiber,Yok,Yok,Hayır,Posta Çeki,1,74.27,711.17,1
CUST-14423,Erkek,52,Evet,Evet,38,Aylık,Fiber,Yok,Yok,Hayır,Elektronik Çek,2,93.06,3638.25,1
CUST-14424,Kadın,18,Evet,Hayır,21,Aylık,Fiber,Var,Yok,Evet,Otomatik Ödeme,1,101.72,2221.69,1
CUST-14425,Kadın,50,Hayır,Hayır,43,Aylık,Fiber,Yok,Yok,Hayır,Otomatik Ödeme,0,99.26,4022.7,0
CUST-14426,Kadın,53,Hayır,Hayır,16,Aylık,Yok,Yok,Var,Hayır,Otomatik Ödeme,1,21.98,366.28,0
CUST-14427,Erkek,47,Evet,Hayır,42,Aylık,Fiber,Yok,Yok,Evet,Otomatik Ödeme,0,88.16,3410.83,0
CUST-14428,Erkek,51,Hayır,Hayır,29,1 Yıllık,DSL,Var,Yok,Hayır,Otomatik Ödeme,1,64.52,1880.04,0
CUST-14429,Kadın,59,Evet,Hayır,22,Aylık,Fiber,Var,Yok,Hayır,Otomatik Ödeme,0,103.96,2212.69,0
CUST-14430,Erkek,33,Evet,Hayır,5,2 Yıllık,Fiber,Yok,Var,Hayır,Otomatik Ödeme,1,89.86,463.12,1
CUST-14431,Erkek,34,Evet,Evet,14,1 Yıllık,Yok,Yok,Var,Hayır,Otomatik Ödeme,2,25.73,367.28,0
CUST-14432,Erkek,33,Hayır,Hayır,14,Aylık,Fiber,Yok,Yok,Evet,Otomatik Ödeme,2,83.19,1089.95,1
CUST-14433,Kadın,60,Hayır,Evet,13,1 Yıllık,Fiber,Yok,Yok,Evet,Otomatik Ödeme,2,92.69,1126.46,1
CUST-14434,Erkek,19,Hayır,Hayır,39,2 Yıllık,Fiber,Var,Yok,Hayır,Elektronik Çek,2,80.84,3376.77,0
CUST-14435,Kadın,34,Hayır,Hayır,29,Aylık,Fiber,Var,Yok,Evet,Otomatik Ödeme,0,95.89,2994.14,0
CUST-14436,Erkek,33,Hayır,Evet,50,Aylık,Fiber,Yok,Yok,Evet,Elektronik Çek,3,80.38,3705.38,1
CUST-14437,Kadın,26,Hayır,Hayır,20,Aylık,Fiber,Yok,Var,Evet,Elektronik Çek,1,85.9,1739.62,1
CUST-14438,Kadın,51,Hayır,Hayır,11,Aylık,Fiber,Yok,Yok,Hayır,Otomatik Ödeme,2,83.21,875.77,1
CUST-14439,Erkek,41,Evet,Evet,13,Aylık,Fiber,Var,Yok,Evet,Posta Çeki,4,81.5,1055.27,0
CUST-14440,Erkek,18,Evet,Hayır,32,Aylık,DSL,Var,Yok,Evet,Elektronik Çek,0,62.12,2023.27,0
CUST-14441,Erkek,63,Hayır,Hayır,9,1 Yıllık,Yok,Yok,Yok,Evet,Elektronik Çek,1,39.44,328.36,0
CUST-14442,Erkek,44,Hayır,Hayır,7,Aylık,DSL,Yok,Var,Evet,Elektronik Çek,4,61.07,426.61,1
CUST-14443,Erkek,38,Evet,Evet,71,Aylık,Fiber,Yok,Var,Evet,Posta Çeki,3,81.22,5742.41,0
CUST-14444,Kadın,38,Evet,Hayır,21,2 Yıllık,Yok,Yok,Yok,Hayır,Otomatik Ödeme,1,36.29,735.4,0
CUST-14445,Erkek,18,Hayır,Hayır,32,Aylık,DSL,Yok,Yok,Hayır,Otomatik Ödeme,0,85.29,2782.0,1
CUST-14446,Kadın,46,Hayır,Hayır,9,Aylık,Yok,Var,Yok,Evet,Elektronik Çek,2,31.87,266.83,0
CUST-14447,Erkek,58,Hayır,Evet,72,2 Yıllık,DSL,Yok,Yok,Evet,Elektronik Çek,1,57.0,4312.87,0
CUST-14448,Kadın,68,Evet,Evet,56,1 Yıllık,Fiber,Yok,Yok,Evet,Elektronik Çek,2,89.51,4855.89,1
CUST-14449,Kadın,39,Evet,Evet,59,Aylık,Yok,Var,Var,Evet,Posta Çeki,0,28.05,1735.62,0
CUST-14450,Kadın,22,Evet,Hayır,22,Aylık,DSL,Yok,Yok,Evet,Otomatik Ödeme,2,35.08,726.96,1
CUST-14451,Kadın,22,Evet,Hayır,12,1 Yıllık,Fiber,Yok,Var,Evet,Otomatik Ödeme,2,78.05,928.83,0
CUST-14452,Kadın,48,Evet,Hayır,13,Aylık,DSL,Var,Yok,Evet,Elektronik Çek,1,56.82,684.63,1
CUST-14453,Kadın,45,Evet,Hayır,20,Aylık,Fiber,Yok,Var,Evet,Otomatik Ödeme,2,90.44,1766.71,1
CUST-14454,Erkek,38,Evet,Hayır,20,Aylık,Fiber,Yok,Yok,Hayır,Posta Çeki,1,82.57,1638.78,1
CUST-14455,Kadın,60,Hayır,Hayır,5,Aylık,DSL,Var,Var,Evet,Posta Çeki,0,74.1,398.73,0
CUST-14456,Kadın,27,Evet,Hayır,12,2 Yıllık,Yok,Yok,Yok,Evet,Posta Çeki,0,39.83,508.3,0
CUST-14457,Kadın,39,Evet,Hayır,50,1 Yıllık,DSL,Yok,Yok,Evet,Elektronik Çek,0,66.8,3581.55,0
CUST-14458,Erkek,40,Evet,Evet,36,2 Yıllık,Yok,Yok,Yok,Hayır,Elektronik Çek,2,38.61,1317.25,0
CUST-14459,Erkek,41,Evet,Hayır,72,Aylık,Fiber,Yok,Var,Evet,Posta Çeki,1,96.72,6549.18,0
CUST-14460,Kadın,57,Evet,Hayır,10,Aylık,DSL,Yok,Yok,Evet,Posta Çeki,1,54.2,553.11,1
CUST-14461,Erkek,50,Evet,Evet,30,Aylık,Fiber,Var,Yok,Evet,Elektronik Çek,1,75.39,2280.27,0
CUST-14462,Kadın,42,Hayır,Hayır,13,Aylık,Yok,Var,Yok,Evet,Otomatik Ödeme,2,40.32,529.85,0
CUST-14463,Kadın,41,Evet,Hayır,21,Aylık,Fiber,Yok,Var,Evet,Otomatik Ödeme,0,77.31,1739.91,1
CUST-14464,Kadın,47,Hayır,Evet,18,Aylık,Fiber,Yok,Yok,Evet,Elektronik Çek,2,81.51,1545.74,1
CUST-14465,Kadın,20,Evet,Hayır,61,Aylık,DSL,Yok,Yok,Evet,Otomatik Ödeme,4,75.81,4680.79,0
CUST-14466,Kadın,18,Hayır,Hayır,72,Aylık,Fiber,Var,Yok,Evet,Elektronik Çek,3,88.49,6688.92,0
CUST-14467,Erkek,44,Hayır,Hayır,27,2 Yıllık,Fiber,Yok,Yok,Evet,Elektronik Çek,1,87.65,2449.55,0
CUST-14468,Kadın,47,Evet,Evet,27,Aylık,Yok,Var,Yok,Evet,Elektronik Çek,0,33.16,854.22,0
CUST-14469,Kadın,18,Evet,Evet,23,1 Yıllık,Fiber,Yok,Yok,Hayır,Posta Çeki,1,85.28,2106.52,0
CUST-14470,Erkek,49,Evet,Hayır,21,Aylık,Fiber,Yok,Yok,Evet,Otomatik Ödeme,0,86.05,1769.98,1
CUST-14471,Erkek,24,Evet,Hayır,4,Aylık,DSL,Var,Var,Evet,Elektronik Çek,3,70.5,261.12,0
CUST-14472,Kadın,18,Hayır,Evet,26,2 Yıllık,Yok,Yok,Var,Hayır,Elektronik Çek,3,25.36,666.15,0
CUST-14473,Kadın,61,Hayır,Evet,58,Aylık,Fiber,Var,Var,Evet,Otomatik Ödeme,2,71.85,4016.44,0
CUST-14474,Kadın,53,Evet,Evet,36,Aylık,DSL,Yok,Yok,Hayır,Otomatik Ödeme,0,68.9,2667.98,1
CUST-14475,Kadın,73,Hayır,Hayır,59,Aylık,Fiber,Var,Var,Hayır,Otomatik Ödeme,0,93.8,5638.1,0
CUST-14476,Kadın,51,Hayır,Hayır,16,Aylık,Yok,Yok,Yok,Hayır,Otomatik Ödeme,0,26.6,392.51,1
CUST-14477,Kadın,42,Hayır,Evet,31,Aylık,DSL,Yok,Var,Hayır,Otomatik Ödeme,1,69.69,2014.26,0
CUST-14478,Erkek,80,Evet,Evet,22,1 Yıllık,DSL,Yok,Var,Evet,Otomatik Ödeme,3,44.92,987.04,0
CUST-14479,Kadın,35,Hayır,Hayır,22,1 Yıllık,DSL,Yok,Yok,Evet,Otomatik Ödeme,0,57.33,1300.49,0
CUST-14480,Erkek,38,Hayır,Evet,22,Aylık,Fiber,Yok,Yok,Evet,Otomatik Ödeme,1,103.8,2132.25,0
CUST-14481,Erkek,30,Hayır,Evet,72,Aylık,Fiber,Var,Var,Hayır,Otomatik Ödeme,1,83.48,6091.94,0
CUST-14482,Erkek,48,Evet,Evet,67,Aylık,Fiber,Yok,Var,Hayır,Elektronik Çek,2,94.99,6584.22,1
CUST-14483,Kadın,52,Evet,Evet,29,2 Yıllık,Fiber,Yok,Var,Evet,Elektronik Çek,1,73.95,1976.57,0
CUST-14484,Erkek,43,Evet,Hayır,45,Aylık,Yok,Yok,Yok,Evet,Elektronik Çek,2,18.0,849.41,0
CUST-14485,Kadın,35,Hayır,Evet,33,Aylık,Fiber,Yok,Var,Evet,Otomatik Ödeme,1,91.21,3084.79,0
CUST-14486,Kadın,59,Hayır,Evet,25,Aylık,Yok,Yok,Yok,Evet,Otomatik Ödeme,1,18.0,483.56,1
CUST-14487,Erkek,38,Hayır,Hayır,72,Aylık,DSL,Yok,Yok,Evet,Elektronik Çek,0,62.08,4660.33,1
CUST-14488,Erkek,44,Evet,Hayır,26,2 Yıllık,DSL,Yok,Var,Hayır,Otomatik Ödeme,4,56.65,1395.16,0
CUST-14489,Kadın,47,Hayır,Hayır,25,2 Yıllık,DSL,Yok,Yok,Evet,Otomatik Ödeme,0,56.26,1323.12,0
CUST-14490,Erkek,38,Hayır,Hayır,23,Aylık,Fiber,Var,Var,Hayır,Otomatik Ödeme,0,76.26,1633.76,0
CUST-14491,Erkek,56,Evet,Hayır,27,1 Yıllık,Yok,Yok,Yok,Evet,Elektronik Çek,4,20.04,511.77,0
CUST-14492,Kadın,18,Hayır,Hayır,24,Aylık,Fiber,Yok,Yok,Evet,Elektronik Çek,1,77.74,1791.94,0
CUST-14493,Kadın,45,Evet,Hayır,50,2 Yıllık,Fiber,Yok,Var,Evet,Otomatik Ödeme,1,78.36,4043.03,0
CUST-14494,Erkek,37,Hayır,Hayır,49,Aylık,Yok,Yok,Var,Evet,Posta Çeki,0,18.0,905.09,0
CUST-14495,Erkek,50,Evet,Hayır,8,Aylık,DSL,Yok,Var,Evet,Posta Çeki,1,69.41,526.16,0
CUST-14496,Erkek,28,Hayır,Evet,6,Aylık,DSL,Var,Yok,Hayır,Posta Çeki,0,82.16,524.04,1
CUST-14497,Kadın,34,Evet,Evet,35,Aylık,DSL,Yok,Var,Evet,Posta Çeki,1,28.71,979.73,0
CUST-14498,Erkek,49,Evet,Hayır,11,Aylık,Yok,Yok,Yok,Evet,Posta Çeki,3,31.13,344.51,1
CUST-14499,Kadın,54,Evet,Hayır,24,2 Yıllık,DSL,Var,Var,Hayır,Otomatik Ödeme,0,54.19,1260.01,0
CUST-14500,Kadın,44,Evet,Evet,13,1 Yıllık,DSL,Yok,Yok,Hayır,Elektronik Çek,2,52.6,714.69,1
CUST-14501,Kadın,30,Evet,Hayır,69,Aylık,Fiber,Yok,Yok,Evet,Otomatik Ödeme,2,74.18,4799.66,0
CUST-14502,Kadın,24,Hayır,Hayır,26,1 Yıllık,Fiber,Yok,Yok,Evet,Otomatik Ödeme,3,71.06,1991.38,0
CUST-14503,Kadın,58,Hayır,Hayır,27,Aylık,Yok,Yok,Var,Evet,Otomatik Ödeme,1,41.47,1093.95,1
CUST-14504,Erkek,42,Evet,Hayır,32,2 Yıllık,DSL,Yok,Yok,Evet,Otomatik Ödeme,1,57.54,1955.15,0
CUST-14505,Kadın,34,Evet,Hayır,3,1 Yıllık,DSL,Var,Var,Hayır,Otomatik Ödeme,3,59.79,178.5,0
CUST-14506,Erkek,54,Hayır,Evet,21,Aylık,Yok,Yok,Var,Evet,Otomatik Ödeme,0,46.47,976.12,0
CUST-14507,Kadın,51,Hayır,Evet,53,Aylık,Fiber,Var,Yok,Evet,Otomatik Ödeme,3,93.08,5060.62,0
CUST-14508,Erkek,53,Hayır,Hayır,36,Aylık,Fiber,Var,Var,Evet,Elektronik Çek,1,70.21,2542.39,0
CUST-14509,Kadın,52,Hayır,Evet,69,Aylık,DSL,Var,Yok,Evet,Posta Çeki,3,55.83,4031.95,0
CUST-14510,Erkek,39,Evet,Hayır,58,Aylık,Yok,Yok,Var,Evet,Otomatik Ödeme,1,36.18,1996.77,0
CUST-14511,Erkek,45,Hayır,Hayır,19,Aylık,Yok,Var,Yok,Evet,Otomatik Ödeme,0,37.24,679.26,0
CUST-14512,Kadın,30,Evet,Hayır,34,2 Yıllık,DSL,Yok,Yok,Evet,Elektronik Çek,0,78.06,2587.96,0
CUST-14513,Erkek,43,Hayır,Evet,72,Aylık,Fiber,Yok,Var,Evet,Otomatik Ödeme,0,78.68,5295.96,0
CUST-14514,Erkek,24,Evet,Evet,27,Aylık,DSL,Yok,Yok,Hayır,Otomatik Ödeme,1,60.05,1563.87,0
CUST-14515,Erkek,46,Hayır,Evet,33,Aylık,DSL,Yok,Yok,Evet,Elektronik Çek,2,59.77,1911.8,1
CUST-14516,Erkek,42,Hayır,Hayır,37,Aylık,DSL,Var,Yok,Hayır,Otomatik Ödeme,1,63.22,2355.3,0
CUST-14517,Erkek,44,Hayır,Hayır,10,1 Yıllık,Yok,Var,Var,Evet,Elektronik Çek,0,27.23,280.97,0
CUST-14518,Erkek,40,Evet,Hayır,21,Aylık,DSL,Yok,Yok,Hayır,Otomatik Ödeme,1,58.71,1221.41,1
CUST-14519,Kadın,48,Hayır,Hayır,29,2 Yıllık,DSL,Var,Yok,Evet,Posta Çeki,1,70.08,2054.65,0
CUST-14520,Kadın,47,Evet,Hayır,16,Aylık,DSL,Yok,Var,Hayır,Otomatik Ödeme,1,57.44,910.18,1
CUST-14521,Erkek,47,Evet,Evet,23,Aylık,Fiber,Yok,Yok,Evet,Elektronik Çek,1,77.2,1822.25,0
CUST-14522,Kadın,48,Evet,Evet,47,1 Yıllık,DSL,Yok,Yok,Evet,Posta Çeki,4,65.36,3288.01,0
CUST-14523,Erkek,49,Evet,Hayır,26,Aylık,DSL,Var,Yok,Hayır,Posta Çeki,1,57.4,1464.82,0
CUST-14524,Kadın,50,Hayır,Hayır,15,2 Yıllık,Fiber,Yok,Yok,Hayır,Posta Çeki,0,51.29,772.75,0
CUST-14525,Erkek,59,Hayır,Hayır,37,Aylık,Yok,Yok,Yok,Evet,Elektronik Çek,1,38.71,1508.0,1
CUST-14526,Erkek,51,Hayır,Evet,27,Aylık,Fiber,Yok,Yok,Hayır,Elektronik Çek,2,79.29,2222.63,1
CUST-14527,Erkek,42,Evet,Evet,72,1 Yıllık,DSL,Yok,Yok,Hayır,Elektronik Çek,1,59.37,4211.22,0
CUST-14528,Kadın,47,Evet,Evet,35,2 Yıllık,Fiber,Var,Var,Evet,Elektronik Çek,0,89.45,3162.61,0
CUST-14529,Erkek,28,Hayır,Hayır,17,2 Yıllık,Yok,Yok,Var,Evet,Otomatik Ödeme,3,31.74,538.98,0
CUST-14530,Kadın,48,Evet,Hayır,12,Aylık,Fiber,Yok,Var,Evet,Elektronik Çek,1,65.81,742.46,1
CUST-14531,Erkek,61,Evet,Hayır,37,Aylık,DSL,Yok,Yok,Hayır,Posta Çeki,1,53.85,2045.4,0
CUST-14532,Erkek,58,Hayır,Hayır,72,Aylık,Yok,Var,Yok,Hayır,Otomatik Ödeme,1,32.99,2236.4,1
CUST-14533,Kadın,53,Hayır,Evet,9,1 Yıllık,DSL,Yok,Yok,Evet,Posta Çeki,1,51.78,496.29,0
CUST-14534,Kadın,63,Evet,Hayır,25,Aylık,DSL,Yok,Var,Hayır,Otomatik Ödeme,0,48.36,1130.68,1
CUST-14535,Erkek,32,Hayır,Hayır,13,2 Yıllık,Fiber,Var,Yok,Hayır,Elektronik Çek,0,99.2,1284.16,0
CUST-14536,Erkek,57,Evet,Hayır,49,1 Yıllık,Fiber,Yok,Var,Evet,Elektronik Çek,0,70.45,3329.94,0
CUST-14537,Erkek,18,Hayır,Hayır,28,Aylık,Fiber,Var,Var,Evet,Otomatik Ödeme,2,89.39,2455.23,0
CUST-14538,Kadın,48,Hayır,Hayır,28,Aylık,DSL,Yok,Var,Evet,Elektronik Çek,2,73.86,2180.78,0
CUST-14539,Kadın,33,Hayır,Evet,20,Aylık,DSL,Yok,Var,Evet,Otomatik Ödeme,0,66.07,1325.83,1
CUST-14540,Kadın,66,Evet,Hayır,35,2 Yıllık,Fiber,Yok,Yok,Hayır,Otomatik Ödeme,3,81.52,2694.61,0
CUST-14541,Kadın,58,Hayır,Hayır,29,Aylık,DSL,Var,Yok,Evet,Otomatik Ödeme,1,68.59,1859.08,1
CUST-14542,Kadın,32,Evet,Evet,38,1 Yıllık,Fiber,Yok,Yok,Hayır,Elektronik Çek,1,84.84,3141.45,0
CUST-14543,Erkek,40,Evet,Hayır,19,2 Yıllık,Yok,Var,Yok,Hayır,Otomatik Ödeme,1,27.84,514.23,0
CUST-14544,Kadın,60,Evet,Hayır,11,Aylık,DSL,Var,Var,Hayır,Otomatik Ödeme,4,56.34,599.12,1
CUST-14545,Erkek,40,Evet,Hayır,15,2 Yıllık,DSL,Var,Var,Evet,Elektronik Çek,1,75.9,1143.66,0
CUST-14546,Erkek,28,Hayır,Hayır,40,Aylık,DSL,Yok,Var,Evet,Otomatik Ödeme,3,65.77,2785.18,0
CUST-14547,Erkek,33,Evet,Hayır,17,Aylık,DSL,Yok,Var,Evet,Otomatik Ödeme,2,66.92,1129.72,1
CUST-14548,Erkek,44,Hayır,Hayır,17,Aylık,Fiber,Yok,Var,Evet,Elektronik Çek,0,69.38,1090.2,1
CUST-14549,Kadın,51,Hayır,Hayır,41,1 Yıllık,Fiber,Var,Yok,Evet,Otomatik Ödeme,3,60.71,2364.54,0
CUST-14550,Erkek,28,Evet,Hayır,2,Aylık,DSL,Yok,Yok,Evet,Elektronik Çek,1,63.72,124.38,1
CUST-14551,Kadın,36,Hayır,Hayır,11,2 Yıllık,Yok,Yok,Yok,Hayır,Posta Çeki,0,47.07,519.3,0
CUST-14552,Erkek,51,Evet,Hayır,18,Aylık,Yok,Var,Yok,Evet,Posta Çeki,2,27.43,454.82,0
CUST-14553,Erkek,57,Evet,Evet,4,1 Yıllık,Yok,Var,Var,Evet,Posta Çeki,2,37.53,155.12,0
CUST-14554,Erkek,43,Hayır,Evet,48,Aylık,Fiber,Var,Yok,Evet,Otomatik Ödeme,1,100.14,4944.87,0
CUST-14555,Erkek,52,Evet,Hayır,13,1 Yıllık,Yok,Yok,Var,Evet,Posta Çeki,1,43.18,538.21,0
CUST-14556,Kadın,28,Hayır,Hayır,32,1 Yıllık,DSL,Var,Yok,Evet,Elektronik Çek,2,47.19,1497.11,0
CUST-14557,Kadın,56,Hayır,Evet,42,Aylık,DSL,Var,Yok,Evet,Otomatik Ödeme,2,46.17,2073.79,0
CUST-14558,Kadın,67,Evet,Hayır,24,Aylık,DSL,Yok,Yok,Hayır,Otomatik Ödeme,0,55.67,1375.61,0
CUST-14559,Kadın,24,Hayır,Hayır,10,2 Yıllık,DSL,Yok,Yok,Hayır,Elektronik Çek,1,60.84,595.5,0
CUST-14560,Kadın,43,Evet,Hayır,23,2 Yıllık,Fiber,Var,Yok,Evet,Elektronik Çek,0,90.1,2070.41,0
CUST-14561,Erkek,34,Hayır,Hayır,16,Aylık,Fiber,Yok,Yok,Hayır,Otomatik Ödeme,1,92.11,1361.6,0
CUST-14562,Kadın,29,Evet,Hayır,17,Aylık,Fiber,Yok,Yok,Evet,Elektronik Çek,2,80.34,1471.6,0
CUST-14563,Kadın,46,Evet,Evet,16,2 Yıllık,DSL,Var,Yok,Hayır,Otomatik Ödeme,3,55.15,846.14,0
CUST-14564,Kadın,32,Evet,Hayır,49,Aylık,Fiber,Yok,Yok,Hayır,Otomatik Ödeme,4,74.2,3591.27,0
CUST-14565,Kadın,29,Evet,Hayır,61,2 Yıllık,Fiber,Var,Var,Evet,Otomatik Ödeme,0,71.44,4308.7,0
CUST-14566,Erkek,33,Hayır,Hayır,43,1 Yıllık,Yok,Yok,Yok,Hayır,Posta Çeki,4,41.36,1761.82,0
CUST-14567,Erkek,56,Hayır,Hayır,18,Aylık,DSL,Var,Yok,Evet,Otomatik Ödeme,1,69.02,1173.53,1
CUST-14568,Erkek,34,Hayır,Hayır,64,2 Yıllık,DSL,Var,Var,Hayır,Otomatik Ödeme,2,44.21,2662.92,0
CUST-14569,Kadın,39,Evet,Hayır,15,Aylık,Fiber,Yok,Yok,Hayır,Otomatik Ödeme,0,81.99,1146.72,1
CUST-14570,Erkek,45,Hayır,Hayır,30,1 Yıllık,Fiber,Yok,Yok,Hayır,Posta Çeki,0,92.37,2718.29,0
CUST-14571,Kadın,55,Evet,Hayır,27,2 Yıllık,DSL,Var,Yok,Hayır,Posta Çeki,0,52.17,1328.43,0
CUST-14572,Erkek,32,Evet,Hayır,61,1 Yıllık,Fiber,Yok,Var,Evet,Otomatik Ödeme,1,73.39,4278.21,0
CUST-14573,Kadın,18,Hayır,Hayır,32,2 Yıllık,Yok,Yok,Yok,Hayır,Elektronik Çek,1,38.6,1292.44,0
CUST-14574,Kadın,78,Hayır,Hayır,19,Aylık,Fiber,Var,Var,Evet,Otomatik Ödeme,0,91.09,1613.87,1
CUST-14575,Erkek,66,Hayır,Hayır,40,Aylık,DSL,Var,Var,Hayır,Otomatik Ödeme,0,60.15,2274.69,0
CUST-14576,Erkek,53,Evet,Hayır,37,1 Yıllık,Fiber,Var,Yok,Hayır,Elektronik Çek,2,92.56,3556.05,0
CUST-14577,Erkek,50,Evet,Hayır,53,Aylık,Fiber,Var,Var,Evet,Posta Çeki,1,84.95,4236.24,0
CUST-14578,Kadın,38,Hayır,Hayır,37,1 Yıllık,Fiber,Yok,Var,Hayır,Elektronik Çek,0,81.43,3087.17,0
CUST-14579,Erkek,18,Evet,Hayır,26,Aylık,Fiber,Yok,Yok,Evet,Otomatik Ödeme,2,58.23,1550.69,0
CUST-14580,Kadın,37,Hayır,Hayır,16,1 Yıllık,Fiber,Yok,Var,Evet,Elektronik Çek,2,100.4,1630.88,1
CUST-14581,Erkek,33,Evet,Hayır,50,2 Yıllık,Yok,Yok,Yok,Evet,Posta Çeki,3,27.56,1295.77,0
CUST-14582,Kadın,44,Hayır,Hayır,20,Aylık,DSL,Yok,Yok,Evet,Elektronik Çek,0,63.36,1307.56,0
CUST-14583,Kadın,61,Hayır,Hayır,14,2 Yıllık,Fiber,Yok,Var,Hayır,Elektronik Çek,4,83.51,1098.11,0
CUST-14584,Erkek,50,Evet,Hayır,42,1 Yıllık,DSL,Var,Yok,Evet,Otomatik Ödeme,2,50.24,1996.69,0
CUST-14585,Erkek,58,Evet,Hayır,16,2 Yıllık,Yok,Var,Yok,Hayır,Otomatik Ödeme,0,25.78,429.57,0
CUST-14586,Erkek,35,Evet,Hayır,45,Aylık,DSL,Yok,Yok,Evet,Elektronik Çek,1,47.46,2024.46,1
CUST-14587,Erkek,18,Hayır,Evet,9,Aylık,DSL,Var,Yok,Evet,Posta Çeki,0,74.5,637.49,0
CUST-14588,Kadın,68,Hayır,Hayır,25,1 Yıllık,DSL,Yok,Var,Hayır,Posta Çeki,1,72.79,1735.81,0
CUST-14589,Kadın,44,Hayır,Evet,42,Aylık,Fiber,Yok,Var,Evet,Otomatik Ödeme,0,93.5,3927.19,0
CUST-14590,Erkek,45,Hayır,Hayır,39,2 Yıllık,Fiber,Var,Yok,Evet,Elektronik Çek,0,91.78,3428.89,0
CUST-14591,Kadın,55,Hayır,Hayır,48,Aylık,Fiber,Yok,Var,Evet,Otomatik Ödeme,3,90.39,4530.98,1
CUST-14592,Erkek,60,Evet,Hayır,19,1 Yıllık,Fiber,Var,Var,Evet,Otomatik Ödeme,3,85.16,1551.46,0
CUST-14593,Erkek,43,Evet,Evet,45,Aylık,DSL,Var,Yok,Evet,Elektronik Çek,2,62.45,2755.35,1
CUST-14594,Erkek,32,Evet,Evet,51,1 Yıllık,DSL,Yok,Var,Hayır,Otomatik Ödeme,0,64.61,3160.41,1
CUST-14595,Kadın,50,Hayır,Hayır,20,2 Yıllık,Fiber,Yok,Yok,Evet,Otomatik Ödeme,1,113.06,2088.83,0
CUST-14596,Erkek,46,Evet,Hayır,58,2 Yıllık,DSL,Var,Var,Hayır,Otomatik Ödeme,0,77.94,4839.34,0
CUST-14597,Kadın,25,Evet,Evet,31,Aylık,Fiber,Yok,Yok,Evet,Posta Çeki,0,79.3,2325.84,1
CUST-14598,Erkek,51,Hayır,Hayır,36,Aylık,Yok,Var,Yok,Evet,Posta Çeki,2,31.64,1207.78,0
CUST-14599,Kadın,36,Evet,Evet,12,Aylık,Fiber,Yok,Var,Evet,Posta Çeki,3,107.7,1204.09,1
CUST-14600,Kadın,43,Hayır,Hayır,12,Aylık,Fiber,Var,Yok,Evet,Otomatik Ödeme,1,79.79,964.06,1
CUST-14601,Erkek,35,Evet,Hayır,23,Aylık,DSL,Yok,Yok,Evet,Elektronik Çek,2,47.08,1130.76,1
CUST-14602,Kadın,44,Hayır,Hayır,14,2 Yıllık,Fiber,Yok,Yok,Evet,Elektronik Çek,3,100.42,1398.47,0
CUST-14603,Erkek,18,Evet,Evet,42,2 Yıllık,Yok,Yok,Yok,Hayır,Elektronik Çek,4,29.38,1182.03,0
CUST-14604,Kadın,46,Hayır,Hayır,20,Aylık,Fiber,Yok,Yok,Evet,Elektronik Çek,4,87.43,1655.67,0
CUST-14605,Erkek,55,Hayır,Hayır,42,1 Yıllık,Fiber,Var,Yok,Evet,Otomatik Ödeme,0,84.6,3298.54,0
CUST-14606,Kadın,44,Hayır,Hayır,31,2 Yıllık,Fiber,Var,Var,Evet,Otomatik Ödeme,0,100.54,3311.17,0
CUST-14607,Kadın,20,Evet,Hayır,23,Aylık,Fiber,Yok,Yok,Evet,Posta Çeki,0,58.6,1395.68,1
CUST-14608,Erkek,24,Evet,Hayır,35,2 Yıllık,DSL,Var,Yok,Evet,Otomatik Ödeme,0,41.95,1441.64,0
CUST-14609,Erkek,55,Hayır,Hayır,4,1 Yıllık,Yok,Var,Yok,Hayır,Elektronik Çek,4,41.1,152.12,0
CUST-14610,Erkek,44,Evet,Hayır,47,2 Yıllık,DSL,Var,Yok,Hayır,Otomatik Ödeme,3,60.67,2961.7,0
CUST-14611,Erkek,47,Hayır,Hayır,18,Aylık,Yok,Yok,Yok,Evet,Elektronik Çek,4,42.99,712.05,1
CUST-14612,Kadın,57,Evet,Evet,45,2 Yıllık,Yok,Var,Yok,Evet,Elektronik Çek,0,25.33,1198.49,0
CUST-14613,Kadın,39,Hayır,Hayır,6,2 Yıllık,DSL,Yok,Var,Evet,Otomatik Ödeme,2,43.88,263.41,0
CUST-14614,Erkek,33,Evet,Hayır,31,Aylık,Fiber,Var,Yok,Evet,Posta Çeki,0,89.47,2929.87,0
CUST-14615,Kadın,25,Evet,Evet,51,1 Yıllık,Yok,Yok,Yok,Evet,Elektronik Çek,2,18.0,904.45,0
CUST-14616,Kadın,44,Evet,Evet,39,Aylık,Fiber,Var,Yok,Evet,Elektronik Çek,0,95.16,3940.56,0
CUST-14617,Kadın,36,Evet,Hayır,3,1 Yıllık,DSL,Yok,Yok,Hayır,Otomatik Ödeme,3,51.47,143.68,0
CUST-14618,Erkek,36,Hayır,Hayır,24,1 Yıllık,Fiber,Yok,Var,Evet,Otomatik Ödeme,2,74.34,1793.49,0
CUST-14619,Kadın,28,Hayır,Hayır,59,1 Yıllık,Yok,Yok,Yok,Hayır,Otomatik Ödeme,0,34.93,2115.8,0
CUST-14620,Erkek,46,Hayır,Hayır,62,2 Yıllık,DSL,Var,Var,Hayır,Otomatik Ödeme,0,64.04,3727.73,0
CUST-14621,Kadın,36,Evet,Hayır,26,Aylık,DSL,Yok,Yok,Evet,Posta Çeki,2,60.13,1673.43,1
CUST-14622,Erkek,18,Hayır,Hayır,21,Aylık,Yok,Var,Yok,Hayır,Otomatik Ödeme,3,35.65,700.54,0
CUST-14623,Kadın,61,Evet,Hayır,52,1 Yıllık,DSL,Yok,Yok,Hayır,Otomatik Ödeme,0,54.77,2697.65,0
CUST-14624,Erkek,50,Hayır,Hayır,45,Aylık,DSL,Yok,Yok,Hayır,Otomatik Ödeme,0,34.1,1460.81,0
CUST-14625,Erkek,24,Evet,Hayır,8,Aylık,DSL,Var,Yok,Evet,Elektronik Çek,0,61.08,502.5,1
CUST-14626,Kadın,63,Hayır,Hayır,27,Aylık,Yok,Var,Yok,Evet,Otomatik Ödeme,0,33.38,946.47,0
CUST-14627,Kadın,58,Hayır,Evet,72,1 Yıllık,Fiber,Yok,Yok,Evet,Elektronik Çek,0,79.18,5421.4,0
CUST-14628,Kadın,68,Hayır,Evet,26,Aylık,DSL,Yok,Yok,Hayır,Otomatik Ödeme,0,61.26,1501.83,0
CUST-14629,Kadın,44,Hayır,Hayır,25,2 Yıllık,Fiber,Var,Yok,Evet,Otomatik Ödeme,5,90.86,2118.59,0
CUST-14630,Kadın,18,Evet,Hayır,31,1 Yıllık,DSL,Yok,Yok,Evet,Posta Çeki,1,89.51,2686.71,1
CUST-14631,Erkek,37,Evet,Hayır,67,2 Yıllık,DSL,Yok,Yok,Evet,Otomatik Ödeme,3,79.98,5433.54,0
CUST-14632,Kadın,26,Hayır,Hayır,42,1 Yıllık,DSL,Var,Yok,Hayır,Elektronik Çek,3,48.69,2202.4,0
CUST-14633,Kadın,39,Hayır,Evet,11,2 Yıllık,DSL,Yok,Yok,Hayır,Otomatik Ödeme,3,42.66,452.64,0
CUST-14634,Kadın,43,Evet,Hayır,27,Aylık,DSL,Yok,Yok,Evet,Elektronik Çek,0,64.5,1643.55,1
CUST-14635,Erkek,22,Evet,Evet,45,Aylık,Fiber,Yok,Yok,Hayır,Elektronik Çek,6,102.9,4343.93,1
CUST-14636,Erkek,38,Hayır,Hayır,72,1 Yıllık,Fiber,Yok,Var,Evet,Elektronik Çek,0,95.15,6863.79,0
CUST-14637,Kadın,36,Evet,Hayır,13,1 Yıllık,Yok,Var,Var,Evet,Elektronik Çek,1,39.54,513.9,0
CUST-14638,Kadın,53,Evet,Hayır,58,1 Yıllık,DSL,Yok,Yok,Evet,Otomatik Ödeme,1,47.9,2931.49,0
CUST-14639,Erkek,21,Evet,Hayır,28,1 Yıllık,Yok,Var,Yok,Hayır,Posta Çeki,2,55.7,1640.38,0
CUST-14640,Erkek,76,Hayır,Hayır,7,Aylık,Fiber,Yok,Yok,Evet,Elektronik Çek,1,70.59,525.13,0
CUST-14641,Kadın,24,Hayır,Evet,72,Aylık,Fiber,Var,Yok,Evet,Otomatik Ödeme,2,71.71,4807.23,0
CUST-14642,Kadın,41,Evet,Evet,17,1 Yıllık,DSL,Yok,Yok,Hayır,Otomatik Ödeme,1,53.07,885.39,0
CUST-14643,Erkek,46,Hayır,Hayır,4,1 Yıllık,Fiber,Var,Yok,Hayır,Elektronik Çek,3,86.17,331.34,1
CUST-14644,Kadın,58,Evet,Evet,42,Aylık,DSL,Var,Yok,Evet,Otomatik Ödeme,0,44.21,1859.95,0
CUST-14645,Erkek,42,Evet,Hayır,19,Aylık,Fiber,Var,Yok,Hayır,Elektronik Çek,0,85.17,1599.65,0
CUST-14646,Erkek,73,Evet,Hayır,27,Aylık,Yok,Yok,Yok,Evet,Otomatik Ödeme,2,18.0,517.17,1
CUST-14647,Erkek,59,Hayır,Hayır,50,Aylık,Fiber,Yok,Yok,Hayır,Posta Çeki,5,92.92,4755.26,1
CUST-14648,Kadın,52,Hayır,Hayır,54,Aylık,Fiber,Yok,Yok,Evet,Otomatik Ödeme,1,73.84,4150.48,0
CUST-14649,Erkek,63,Evet,Evet,72,Aylık,Fiber,Var,Yok,Hayır,Elektronik Çek,1,80.47,6036.1,1
CUST-14650,Erkek,26,Hayır,Evet,8,Aylık,DSL,Yok,Yok,Evet,Otomatik Ödeme,1,39.33,331.93,0
CUST-14651,Erkek,50,Hayır,Hayır,16,Aylık,Yok,Yok,Yok,Hayır,Otomatik Ödeme,3,21.55,320.02,1
CUST-14652,Erkek,44,Hayır,Hayır,33,Aylık,Yok,Yok,Var,Evet,Otomatik Ödeme,2,47.53,1613.39,0
CUST-14653,Kadın,34,Evet,Hayır,58,Aylık,Fiber,Yok,Yok,Hayır,Elektronik Çek,3,82.1,4395.42,0
CUST-14654,Erkek,35,Hayır,Evet,11,Aylık,Fiber,Yok,Var,Hayır,Posta Çeki,2,76.01,802.09,1
CUST-14655,Erkek,51,Hayır,Hayır,58,Aylık,DSL,Var,Yok,Evet,Elektronik Çek,1,49.71,2713.8,1
CUST-14656,Erkek,36,Hayır,Hayır,43,2 Yıllık,Fiber,Var,Yok,Hayır,Elektronik Çek,0,72.36,2980.7,0
CUST-14657,Kadın,39,Hayır,Hayır,72,2 Yıllık,Fiber,Var,Yok,Evet,Elektronik Çek,2,101.95,7838.42,0
CUST-14658,Kadın,53,Evet,Hayır,9,Aylık,Yok,Yok,Yok,Evet,Elektronik Çek,1,33.31,288.1,1
CUST-14659,Erkek,51,Evet,Hayır,40,Aylık,DSL,Yok,Yok,Hayır,Elektronik Çek,4,46.29,1830.55,1
CUST-14660,Kadın,64,Hayır,Evet,29,Aylık,Fiber,Var,Yok,Evet,Otomatik Ödeme,3,80.73,2365.54,0
CUST-14661,Kadın,37,Evet,Hayır,72,1 Yıllık,Fiber,Yok,Yok,Hayır,Elektronik Çek,0,73.1,5230.27,1
CUST-14662,Erkek,48,Evet,Hayır,17,Aylık,DSL,Yok,Var,Hayır,Otomatik Ödeme,3,46.43,748.46,0
CUST-14663,Erkek,38,Hayır,Hayır,25,Aylık,Fiber,Yok,Var,Evet,Otomatik Ödeme,4,102.02,2369.64,1
CUST-14664,Kadın,44,Evet,Evet,9,1 Yıllık,Fiber,Yok,Yok,Evet,Posta Çeki,0,82.89,750.35,1
CUST-14665,Kadın,34,Hayır,Evet,9,1 Yıllık,DSL,Yok,Yok,Evet,Elektronik Çek,2,47.17,412.8,0
CUST-14666,Kadın,42,Hayır,Hayır,22,2 Yıllık,Fiber,Yok,Yok,Hayır,Elektronik Çek,0,93.89,2119.74,0
CUST-14667,Erkek,34,Evet,Hayır,66,Aylık,Fiber,Yok,Yok,Hayır,Posta Çeki,1,89.91,5804.98,0
CUST-14668,Kadın,28,Hayır,Hayır,53,Aylık,DSL,Var,Yok,Evet,Otomatik Ödeme,1,56.04,2778.78,0
CUST-14669,Erkek,43,Hayır,Evet,21,Aylık,Fiber,Yok,Yok,Evet,Elektronik Çek,1,77.79,1580.36,1
CUST-14670,Erkek,31,Evet,Hayır,25,Aylık,Fiber,Yok,Yok,Hayır,Posta Çeki,1,102.79,2513.29,1
CUST-14671,Erkek,26,Evet,Evet,32,1 Yıllık,DSL,Var,Var,Evet,Otomatik Ödeme,1,58.39,1724.98,0
CUST-14672,Kadın,18,Hayır,Hayır,16,Aylık,Fiber,Yok,Yok,Evet,Otomatik Ödeme,1,96.78,1514.28,1
CUST-14673,Erkek,60,Hayır,Hayır,17,Aylık,DSL,Yok,Var,Evet,Posta Çeki,1,71.53,1139.25,1
CUST-14674,Erkek,63,Hayır,Evet,24,Aylık,Yok,Yok,Yok,Evet,Otomatik Ödeme,3,18.0,425.9,0
CUST-14675,Erkek,60,Hayır,Hayır,10,Aylık,Yok,Yok,Var,Hayır,Posta Çeki,3,50.47,526.19,1
CUST-14676,Kadın,59,Hayır,Hayır,9,Aylık,Yok,Yok,Yok,Evet,Otomatik Ödeme,0,40.82,348.99,1
CUST-14677,Erkek,37,Hayır,Hayır,24,Aylık,Fiber,Yok,Yok,Evet,Otomatik Ödeme,1,72.36,1760.63,0
CUST-14678,Kadın,50,Hayır,Hayır,13,2 Yıllık,Fiber,Var,Yok,Hayır,Otomatik Ödeme,3,66.54,876.62,1
CUST-14679,Kadın,37,Hayır,Hayır,32,Aylık,Fiber,Yok,Var,Evet,Otomatik Ödeme,2,76.01,2472.73,1
CUST-14680,Erkek,30,Hayır,Evet,19,1 Yıllık,Fiber,Yok,Yok,Evet,Elektronik Çek,1,65.94,1240.93,0
CUST-14681,Kadın,18,Evet,Hayır,10,Aylık,Fiber,Yok,Var,Evet,Posta Çeki,1,52.48,521.88,1
CUST-14682,Erkek,30,Evet,Hayır,16,Aylık,Fiber,Var,Var,Evet,Posta Çeki,0,73.04,1196.9,0
CUST-14683,Kadın,79,Evet,Hayır,23,Aylık,Yok,Yok,Yok,Evet,Posta Çeki,4,61.07,1406.9,1
CUST-14684,Kadın,37,Evet,Evet,28,Aylık,DSL,Yok,Var,Hayır,Otomatik Ödeme,1,73.67,1909.38,0
CUST-14685,Kadın,32,Evet,Evet,22,1 Yıllık,Fiber,Var,Yok,Hayır,Otomatik Ödeme,2,72.59,1689.05,0
CUST-14686,Kadın,53,Evet,Hayır,4,Aylık,Fiber,Yok,Yok,Hayır,Elektronik Çek,2,94.74,358.33,1
CUST-14687,Erkek,37,Evet,Hayır,37,Aylık,Fiber,Var,Yok,Hayır,Elektronik Çek,0,95.32,3372.93,1
CUST-14688,Erkek,61,Evet,Hayır,34,2 Yıllık,Fiber,Yok,Yok,Evet,Elektronik Çek,2,85.67,2759.23,0
CUST-14689,Erkek,23,Evet,Evet,6,2 Yıllık,DSL,Var,Yok,Evet,Posta Çeki,0,67.79,416.77,0
CUST-14690,Erkek,18,Evet,Hayır,19,Aylık,DSL,Var,Yok,Evet,Elektronik Çek,1,53.13,941.92,1
CUST-14691,Kadın,57,Hayır,Hayır,28,Aylık,Fiber,Var,Yok,Hayır,Elektronik Çek,0,79.19,2062.09,1
CUST-14692,Kadın,54,Hayır,Hayır,28,Aylık,DSL,Var,Yok,Hayır,Posta Çeki,0,67.62,1912.27,1
CUST-14693,Kadın,29,Evet,Hayır,30,Aylık,Fiber,Var,Var,Hayır,Elektronik Çek,1,84.22,2460.08,0
CUST-14694,Kadın,48,Hayır,Evet,39,Aylık,DSL,Yok,Yok,Hayır,Otomatik Ödeme,3,54.01,2027.16,0
CUST-14695,Kadın,59,Hayır,Evet,20,Aylık,DSL,Yok,Yok,Evet,Elektronik Çek,2,47.06,992.63,1
CUST-14696,Kadın,46,Hayır,Hayır,9,1 Yıllık,Fiber,Yok,Var,Evet,Posta Çeki,0,91.38,812.33,0
CUST-14697,Kadın,62,Evet,Hayır,32,Aylık,Fiber,Yok,Yok,Evet,Elektronik Çek,4,86.81,2723.16,1
CUST-14698,Kadın,36,Hayır,Hayır,26,2 Yıllık,DSL,Yok,Yok,Evet,Elektronik Çek,2,67.45,1848.14,0
CUST-14699,Erkek,50,Evet,Hayır,72,Aylık,Yok,Yok,Yok,Evet,Elektronik Çek,1,31.89,2271.69,0
CUST-14700,Erkek,49,Evet,Hayır,11,Aylık,Fiber,Yok,Var,Hayır,Otomatik Ödeme,1,104.31,1206.05,1
CUST-14701,Kadın,31,Evet,Evet,38,Aylık,Fiber,Yok,Yok,Evet,Elektronik Çek,6,90.24,3489.69,1
CUST-14702,Erkek,24,Hayır,Hayır,12,2 Yıllık,DSL,Var,Var,Evet,Otomatik Ödeme,0,64.38,823.37,0
CUST-14703,Erkek,33,Evet,Hayır,72,2 Yıllık,Fiber,Yok,Var,Evet,Otomatik Ödeme,3,79.92,5299.73,0
CUST-14704,Kadın,72,Evet,Hayır,11,Aylık,DSL,Yok,Yok,Evet,Elektronik Çek,3,56.94,589.56,0
CUST-14705,Erkek,76,Hayır,Hayır,16,Aylık,DSL,Yok,Yok,Evet,Posta Çeki,2,55.74,857.08,1
CUST-14706,Erkek,53,Evet,Hayır,32,Aylık,DSL,Yok,Var,Evet,Otomatik Ödeme,1,59.24,1991.22,1
CUST-14707,Erkek,18,Hayır,Hayır,29,1 Yıllık,Yok,Var,Yok,Hayır,Elektronik Çek,1,18.15,550.92,0
CUST-14708,Kadın,51,Evet,Hayır,35,Aylık,Yok,Yok,Var,Hayır,Otomatik Ödeme,4,21.25,707.81,0
CUST-14709,Erkek,41,Evet,Hayır,11,2 Yıllık,Fiber,Var,Yok,Evet,Elektronik Çek,0,83.32,918.53,0
CUST-14710,Kadın,37,Hayır,Hayır,34,Aylık,DSL,Var,Yok,Evet,Otomatik Ödeme,0,67.42,2240.93,0
CUST-14711,Erkek,76,Hayır,Hayır,72,2 Yıllık,DSL,Yok,Yok,Hayır,Otomatik Ödeme,3,61.39,4512.28,0
CUST-14712,Kadın,65,Hayır,Evet,14,Aylık,Fiber,Yok,Yok,Hayır,Otomatik Ödeme,2,71.31,960.06,0
CUST-14713,Kadın,18,Hayır,Hayır,17,1 Yıllık,Fiber,Yok,Yok,Hayır,Posta Çeki,2,86.53,1374.21,1
CUST-14714,Kadın,18,Evet,Evet,24,Aylık,DSL,Var,Var,Evet,Otomatik Ödeme,1,61.59,1456.96,0
CUST-14715,Kadın,38,Evet,Hayır,63,Aylık,Fiber,Yok,Yok,Hayır,Elektronik Çek,1,82.97,5387.83,0
CUST-14716,Kadın,41,Hayır,Evet,53,Aylık,DSL,Yok,Yok,Hayır,Otomatik Ödeme,0,66.2,3401.5,0
CUST-14717,Erkek,69,Hayır,Hayır,7,1 Yıllık,DSL,Yok,Yok,Evet,Elektronik Çek,0,66.51,475.63,0
CUST-14718,Kadın,41,Hayır,Hayır,17,Aylık,Fiber,Yok,Var,Evet,Posta Çeki,3,99.99,1666.76,0
CUST-14719,Erkek,33,Hayır,Hayır,27,Aylık,DSL,Yok,Yok,Hayır,Otomatik Ödeme,0,67.06,1716.12,0
CUST-14720,Kadın,31,Evet,Evet,9,2 Yıllık,Fiber,Var,Yok,Evet,Elektronik Çek,0,81.15,727.12,0
CUST-14721,Kadın,47,Evet,Hayır,9,Aylık,Fiber,Yok,Var,Evet,Otomatik Ödeme,1,73.47,643.47,1
CUST-14722,Kadın,32,Evet,Hayır,72,Aylık,DSL,Yok,Var,Evet,Posta Çeki,1,72.33,5037.91,0
CUST-14723,Kadın,23,Hayır,Hayır,20,Aylık,Yok,Var,Yok,Evet,Otomatik Ödeme,1,36.99,789.52,0
CUST-14724,Erkek,31,Hayır,Hayır,64,1 Yıllık,DSL,Yok,Var,Evet,Elektronik Çek,2,72.25,4698.34,0
CUST-14725,Kadın,20,Hayır,Evet,65,2 Yıllık,Yok,Yok,Yok,Evet,Otomatik Ödeme,3,60.74,4100.39,0
CUST-14726,Kadın,33,Evet,Hayır,24,Aylık,Fiber,Yok,Yok,Evet,Otomatik Ödeme,2,84.61,2118.08,1
CUST-14727,Kadın,63,Evet,Evet,39,Aylık,Fiber,Var,Yok,Evet,Elektronik Çek,0,91.42,3823.81,1
CUST-14728,Kadın,54,Evet,Hayır,18,Aylık,DSL,Yok,Yok,Hayır,Otomatik Ödeme,2,64.77,1191.34,1
CUST-14729,Erkek,48,Evet,Hayır,18,Aylık,Fiber,Yok,Var,Hayır,Otomatik Ödeme,1,75.23,1346.44,1
CUST-14730,Erkek,31,Evet,Evet,72,Aylık,Fiber,Yok,Var,Evet,Elektronik Çek,2,81.47,5651.74,0
CUST-14731,Kadın,48,Evet,Hayır,63,Aylık,Fiber,Yok,Var,Evet,Elektronik Çek,2,77.39,4696.96,0
CUST-14732,Erkek,22,Hayır,Hayır,12,Aylık,Fiber,Var,Yok,Evet,Posta Çeki,2,104.94,1256.28,1
CUST-14733,Kadın,28,Hayır,Hayır,51,2 Yıllık,DSL,Var,Yok,Evet,Otomatik Ödeme,2,69.84,3846.5,0
CUST-14734,Kadın,21,Evet,Evet,15,Aylık,Fiber,Yok,Yok,Evet,Posta Çeki,1,99.04,1526.28,0
CUST-14735,Erkek,38,Evet,Hayır,15,Aylık,DSL,Var,Yok,Evet,Elektronik Çek,0,74.38,1131.94,0
CUST-14736,Kadın,36,Hayır,Hayır,15,Aylık,Fiber,Var,Yok,Evet,Otomatik Ödeme,1,79.88,1255.73,1
CUST-14737,Erkek,28,Hayır,Hayır,34,Aylık,DSL,Yok,Yok,Hayır,Elektronik Çek,0,60.64,2131.81,0
CUST-14738,Erkek,21,Evet,Hayır,55,2 Yıllık,DSL,Yok,Yok,Evet,Elektronik Çek,1,78.84,4491.78,0
CUST-14739,Kadın,76,Hayır,Hayır,14,Aylık,Fiber,Yok,Yok,Evet,Posta Çeki,2,90.23,1170.43,1
CUST-14740,Erkek,55,Hayır,Hayır,67,Aylık,DSL,Yok,Yok,Evet,Otomatik Ödeme,0,59.11,4250.11,0
CUST-14741,Erkek,48,Evet,Hayır,45,1 Yıllık,Fiber,Var,Yok,Evet,Elektronik Çek,3,55.87,2496.73,0
CUST-14742,Erkek,35,Evet,Hayır,18,Aylık,Fiber,Yok,Var,Hayır,Otomatik Ödeme,1,89.58,1639.51,0
CUST-14743,Kadın,34,Evet,Hayır,32,Aylık,Fiber,Var,Yok,Evet,Otomatik Ödeme,0,82.69,2451.98,1
CUST-14744,Erkek,31,Evet,Hayır,4,2 Yıllık,Fiber,Yok,Yok,Evet,Elektronik Çek,1,81.42,317.03,0
CUST-14745,Kadın,58,Hayır,Hayır,29,Aylık,Yok,Yok,Yok,Evet,Otomatik Ödeme,0,39.91,1089.79,1
CUST-14746,Erkek,40,Hayır,Hayır,19,2 Yıllık,Yok,Yok,Yok,Hayır,Posta Çeki,1,30.49,547.55,0
CUST-14747,Kadın,38,Evet,Hayır,8,Aylık,Fiber,Var,Yok,Evet,Elektronik Çek,1,88.22,667.52,1
CUST-14748,Erkek,43,Evet,Hayır,44,Aylık,Yok,Yok,Yok,Evet,Posta Çeki,4,47.85,2055.51,1
CUST-14749,Kadın,59,Evet,Hayır,20,Aylık,DSL,Yok,Yok,Evet,Elektronik Çek,3,52.54,1022.72,1
CUST-14750,Erkek,28,Hayır,Hayır,17,Aylık,DSL,Yok,Yok,Evet,Otomatik Ödeme,2,59.87,1088.37,0
CUST-14751,Erkek,38,Evet,Evet,25,2 Yıllık,DSL,Var,Yok,Evet,Elektronik Çek,1,54.36,1294.98,0
CUST-14752,Kadın,29,Evet,Hayır,10,2 Yıllık,DSL,Yok,Yok,Hayır,Otomatik Ödeme,2,49.81,477.26,1
CUST-14753,Erkek,53,Evet,Evet,12,Aylık,Fiber,Yok,Yok,Hayır,Otomatik Ödeme,3,91.74,1062.82,1
CUST-14754,Erkek,46,Evet,Hayır,30,1 Yıllık,Fiber,Yok,Yok,Evet,Elektronik Çek,3,84.97,2365.73,0
CUST-14755,Erkek,36,Evet,Hayır,66,Aylık,Yok,Yok,Yok,Evet,Elektronik Çek,1,60.55,3786.39,0
CUST-14756,Erkek,30,Hayır,Hayır,51,Aylık,Fiber,Var,Yok,Evet,Otomatik Ödeme,2,90.0,4813.24,0
CUST-14757,Kadın,57,Evet,Evet,26,Aylık,Fiber,Var,Var,Evet,Otomatik Ödeme,1,91.5,2263.06,1
CUST-14758,Kadın,68,Evet,Hayır,35,1 Yıllık,Yok,Yok,Yok,Evet,Posta Çeki,0,29.38,1038.16,0
CUST-14759,Erkek,40,Hayır,Hayır,24,1 Yıllık,Fiber,Yok,Var,Evet,Elektronik Çek,0,87.25,2189.11,1
CUST-14760,Erkek,42,Evet,Hayır,28,1 Yıllık,Fiber,Var,Yok,Evet,Otomatik Ödeme,0,103.76,2780.35,1
CUST-14761,Kadın,38,Evet,Hayır,11,1 Yıllık,Fiber,Var,Yok,Hayır,Posta Çeki,0,94.87,998.08,1
CUST-14762,Kadın,53,Evet,Hayır,24,Aylık,Yok,Yok,Yok,Evet,Posta Çeki,2,26.14,637.23,0
CUST-14763,Erkek,43,Evet,Hayır,57,Aylık,DSL,Var,Yok,Evet,Otomatik Ödeme,3,57.22,3430.35,0
CUST-14764,Erkek,44,Evet,Hayır,55,Aylık,Yok,Var,Yok,Evet,Elektronik Çek,0,39.55,2337.76,0
CUST-14765,Erkek,61,Evet,Evet,24,Aylık,Yok,Var,Var,Hayır,Elektronik Çek,0,54.99,1291.66,1
CUST-14766,Erkek,49,Evet,Evet,45,2 Yıllık,Yok,Yok,Var,Hayır,Otomatik Ödeme,0,37.92,1651.84,0
CUST-14767,Erkek,37,Hayır,Evet,22,Aylık,Fiber,Var,Var,Evet,Elektronik Çek,1,86.34,1842.57,0
CUST-14768,Erkek,46,Hayır,Hayır,38,1 Yıllık,Fiber,Yok,Var,Hayır,Elektronik Çek,1,81.35,3043.1,1
CUST-14769,Erkek,38,Hayır,Evet,8,2 Yıllık,Yok,Yok,Var,Hayır,Elektronik Çek,2,36.76,292.55,0
CUST-14770,Erkek,52,Evet,Evet,54,2 Yıllık,Yok,Var,Yok,Evet,Otomatik Ödeme,0,49.77,2785.68,0
CUST-14771,Erkek,36,Hayır,Hayır,30,1 Yıllık,DSL,Yok,Yok,Evet,Posta Çeki,2,70.28,2031.96,1
CUST-14772,Erkek,36,Evet,Evet,2,1 Yıllık,Fiber,Yok,Var,Evet,Elektronik Çek,2,83.21,167.34,0
CUST-14773,Erkek,26,Evet,Hayır,15,Aylık,Fiber,Yok,Var,Hayır,Otomatik Ödeme,1,59.46,913.55,0
CUST-14774,Kadın,73,Evet,Evet,72,1 Yıllık,Yok,Yok,Var,Hayır,Posta Çeki,0,51.57,3480.0,0
CUST-14775,Kadın,19,Hayır,Evet,36,Aylık,DSL,Var,Var,Hayır,Otomatik Ödeme,0,52.33,1956.58,0
CUST-14776,Kadın,29,Hayır,Hayır,27,1 Yıllık,DSL,Var,Var,Hayır,Posta Çeki,0,45.69,1269.05,0
CUST-14777,Kadın,32,Evet,Evet,62,Aylık,Fiber,Var,Var,Evet,Elektronik Çek,2,95.87,6327.23,1
CUST-14778,Kadın,44,Evet,Hayır,34,2 Yıllık,Fiber,Yok,Var,Hayır,Otomatik Ödeme,0,97.64,3098.4,0
CUST-14779,Erkek,50,Hayır,Hayır,24,Aylık,Fiber,Var,Yok,Hayır,Elektronik Çek,1,90.46,2255.81,1
CUST-14780,Kadın,31,Evet,Hayır,21,1 Yıllık,Yok,Var,Var,Evet,Posta Çeki,2,21.92,475.07,0
CUST-14781,Erkek,29,Hayır,Hayır,36,2 Yıllık,Yok,Var,Var,Evet,Otomatik Ödeme,0,28.17,959.51,0
CUST-14782,Kadın,44,Hayır,Hayır,10,Aylık,Fiber,Yok,Var,Evet,Otomatik Ödeme,3,83.98,802.96,1
CUST-14783,Kadın,18,Hayır,Hayır,38,2 Yıllık,Fiber,Yok,Yok,Evet,Otomatik Ödeme,2,81.33,2922.39,0
CUST-14784,Erkek,45,Hayır,Hayır,65,1 Yıllık,DSL,Yok,Yok,Evet,Otomatik Ödeme,2,73.71,4469.92,1
CUST-14785,Erkek,56,Hayır,Hayır,72,1 Yıllık,DSL,Yok,Yok,Hayır,Elektronik Çek,2,76.09,5340.24,0
CUST-14786,Kadın,65,Hayır,Evet,10,Aylık,Yok,Var,Yok,Evet,Elektronik Çek,1,49.18,464.23,0
CUST-14787,Kadın,58,Evet,Hayır,47,Aylık,DSL,Yok,Yok,Hayır,Posta Çeki,2,67.5,3263.21,1
CUST-14788,Erkek,57,Evet,Hayır,22,Aylık,Fiber,Yok,Yok,Evet,Elektronik Çek,2,74.56,1733.9,1
CUST-14789,Erkek,25,Hayır,Evet,30,Aylık,DSL,Var,Yok,Evet,Otomatik Ödeme,2,51.74,1607.01,1
CUST-14790,Kadın,34,Hayır,Hayır,55,1 Yıllık,DSL,Yok,Yok,Hayır,Elektronik Çek,0,66.86,3788.44,0
CUST-14791,Kadın,38,Evet,Hayır,24,1 Yıllık,Fiber,Yok,Var,Evet,Otomatik Ödeme,1,91.52,2193.56,0
CUST-14792,Kadın,30,Hayır,Hayır,62,1 Yıllık,Yok,Var,Yok,Evet,Otomatik Ödeme,3,30.02,1981.54,0
CUST-14793,Erkek,54,Hayır,Hayır,11,Aylık,Fiber,Yok,Yok,Evet,Posta Çeki,1,92.73,964.17,1
CUST-14794,Kadın,52,Hayır,Evet,37,Aylık,Fiber,Var,Yok,Evet,Otomatik Ödeme,0,82.88,3030.19,1
CUST-14795,Kadın,26,Hayır,Hayır,6,1 Yıllık,Fiber,Yok,Yok,Evet,Elektronik Çek,1,80.24,471.6,1
CUST-14796,Erkek,37,Evet,Evet,9,2 Yıllık,DSL,Yok,Var,Evet,Posta Çeki,2,43.57,421.66,1
CUST-14797,Erkek,48,Hayır,Evet,25,Aylık,DSL,Yok,Yok,Evet,Posta Çeki,7,43.94,1171.86,1
CUST-14798,Erkek,75,Evet,Hayır,30,Aylık,Fiber,Yok,Yok,Evet,Otomatik Ödeme,1,108.31,3295.11,1
CUST-14799,Erkek,29,Evet,Hayır,24,Aylık,Fiber,Yok,Yok,Hayır,Elektronik Çek,0,74.06,1812.42,1
CUST-14800,Kadın,31,Evet,Hayır,53,2 Yıllık,DSL,Var,Yok,Evet,Elektronik Çek,0,67.59,3306.39,0
CUST-14801,Kadın,52,Hayır,Hayır,36,Aylık,Yok,Yok,Yok,Hayır,Elektronik Çek,2,53.74,1823.52,1
CUST-14802,Erkek,34,Evet,Hayır,14,2 Yıllık,Yok,Var,Yok,Evet,Otomatik Ödeme,2,30.27,434.8,0
CUST-14803,Erkek,45,Evet,Evet,28,1 Yıllık,DSL,Yok,Yok,Evet,Otomatik Ödeme,0,74.52,2111.87,0
CUST-14804,Erkek,63,Hayır,Hayır,19,Aylık,Fiber,Var,Yok,Evet,Elektronik Çek,0,78.44,1392.31,1
CUST-14805,Erkek,43,Hayır,Evet,51,1 Yıllık,Yok,Var,Yok,Evet,Posta Çeki,1,39.11,1916.49,0
CUST-14806,Erkek,23,Hayır,Evet,39,Aylık,Yok,Yok,Yok,Evet,Elektronik Çek,0,45.88,1689.26,0
CUST-14807,Kadın,51,Hayır,Hayır,9,1 Yıllık,DSL,Yok,Var,Evet,Posta Çeki,1,68.06,595.7,1
CUST-14808,Kadın,32,Evet,Hayır,40,Aylık,Yok,Yok,Var,Evet,Posta Çeki,0,25.68,1107.25,0
CUST-14809,Erkek,43,Evet,Hayır,53,2 Yıllık,Fiber,Yok,Yok,Hayır,Otomatik Ödeme,0,77.42,4405.17,0
CUST-14810,Kadın,53,Evet,Evet,21,Aylık,DSL,Yok,Yok,Evet,Otomatik Ödeme,0,69.47,1410.3,1
CUST-14811,Kadın,25,Evet,Evet,40,1 Yıllık,DSL,Yok,Yok,Evet,Otomatik Ödeme,1,75.71,2824.7,0
CUST-14812,Erkek,51,Evet,Hayır,12,Aylık,Yok,Yok,Yok,Hayır,Otomatik Ödeme,1,46.47,513.28,1
CUST-14813,Kadın,49,Hayır,Hayır,56,Aylık,Yok,Yok,Yok,Hayır,Otomatik Ödeme,2,20.39,1096.58,1
CUST-14814,Erkek,41,Hayır,Hayır,15,2 Yıllık,DSL,Yok,Yok,Evet,Elektronik Çek,2,65.68,986.46,0
CUST-14815,Kadın,64,Hayır,Evet,25,Aylık,Yok,Yok,Var,Evet,Posta Çeki,0,42.2,1074.61,0
CUST-14816,Kadın,53,Evet,Hayır,59,2 Yıllık,DSL,Yok,Yok,Evet,Elektronik Çek,2,63.69,3857.3,0
CUST-14817,Erkek,55,Evet,Hayır,14,2 Yıllık,DSL,Var,Var,Hayır,Elektronik Çek,1,57.42,776.01,0
CUST-14818,Erkek,49,Evet,Hayır,33,2 Yıllık,Fiber,Yok,Var,Hayır,Otomatik Ödeme,2,69.88,2156.62,0
CUST-14819,Erkek,48,Evet,Hayır,47,1 Yıllık,DSL,Yok,Var,Hayır,Elektronik Çek,2,62.19,2776.72,0
CUST-14820,Kadın,18,Evet,Hayır,28,1 Yıllık,Fiber,Var,Yok,Evet,Otomatik Ödeme,1,87.86,2566.46,0
CUST-14821,Kadın,42,Hayır,Hayır,11,2 Yıllık,Fiber,Var,Yok,Evet,Otomatik Ödeme,0,79.65,876.58,0
CUST-14822,Erkek,21,Evet,Hayır,38,Aylık,Fiber,Yok,Var,Evet,Otomatik Ödeme,0,85.76,3193.95,0
CUST-14823,Kadın,70,Evet,Hayır,72,2 Yıllık,Fiber,Var,Var,Evet,Elektronik Çek,1,86.34,5925.44,0
CUST-14824,Erkek,40,Hayır,Hayır,62,1 Yıllık,Fiber,Yok,Yok,Evet,Elektronik Çek,1,97.11,6061.85,0
CUST-14825,Erkek,56,Evet,Hayır,23,2 Yıllık,Yok,Yok,Yok,Evet,Otomatik Ödeme,1,19.67,477.8,0
CUST-14826,Kadın,27,Evet,Hayır,54,Aylık,DSL,Var,Var,Hayır,Otomatik Ödeme,1,46.13,2435.33,0
CUST-14827,Erkek,29,Evet,Hayır,24,1 Yıllık,DSL,Var,Var,Evet,Otomatik Ödeme,1,52.69,1325.74,0
CUST-14828,Erkek,51,Hayır,Hayır,24,Aylık,Yok,Yok,Var,Evet,Otomatik Ödeme,0,36.24,813.23,1
CUST-14829,Kadın,29,Hayır,Hayır,31,Aylık,Yok,Yok,Yok,Hayır,Elektronik Çek,2,33.69,1036.75,1
CUST-14830,Erkek,53,Evet,Hayır,39,Aylık,Fiber,Yok,Yok,Hayır,Otomatik Ödeme,0,95.96,3853.48,0
CUST-14831,Erkek,74,Hayır,Hayır,6,1 Yıllık,DSL,Yok,Yok,Hayır,Otomatik Ödeme,4,51.24,285.04,1
CUST-14832,Kadın,24,Evet,Hayır,13,Aylık,Fiber,Yok,Yok,Evet,Elektronik Çek,0,95.08,1317.26,1
CUST-14833,Kadın,42,Evet,Hayır,22,2 Yıllık,Fiber,Var,Yok,Evet,Elektronik Çek,1,88.92,2111.29,1
CUST-14834,Erkek,49,Hayır,Hayır,10,Aylık,DSL,Yok,Yok,Evet,Otomatik Ödeme,3,59.45,637.89,0
CUST-14835,Erkek,22,Hayır,Hayır,23,Aylık,Fiber,Var,Yok,Evet,Elektronik Çek,2,92.51,2037.18,1
CUST-14836,Erkek,39,Evet,Hayır,27,2 Yıllık,Yok,Yok,Yok,Evet,Elektronik Çek,2,42.74,1218.18,0
CUST-14837,Kadın,62,Evet,Evet,32,Aylık,Fiber,Yok,Yok,Hayır,Elektronik Çek,2,73.38,2284.59,0
CUST-14838,Erkek,23,Hayır,Hayır,47,Aylık,Fiber,Yok,Var,Evet,Otomatik Ödeme,2,79.96,3614.11,1
CUST-14839,Kadın,33,Evet,Hayır,24,1 Yıllık,Yok,Yok,Yok,Evet,Otomatik Ödeme,3,50.53,1119.21,1
CUST-14840,Kadın,21,Hayır,Hayır,11,Aylık,Fiber,Yok,Yok,Hayır,Elektronik Çek,1,84.34,873.44,1
CUST-14841,Kadın,54,Hayır,Evet,9,2 Yıllık,Fiber,Var,Var,Evet,Elektronik Çek,1,87.08,833.75,1
CUST-14842,Kadın,29,Evet,Evet,16,Aylık,DSL,Var,Yok,Hayır,Posta Çeki,0,66.33,1134.54,1
CUST-14843,Kadın,23,Hayır,Hayır,10,2 Yıllık,DSL,Yok,Yok,Hayır,Elektronik Çek,1,26.49,264.07,0
CUST-14844,Erkek,34,Hayır,Hayır,29,Aylık,Yok,Yok,Var,Evet,Elektronik Çek,0,31.51,984.68,1
CUST-14845,Erkek,32,Evet,Hayır,14,2 Yıllık,DSL,Yok,Yok,Evet,Otomatik Ödeme,1,69.87,1013.6,0
CUST-14846,Erkek,68,Hayır,Hayır,20,Aylık,Fiber,Yok,Var,Evet,Posta Çeki,1,77.23,1546.68,1
CUST-14847,Erkek,18,Evet,Hayır,24,2 Yıllık,Yok,Var,Yok,Hayır,Otomatik Ödeme,0,30.26,706.44,0
CUST-14848,Erkek,68,Hayır,Hayır,60,Aylık,Fiber,Yok,Var,Hayır,Otomatik Ödeme,0,98.11,5430.04,0
CUST-14849,Kadın,37,Evet,Hayır,33,Aylık,Fiber,Yok,Var,Evet,Otomatik Ödeme,2,97.34,3066.96,1
CUST-14850,Erkek,37,Evet,Hayır,38,1 Yıllık,Fiber,Yok,Yok,Hayır,Posta Çeki,3,77.8,3142.63,0
CUST-14851,Kadın,50,Evet,Hayır,28,Aylık,Yok,Yok,Var,Hayır,Otomatik Ödeme,1,27.79,750.58,1
CUST-14852,Kadın,54,Hayır,Evet,25,1 Yıllık,DSL,Yok,Yok,Evet,Posta Çeki,2,60.63,1443.89,1
CUST-14853,Kadın,37,Evet,Hayır,40,1 Yıllık,Fiber,Yok,Yok,Evet,Posta Çeki,2,104.22,3946.52,0
CUST-14854,Kadın,29,Hayır,Hayır,65,Aylık,Fiber,Var,Yok,Hayır,Elektronik Çek,3,98.94,6246.33,0
CUST-14855,Erkek,34,Evet,Evet,46,Aylık,Yok,Yok,Yok,Evet,Posta Çeki,2,36.91,1667.99,0
CUST-14856,Erkek,29,Evet,Hayır,28,1 Yıllık,DSL,Yok,Var,Hayır,Otomatik Ödeme,1,72.2,2029.6,0
CUST-14857,Kadın,34,Evet,Evet,41,1 Yıllık,DSL,Yok,Var,Evet,Otomatik Ödeme,2,57.7,2191.18,0
CUST-14858,Kadın,25,Evet,Evet,72,Aylık,Fiber,Var,Yok,Evet,Elektronik Çek,3,93.45,6739.64,0
CUST-14859,Erkek,32,Hayır,Evet,64,Aylık,Fiber,Yok,Var,Evet,Otomatik Ödeme,1,81.15,4990.87,0
CUST-14860,Erkek,39,Evet,Evet,8,2 Yıllık,Fiber,Var,Var,Evet,Otomatik Ödeme,1,66.42,539.25,1
CUST-14861,Erkek,25,Evet,Hayır,72,Aylık,DSL,Yok,Yok,Hayır,Otomatik Ödeme,0,47.82,3198.66,1
CUST-14862,Erkek,32,Evet,Hayır,23,2 Yıllık,DSL,Yok,Var,Hayır,Posta Çeki,2,73.88,1829.69,1
CUST-14863,Erkek,39,Hayır,Evet,26,Aylık,Fiber,Yok,Yok,Evet,Otomatik Ödeme,3,77.88,2112.08,1
CUST-14864,Kadın,35,Evet,Evet,6,1 Yıllık,Yok,Var,Yok,Evet,Otomatik Ödeme,2,26.96,165.32,0
CUST-14865,Erkek,26,Evet,Hayır,46,2 Yıllık,DSL,Yok,Var,Evet,Elektronik Çek,3,56.55,2500.82,0
CUST-14866,Kadın,24,Hayır,Hayır,5,Aylık,DSL,Yok,Var,Evet,Elektronik Çek,1,56.53,285.53,1
CUST-14867,Kadın,49,Evet,Hayır,34,1 Yıllık,DSL,Yok,Yok,Evet,Elektronik Çek,2,54.47,1707.89,1
CUST-14868,Erkek,40,Hayır,Hayır,50,Aylık,DSL,Yok,Yok,Hayır,Elektronik Çek,3,47.11,2458.05,0
CUST-14869,Erkek,43,Evet,Hayır,55,Aylık,Yok,Yok,Yok,Evet,Posta Çeki,4,36.05,1941.57,1
CUST-14870,Erkek,64,Hayır,Hayır,15,Aylık,Fiber,Var,Yok,Evet,Elektronik Çek,1,89.26,1249.21,1
CUST-14871,Erkek,18,Evet,Hayır,21,1 Yıllık,DSL,Yok,Yok,Evet,Otomatik Ödeme,2,71.76,1501.1,0
CUST-14872,Erkek,56,Hayır,Hayır,24,Aylık,DSL,Yok,Var,Evet,Posta Çeki,1,52.94,1281.21,1
CUST-14873,Kadın,58,Hayır,Hayır,23,2 Yıllık,Yok,Yok,Yok,Evet,Otomatik Ödeme,2,19.73,473.17,0
CUST-14874,Kadın,56,Evet,Hayır,13,Aylık,DSL,Var,Yok,Evet,Otomatik Ödeme,1,68.58,847.49,1
CUST-14875,Erkek,31,Evet,Evet,35,Aylık,Fiber,Var,Var,Evet,Otomatik Ödeme,2,90.61,3352.89,1
CUST-14876,Erkek,22,Hayır,Evet,26,Aylık,Fiber,Yok,Var,Hayır,Elektronik Çek,0,70.38,1910.9,0
CUST-14877,Erkek,56,Hayır,Hayır,70,Aylık,Yok,Yok,Yok,Hayır,Elektronik Çek,0,46.96,3341.71,0
CUST-14878,Erkek,55,Hayır,Hayır,31,Aylık,Fiber,Yok,Yok,Hayır,Posta Çeki,1,99.22,3176.63,1
CUST-14879,Erkek,55,Hayır,Hayır,20,Aylık,DSL,Yok,Var,Evet,Elektronik Çek,3,47.84,917.86,0
CUST-14880,Kadın,47,Evet,Hayır,10,Aylık,DSL,Yok,Var,Hayır,Elektronik Çek,0,53.19,570.25,0
CUST-14881,Kadın,49,Hayır,Hayır,4,Aylık,Fiber,Yok,Yok,Evet,Elektronik Çek,0,76.85,316.75,1
CUST-14882,Kadın,52,Hayır,Hayır,18,1 Yıllık,Yok,Yok,Yok,Hayır,Elektronik Çek,2,50.81,902.61,0
CUST-14883,Erkek,71,Hayır,Hayır,18,Aylık,Fiber,Var,Yok,Evet,Elektronik Çek,0,91.69,1734.62,1
CUST-14884,Kadın,32,Evet,Hayır,11,1 Yıllık,Fiber,Yok,Yok,Hayır,Elektronik Çek,0,92.51,1077.86,1
CUST-14885,Kadın,57,Evet,Hayır,18,Aylık,DSL,Var,Yok,Hayır,Otomatik Ödeme,1,60.97,1054.04,1
CUST-14886,Kadın,30,Hayır,Evet,35,Aylık,Fiber,Var,Yok,Evet,Elektronik Çek,3,82.45,2903.93,1
CUST-14887,Erkek,47,Hayır,Hayır,16,Aylık,Yok,Yok,Yok,Evet,Otomatik Ödeme,0,33.02,522.85,0
CUST-14888,Erkek,46,Hayır,Hayır,21,Aylık,Yok,Yok,Yok,Evet,Otomatik Ödeme,2,38.33,859.59,1
CUST-14889,Kadın,64,Evet,Hayır,8,2 Yıllık,Yok,Yok,Yok,Evet,Otomatik Ödeme,1,42.82,361.89,0
CUST-14890,Kadın,53,Hayır,Hayır,72,Aylık,DSL,Yok,Yok,Evet,Otomatik Ödeme,2,67.78,5058.61,0
CUST-14891,Erkek,54,Hayır,Hayır,30,Aylık,DSL,Yok,Yok,Evet,Posta Çeki,2,54.99,1755.57,0
CUST-14892,Kadın,29,Hayır,Evet,14,Aylık,Fiber,Yok,Yok,Evet,Elektronik Çek,1,86.94,1171.51,1
CUST-14893,Kadın,85,Hayır,Hayır,42,2 Yıllık,DSL,Var,Yok,Hayır,Otomatik Ödeme,3,55.62,2353.85,0
CUST-14894,Erkek,33,Evet,Hayır,29,1 Yıllık,DSL,Var,Yok,Evet,Posta Çeki,0,70.93,2056.21,0
CUST-14895,Erkek,43,Evet,Hayır,20,1 Yıllık,Fiber,Yok,Yok,Evet,Otomatik Ödeme,1,93.19,1944.37,0
CUST-14896,Kadın,46,Evet,Evet,34,1 Yıllık,Fiber,Var,Var,Evet,Posta Çeki,1,72.27,2596.92,0
CUST-14897,Erkek,46,Hayır,Evet,50,Aylık,Yok,Yok,Var,Evet,Posta Çeki,1,29.69,1572.18,0
CUST-14898,Kadın,38,Evet,Hayır,32,1 Yıllık,DSL,Yok,Yok,Evet,Otomatik Ödeme,1,77.74,2402.22,0
CUST-14899,Kadın,29,Evet,Hayır,58,Aylık,Fiber,Yok,Yok,Hayır,Posta Çeki,1,78.93,4581.29,0
CUST-14900,Erkek,25,Evet,Hayır,26,1 Yıllık,Fiber,Var,Var,Evet,Otomatik Ödeme,4,78.2,2013.39,0
CUST-14901,Kadın,18,Hayır,Hayır,21,Aylık,Fiber,Var,Yok,Hayır,Elektronik Çek,1,73.13,1648.87,1
CUST-14902,Kadın,50,Evet,Hayır,71,1 Yıllık,DSL,Var,Yok,Evet,Elektronik Çek,1,55.38,3904.65,0
CUST-14903,Erkek,36,Evet,Evet,23,Aylık,Fiber,Yok,Yok,Hayır,Posta Çeki,1,82.92,1893.64,0
CUST-14904,Erkek,44,Hayır,Evet,43,Aylık,Yok,Yok,Yok,Hayır,Elektronik Çek,0,18.0,757.08,1
CUST-14905,Erkek,43,Evet,Hayır,24,1 Yıllık,Fiber,Var,Yok,Hayır,Elektronik Çek,2,83.49,2062.0,1
CUST-14906,Kadın,40,Hayır,Hayır,12,2 Yıllık,Fiber,Var,Yok,Evet,Otomatik Ödeme,0,69.09,834.97,0
CUST-14907,Erkek,35,Evet,Evet,16,Aylık,DSL,Yok,Yok,Hayır,Posta Çeki,0,76.29,1253.35,0
CUST-14908,Erkek,52,Hayır,Hayır,15,Aylık,Fiber,Yok,Yok,Evet,Otomatik Ödeme,5,95.04,1458.53,0
CUST-14909,Kadın,67,Evet,Hayır,66,Aylık,Fiber,Var,Yok,Evet,Elektronik Çek,4,70.41,4775.65,1
CUST-14910,Kadın,45,Hayır,Hayır,10,1 Yıllık,Yok,Yok,Yok,Hayır,Elektronik Çek,1,23.53,235.08,0
CUST-14911,Erkek,32,Evet,Hayır,21,2 Yıllık,Fiber,Var,Yok,Hayır,Otomatik Ödeme,1,94.54,2091.95,0
CUST-14912,Erkek,23,Hayır,Hayır,24,Aylık,Fiber,Yok,Yok,Hayır,Otomatik Ödeme,1,76.86,1758.76,1
CUST-14913,Erkek,26,Hayır,Hayır,11,Aylık,Fiber,Yok,Yok,Evet,Posta Çeki,2,80.74,870.69,1
CUST-14914,Erkek,35,Hayır,Hayır,30,Aylık,Fiber,Yok,Yok,Evet,Otomatik Ödeme,3,89.46,2589.29,1
CUST-14915,Erkek,18,Evet,Hayır,26,2 Yıllık,DSL,Yok,Yok,Hayır,Elektronik Çek,0,62.23,1666.77,0
CUST-14916,Kadın,21,Evet,Hayır,12,Aylık,DSL,Var,Yok,Evet,Elektronik Çek,1,37.3,412.53,0
CUST-14917,Kadın,30,Evet,Evet,10,Aylık,Fiber,Yok,Yok,Hayır,Elektronik Çek,2,78.23,782.41,0
CUST-14918,Erkek,52,Evet,Hayır,33,1 Yıllık,Fiber,Yok,Yok,Hayır,Elektronik Çek,2,89.58,2737.43,0
CUST-14919,Kadın,44,Hayır,Hayır,5,2 Yıllık,Yok,Yok,Yok,Hayır,Posta Çeki,2,35.15,177.83,0
CUST-14920,Kadın,31,Evet,Hayır,72,1 Yıllık,DSL,Yok,Yok,Hayır,Elektronik Çek,2,64.8,4899.07,0
CUST-14921,Kadın,47,Evet,Evet,53,Aylık,Fiber,Yok,Var,Hayır,Posta Çeki,4,90.72,4699.24,0
CUST-14922,Erkek,45,Evet,Hayır,7,Aylık,DSL,Yok,Yok,Evet,Elektronik Çek,2,64.47,449.91,1
CUST-14923,Erkek,43,Hayır,Evet,13,Aylık,Yok,Var,Var,Hayır,Otomatik Ödeme,1,34.63,464.3,0
CUST-14924,Erkek,40,Hayır,Hayır,7,2 Yıllık,Fiber,Yok,Yok,Evet,Posta Çeki,1,68.8,502.79,1
CUST-14925,Kadın,27,Evet,Hayır,2,1 Yıllık,DSL,Yok,Yok,Evet,Otomatik Ödeme,2,46.52,91.89,1
CUST-14926,Kadın,44,Evet,Hayır,59,Aylık,DSL,Yok,Yok,Hayır,Otomatik Ödeme,0,49.7,2998.85,0
CUST-14927,Kadın,49,Evet,Hayır,20,Aylık,Fiber,Yok,Yok,Evet,Otomatik Ödeme,2,86.65,1796.25,1
CUST-14928,Kadın,59,Evet,Hayır,19,1 Yıllık,DSL,Yok,Var,Evet,Elektronik Çek,1,50.42,928.14,0
CUST-14929,Kadın,38,Hayır,Hayır,25,Aylık,Fiber,Yok,Yok,Hayır,Elektronik Çek,2,84.62,2255.64,0
CUST-14930,Erkek,36,Hayır,Hayır,14,1 Yıllık,DSL,Var,Yok,Evet,Posta Çeki,2,33.36,430.37,1
CUST-14931,Erkek,59,Evet,Hayır,40,2 Yıllık,DSL,Yok,Yok,Evet,Elektronik Çek,2,46.54,1838.87,0
CUST-14932,Kadın,38,Hayır,Hayır,14,2 Yıllık,Fiber,Yok,Yok,Evet,Posta Çeki,3,83.75,1172.21,0
CUST-14933,Kadın,47,Hayır,Hayır,20,2 Yıllık,DSL,Yok,Yok,Evet,Otomatik Ödeme,3,66.23,1399.62,0
CUST-14934,Erkek,65,Hayır,Hayır,18,Aylık,DSL,Yok,Var,Hayır,Elektronik Çek,2,52.95,1001.77,0
CUST-14935,Kadın,26,Hayır,Hayır,14,Aylık,Fiber,Var,Yok,Hayır,Otomatik Ödeme,0,90.35,1302.66,0
CUST-14936,Erkek,31,Evet,Hayır,28,Aylık,Fiber,Var,Yok,Hayır,Elektronik Çek,0,76.79,2208.45,1
CUST-14937,Erkek,57,Evet,Hayır,32,Aylık,DSL,Yok,Var,Hayır,Otomatik Ödeme,1,77.38,2522.64,0
CUST-14938,Kadın,65,Evet,Evet,6,1 Yıllık,DSL,Var,Yok,Evet,Elektronik Çek,1,65.18,389.72,1
CUST-14939,Erkek,33,Evet,Hayır,72,1 Yıllık,DSL,Yok,Yok,Evet,Otomatik Ödeme,0,56.93,3995.95,0
CUST-14940,Kadın,57,Hayır,Hayır,56,2 Yıllık,Yok,Var,Var,Evet,Otomatik Ödeme,2,34.6,1861.08,0
CUST-14941,Erkek,40,Evet,Evet,7,2 Yıllık,Fiber,Yok,Yok,Evet,Elektronik Çek,2,78.96,578.21,0
CUST-14942,Erkek,57,Hayır,Hayır,61,Aylık,DSL,Yok,Var,Evet,Otomatik Ödeme,1,60.2,3938.99,0
CUST-14943,Erkek,54,Evet,Hayır,14,Aylık,Yok,Yok,Var,Evet,Posta Çeki,2,46.06,627.83,0
CUST-14944,Erkek,49,Evet,Hayır,22,Aylık,Yok,Var,Var,Evet,Otomatik Ödeme,1,43.57,929.6,1
CUST-14945,Erkek,56,Hayır,Hayır,34,Aylık,DSL,Yok,Yok,Evet,Otomatik Ödeme,2,50.36,1604.83,0
CUST-14946,Erkek,72,Evet,Hayır,21,2 Yıllık,Fiber,Yok,Yok,Hayır,Otomatik Ödeme,1,75.01,1510.25,0
CUST-14947,Erkek,53,Evet,Evet,45,1 Yıllık,Fiber,Yok,Yok,Evet,Otomatik Ödeme,1,101.88,4301.79,0
CUST-14948,Kadın,50,Evet,Evet,25,Aylık,Fiber,Var,Yok,Evet,Otomatik Ödeme,1,105.62,2782.73,1
CUST-14949,Erkek,18,Hayır,Hayır,11,Aylık,DSL,Yok,Yok,Evet,Otomatik Ödeme,0,52.26,605.04,0
CUST-14950,Erkek,66,Hayır,Hayır,7,2 Yıllık,Fiber,Var,Var,Hayır,Elektronik Çek,0,86.47,611.85,0
CUST-14951,Erkek,18,Evet,Hayır,10,2 Yıllık,Fiber,Yok,Yok,Evet,Elektronik Çek,1,83.7,777.87,1
CUST-14952,Erkek,18,Hayır,Hayır,40,1 Yıllık,Yok,Yok,Yok,Evet,Elektronik Çek,4,48.36,1834.55,1
CUST-14953,Erkek,18,Evet,Hayır,51,Aylık,Fiber,Var,Var,Hayır,Otomatik Ödeme,1,75.99,4043.25,1
CUST-14954,Kadın,42,Evet,Hayır,42,Aylık,DSL,Var,Yok,Hayır,Elektronik Çek,0,50.36,1946.05,0
CUST-14955,Erkek,47,Hayır,Hayır,48,1 Yıllık,Yok,Var,Var,Hayır,Otomatik Ödeme,0,42.72,2123.83,0
CUST-14956,Erkek,58,Hayır,Hayır,72,2 Yıllık,Fiber,Var,Yok,Hayır,Posta Çeki,0,83.69,6442.18,0
CUST-14957,Kadın,46,Evet,Hayır,39,Aylık,Fiber,Yok,Var,Evet,Otomatik Ödeme,0,89.41,3643.65,0
CUST-14958,Erkek,18,Evet,Evet,52,Aylık,Yok,Yok,Var,Hayır,Otomatik Ödeme,4,20.5,1138.68,0
CUST-14959,Kadın,47,Hayır,Evet,6,Aylık,Fiber,Yok,Yok,Evet,Elektronik Çek,1,127.34,817.83,1
CUST-14960,Kadın,50,Evet,Evet,18,Aylık,Yok,Yok,Yok,Evet,Otomatik Ödeme,3,19.39,364.26,0
CUST-14961,Erkek,31,Evet,Hayır,62,Aylık,DSL,Yok,Var,Hayır,Posta Çeki,1,64.69,3751.75,0
CUST-14962,Erkek,60,Evet,Hayır,11,1 Yıllık,Fiber,Yok,Yok,Hayır,Posta Çeki,1,110.98,1145.66,0
CUST-14963,Erkek,30,Hayır,Evet,21,1 Yıllık,Yok,Yok,Var,Hayır,Otomatik Ödeme,1,41.69,888.58,0
CUST-14964,Erkek,49,Evet,Hayır,2,Aylık,Fiber,Yok,Yok,Evet,Otomatik Ödeme,1,60.68,116.39,1
CUST-14965,Erkek,27,Hayır,Hayır,57,Aylık,Yok,Yok,Var,Evet,Otomatik Ödeme,2,78.24,4230.97,1
CUST-14966,Erkek,43,Hayır,Hayır,56,Aylık,Yok,Yok,Yok,Hayır,Otomatik Ödeme,1,18.0,1063.18,0
CUST-14967,Kadın,62,Hayır,Evet,54,1 Yıllık,DSL,Var,Yok,Evet,Posta Çeki,3,42.93,2153.91,0
CUST-14968,Erkek,55,Evet,Evet,19,Aylık,DSL,Var,Yok,Evet,Otomatik Ödeme,2,64.5,1149.19,0
CUST-14969,Kadın,42,Hayır,Hayır,23,Aylık,Fiber,Yok,Var,Hayır,Otomatik Ödeme,4,92.95,2292.27,1
CUST-14970,Kadın,56,Hayır,Hayır,26,1 Yıllık,Fiber,Yok,Yok,Hayır,Elektronik Çek,2,61.95,1525.26,0
CUST-14971,Erkek,27,Evet,Hayır,22,2 Yıllık,Fiber,Yok,Yok,Evet,Otomatik Ödeme,2,87.49,1973.97,0
CUST-14972,Erkek,69,Evet,Hayır,11,Aylık,Fiber,Yok,Yok,Evet,Elektronik Çek,0,92.0,994.69,1
CUST-14973,Kadın,52,Hayır,Hayır,19,2 Yıllık,DSL,Var,Yok,Evet,Otomatik Ödeme,4,61.54,1077.11,0
CUST-14974,Erkek,35,Hayır,Hayır,36,Aylık,Fiber,Yok,Yok,Evet,Elektronik Çek,2,74.48,2664.2,1
CUST-14975,Erkek,25,Hayır,Hayır,72,Aylık,DSL,Yok,Yok,Hayır,Elektronik Çek,2,71.56,4830.48,0
CUST-14976,Erkek,43,Evet,Hayır,14,2 Yıllık,DSL,Yok,Yok,Evet,Posta Çeki,1,48.74,632.51,0
CUST-14977,Kadın,42,Hayır,Evet,10,2 Yıllık,Fiber,Var,Var,Hayır,Elektronik Çek,0,92.25,990.27,0
CUST-14978,Erkek,25,Evet,Hayır,56,Aylık,Fiber,Yok,Yok,Hayır,Otomatik Ödeme,1,94.23,5057.38,1
CUST-14979,Erkek,42,Evet,Hayır,36,1 Yıllık,DSL,Var,Yok,Hayır,Elektronik Çek,2,58.38,2055.93,0
CUST-14980,Erkek,58,Hayır,Hayır,7,1 Yıllık,Yok,Var,Yok,Hayır,Otomatik Ödeme,1,34.15,251.52,0
CUST-14981,Erkek,44,Hayır,Hayır,35,Aylık,Yok,Var,Yok,Hayır,Elektronik Çek,0,39.9,1325.64,1
CUST-14982,Erkek,51,Hayır,Evet,11,1 Yıllık,Yok,Yok,Yok,Evet,Posta Çeki,4,47.24,511.36,0
CUST-14983,Erkek,28,Hayır,Evet,11,1 Yıllık,Fiber,Yok,Yok,Evet,Otomatik Ödeme,1,67.51,753.97,0
CUST-14984,Erkek,43,Hayır,Evet,18,Aylık,Yok,Yok,Yok,Evet,Otomatik Ödeme,0,55.25,993.77,0
CUST-14985,Kadın,63,Hayır,Hayır,71,Aylık,Fiber,Var,Yok,Evet,Elektronik Çek,1,67.05,4612.28,0
CUST-14986,Kadın,63,Evet,Evet,38,1 Yıllık,Fiber,Yok,Yok,Evet,Elektronik Çek,2,74.62,2910.21,1
CUST-14987,Erkek,40,Evet,Hayır,24,1 Yıllık,Fiber,Yok,Yok,Hayır,Elektronik Çek,2,92.15,2062.98,0
CUST-14988,Erkek,31,Hayır,Hayır,14,Aylık,Fiber,Yok,Yok,Hayır,Otomatik Ödeme,0,79.98,1099.16,1
CUST-14989,Erkek,36,Hayır,Evet,3,1 Yıllık,Fiber,Var,Var,Evet,Posta Çeki,2,96.59,297.02,1
CUST-14990,Erkek,26,Evet,Hayır,4,Aylık,DSL,Yok,Yok,Evet,Otomatik Ödeme,1,62.2,251.3,1
CUST-14991,Erkek,32,Hayır,Hayır,8,Aylık,Yok,Var,Yok,Evet,Otomatik Ödeme,3,24.34,185.43,1
CUST-14992,Erkek,45,Hayır,Hayır,14,Aylık,DSL,Var,Yok,Hayır,Elektronik Çek,2,56.92,808.12,1
CUST-14993,Erkek,28,Hayır,Hayır,51,1 Yıllık,DSL,Yok,Yok,Evet,Otomatik Ödeme,2,43.17,2152.34,0
CUST-14994,Kadın,61,Evet,Evet,12,Aylık,Fiber,Var,Yok,Evet,Elektronik Çek,2,84.86,1031.36,1
CUST-14995,Erkek,42,Evet,Hayır,12,2 Yıllık,DSL,Yok,Yok,Hayır,Otomatik Ödeme,2,49.09,616.71,0
CUST-14996,Erkek,28,Hayır,Hayır,20,2 Yıllık,DSL,Yok,Yok,Evet,Otomatik Ödeme,0,68.65,1317.1,0
CUST-14997,Erkek,41,Hayır,Hayır,56,Aylık,Yok,Var,Var,Hayır,Otomatik Ödeme,1,32.89,1937.17,0
CUST-14998,Kadın,42,Hayır,Evet,24,Aylık,DSL,Yok,Yok,Hayır,Posta Çeki,0,66.56,1722.12,0
CUST-14999,Erkek,34,Evet,Hayır,14,Aylık,Fiber,Var,Yok,Hayır,Otomatik Ödeme,1,69.77,959.58,1
CUST-15000,Kadın,39,Evet,Hayır,7,Aylık,Fiber,Yok,Yok,Hayır,Posta Çeki,1,110.37,810.82,1
CUST-15001,Kadın,35,Hayır,Hayır,5,2 Yıllık,DSL,Yok,Yok,Evet,Elektronik Çek,1,61.36,330.59,1
CUST-15002,Erkek,18,Hayır,Evet,6,1 Yıllık,Fiber,Yok,Yok,Evet,Elektronik Çek,2,108.13,652.59,1
CUST-15003,Kadın,47,Evet,Hayır,48,Aylık,Yok,Yok,Yok,Hayır,Elektronik Çek,1,55.31,2526.03,0
CUST-15004,Kadın,40,Hayır,Hayır,39,1 Yıllık,Fiber,Yok,Var,Evet,Otomatik Ödeme,3,87.53,3156.36,0
CUST-15005,Kadın,36,Hayır,Hayır,53,Aylık,DSL,Yok,Yok,Hayır,Elektronik Çek,5,81.0,4276.37,1
CUST-15006,Kadın,30,Hayır,Hayır,20,Aylık,Fiber,Var,Yok,Evet,Otomatik Ödeme,1,93.71,2011.24,1
CUST-15007,Kadın,50,Evet,Hayır,55,Aylık,Fiber,Yok,Yok,Evet,Otomatik Ödeme,1,83.46,4450.71,1
CUST-15008,Kadın,21,Hayır,Hayır,41,Aylık,DSL,Var,Var,Evet,Otomatik Ödeme,0,38.36,1688.18,0
CUST-15009,Erkek,25,Hayır,Evet,16,Aylık,Fiber,Yok,Yok,Evet,Posta Çeki,0,77.88,1154.15,0
CUST-15010,Erkek,29,Hayır,Evet,46,1 Yıllık,DSL,Var,Yok,Hayır,Otomatik Ödeme,3,61.21,2822.79,1
CUST-15011,Kadın,44,Hayır,Evet,70,Aylık,DSL,Yok,Var,Hayır,Elektronik Çek,0,59.65,4424.67,0
CUST-15012,Kadın,49,Hayır,Hayır,4,Aylık,DSL,Yok,Yok,Hayır,Elektronik Çek,1,67.27,256.45,1
CUST-15013,Kadın,77,Hayır,Hayır,21,1 Yıllık,Fiber,Yok,Yok,Hayır,Posta Çeki,0,88.04,1812.8,1
CUST-15014,Erkek,39,Hayır,Evet,54,Aylık,DSL,Yok,Var,Evet,Posta Çeki,2,73.82,4030.55,0
CUST-15015,Erkek,41,Evet,Hayır,32,1 Yıllık,DSL,Var,Yok,Evet,Posta Çeki,0,53.83,1633.27,0
CUST-15016,Erkek,38,Evet,Hayır,48,1 Yıllık,Fiber,Yok,Yok,Hayır,Otomatik Ödeme,0,84.04,4158.38,0
CUST-15017,Kadın,27,Hayır,Evet,25,1 Yıllık,Fiber,Yok,Yok,Evet,Posta Çeki,2,92.14,2436.12,0
CUST-15018,Kadın,71,Hayır,Hayır,32,Aylık,Fiber,Var,Yok,Evet,Otomatik Ödeme,3,90.56,2746.45,0
CUST-15019,Kadın,62,Evet,Evet,30,Aylık,Fiber,Yok,Yok,Evet,Otomatik Ödeme,1,94.63,2850.05,0
CUST-15020,Kadın,34,Hayır,Hayır,37,2 Yıllık,DSL,Yok,Yok,Evet,Otomatik Ödeme,0,66.41,2462.28,0
CUST-15021,Kadın,32,Evet,Hayır,15,2 Yıllık,Fiber,Yok,Var,Hayır,Otomatik Ödeme,0,87.04,1405.87,0
CUST-15022,Kadın,57,Evet,Evet,28,2 Yıllık,DSL,Yok,Yok,Hayır,Otomatik Ödeme,0,64.78,1707.39,0
CUST-15023,Erkek,48,Hayır,Hayır,6,Aylık,DSL,Yok,Var,Hayır,Elektronik Çek,2,50.57,285.7,1
CUST-15024,Erkek,18,Hayır,Hayır,38,2 Yıllık,DSL,Var,Var,Hayır,Otomatik Ödeme,3,58.96,2185.19,0
CUST-15025,Erkek,49,Hayır,Hayır,18,2 Yıllık,DSL,Yok,Var,Evet,Elektronik Çek,1,66.95,1250.26,0
CUST-15026,Erkek,59,Hayır,Evet,68,Aylık,Yok,Var,Yok,Evet,Otomatik Ödeme,4,19.23,1321.14,0
CUST-15027,Kadın,25,Hayır,Hayır,66,2 Yıllık,Fiber,Var,Yok,Evet,Otomatik Ödeme,2,105.96,7028.02,0
CUST-15028,Kadın,50,Hayır,Hayır,12,1 Yıllık,DSL,Var,Var,Evet,Elektronik Çek,5,57.07,690.56,0
CUST-15029,Erkek,59,Evet,Hayır,25,Aylık,Fiber,Var,Var,Evet,Otomatik Ödeme,2,84.54,2227.06,0
CUST-15030,Erkek,50,Evet,Hayır,12,Aylık,Yok,Yok,Yok,Evet,Otomatik Ödeme,2,48.53,547.21,1
CUST-15031,Erkek,41,Hayır,Hayır,11,Aylık,Fiber,Var,Var,Evet,Elektronik Çek,0,104.42,1187.04,1
CUST-15032,Kadın,35,Hayır,Hayır,39,Aylık,Fiber,Yok,Yok,Hayır,Otomatik Ödeme,1,86.78,3602.47,0
CUST-15033,Erkek,31,Evet,Hayır,38,1 Yıllık,DSL,Var,Yok,Hayır,Otomatik Ödeme,0,74.78,2889.5,0
CUST-15034,Kadın,58,Hayır,Hayır,49,Aylık,Fiber,Yok,Yok,Hayır,Posta Çeki,2,95.07,4895.77,1
CUST-15035,Erkek,47,Evet,Hayır,13,2 Yıllık,Fiber,Var,Var,Hayır,Otomatik Ödeme,2,67.39,878.89,0
CUST-15036,Kadın,47,Hayır,Evet,23,1 Yıllık,Fiber,Var,Yok,Hayır,Otomatik Ödeme,3,91.51,2109.4,0
CUST-15037,Erkek,30,Evet,Evet,42,Aylık,DSL,Yok,Var,Evet,Elektronik Çek,1,59.3,2437.06,0
CUST-15038,Erkek,53,Evet,Evet,37,Aylık,Fiber,Yok,Yok,Hayır,Posta Çeki,0,83.82,3132.29,1
CUST-15039,Erkek,41,Evet,Evet,7,2 Yıllık,DSL,Yok,Var,Evet,Elektronik Çek,3,57.45,420.71,0
CUST-15040,Erkek,30,Hayır,Hayır,10,1 Yıllık,Fiber,Yok,Yok,Evet,Elektronik Çek,3,63.97,659.49,1
CUST-15041,Erkek,30,Hayır,Evet,36,Aylık,Yok,Yok,Yok,Hayır,Posta Çeki,1,36.29,1321.83,0
CUST-15042,Erkek,18,Hayır,Hayır,62,1 Yıllık,Fiber,Yok,Yok,Evet,Otomatik Ödeme,4,100.79,6707.62,0
CUST-15043,Erkek,30,Hayır,Evet,13,Aylık,Fiber,Yok,Yok,Evet,Posta Çeki,3,89.94,1173.75,0
CUST-15044,Erkek,37,Evet,Hayır,16,Aylık,DSL,Var,Yok,Hayır,Elektronik Çek,1,60.06,986.32,1
CUST-15045,Erkek,51,Hayır,Hayır,10,2 Yıllık,Yok,Yok,Yok,Evet,Elektronik Çek,0,40.83,396.92,1
CUST-15046,Kadın,48,Hayır,Evet,32,Aylık,Yok,Yok,Yok,Evet,Posta Çeki,0,24.54,827.78,0
CUST-15047,Erkek,85,Evet,Hayır,7,2 Yıllık,DSL,Yok,Yok,Hayır,Otomatik Ödeme,1,59.37,404.27,1
CUST-15048,Kadın,52,Evet,Evet,16,Aylık,Yok,Yok,Yok,Hayır,Otomatik Ödeme,4,39.22,617.45,1
CUST-15049,Erkek,28,Evet,Hayır,13,2 Yıllık,DSL,Yok,Var,Evet,Otomatik Ödeme,2,77.43,948.03,0
CUST-15050,Kadın,28,Evet,Hayır,37,2 Yıllık,Fiber,Yok,Yok,Hayır,Otomatik Ödeme,2,82.55,2971.9,0
CUST-15051,Kadın,40,Evet,Hayır,8,Aylık,DSL,Var,Yok,Evet,Otomatik Ödeme,1,69.86,559.81,1
CUST-15052,Erkek,29,Hayır,Evet,32,1 Yıllık,Fiber,Yok,Yok,Evet,Posta Çeki,0,89.95,2758.81,0
CUST-15053,Kadın,60,Evet,Hayır,17,2 Yıllık,DSL,Var,Yok,Hayır,Otomatik Ödeme,1,76.49,1268.18,0
CUST-15054,Erkek,52,Evet,Hayır,12,Aylık,DSL,Yok,Yok,Hayır,Otomatik Ödeme,3,45.06,577.76,1
CUST-15055,Kadın,44,Hayır,Hayır,16,1 Yıllık,DSL,Yok,Yok,Evet,Posta Çeki,1,73.06,1154.08,0
CUST-15056,Kadın,49,Hayır,Hayır,2,Aylık,Fiber,Yok,Yok,Hayır,Elektronik Çek,2,94.31,177.68,1
CUST-15057,Kadın,77,Hayır,Hayır,21,Aylık,DSL,Yok,Yok,Hayır,Otomatik Ödeme,1,52.38,1076.7,1
CUST-15058,Erkek,40,Hayır,Hayır,69,Aylık,Fiber,Yok,Var,Evet,Elektronik Çek,1,67.8,4550.28,1
CUST-15059,Kadın,41,Evet,Hayır,15,Aylık,Fiber,Yok,Yok,Evet,Otomatik Ödeme,4,83.03,1147.19,1
CUST-15060,Erkek,43,Hayır,Evet,49,2 Yıllık,Fiber,Yok,Yok,Evet,Posta Çeki,1,72.42,3763.56,0
CUST-15061,Kadın,47,Evet,Hayır,19,Aylık,Fiber,Yok,Yok,Evet,Elektronik Çek,1,101.1,1908.29,0
CUST-15062,Erkek,51,Hayır,Hayır,11,Aylık,Fiber,Yok,Yok,Hayır,Elektronik Çek,1,87.28,929.91,1
CUST-15063,Kadın,21,Evet,Hayır,24,Aylık,Fiber,Yok,Var,Hayır,Posta Çeki,3,97.93,2456.79,0
CUST-15064,Kadın,45,Evet,Evet,12,1 Yıllık,Fiber,Yok,Yok,Evet,Elektronik Çek,0,89.04,1084.72,0
CUST-15065,Kadın,35,Evet,Hayır,72,2 Yıllık,DSL,Yok,Yok,Evet,Otomatik Ödeme,2,61.86,4222.9,0
CUST-15066,Kadın,35,Hayır,Hayır,2,1 Yıllık,Fiber,Yok,Yok,Evet,Otomatik Ödeme,2,96.19,201.53,1
CUST-15067,Erkek,32,Evet,Hayır,17,2 Yıllık,Fiber,Yok,Yok,Evet,Elektronik Çek,0,65.75,1072.22,1
CUST-15068,Kadın,46,Hayır,Hayır,36,Aylık,DSL,Yok,Yok,Evet,Posta Çeki,2,67.88,2536.84,1
CUST-15069,Erkek,50,Evet,Hayır,11,1 Yıllık,DSL,Yok,Yok,Evet,Otomatik Ödeme,0,65.12,768.13,0
CUST-15070,Erkek,39,Hayır,Hayır,22,Aylık,Yok,Yok,Yok,Hayır,Posta Çeki,0,29.46,623.37,0
CUST-15071,Kadın,33,Evet,Hayır,4,2 Yıllık,DSL,Var,Var,Evet,Otomatik Ödeme,5,70.51,259.87,0
CUST-15072,Kadın,42,Hayır,Evet,8,1 Yıllık,Fiber,Yok,Yok,Evet,Otomatik Ödeme,2,95.06,762.84,1
CUST-15073,Erkek,37,Evet,Evet,31,Aylık,Fiber,Yok,Yok,Evet,Otomatik Ödeme,0,92.65,3085.53,0
CUST-15074,Erkek,45,Hayır,Evet,31,2 Yıllık,DSL,Var,Yok,Evet,Otomatik Ödeme,2,69.09,2096.56,0
CUST-15075,Kadın,42,Evet,Hayır,23,Aylık,Fiber,Var,Yok,Hayır,Elektronik Çek,1,68.84,1575.28,1
CUST-15076,Kadın,44,Hayır,Hayır,15,Aylık,Fiber,Yok,Yok,Evet,Otomatik Ödeme,1,85.76,1379.89,0
CUST-15077,Erkek,57,Evet,Hayır,11,Aylık,Yok,Yok,Yok,Hayır,Otomatik Ödeme,2,30.33,332.52,0
CUST-15078,Erkek,44,Evet,Evet,59,2 Yıllık,Yok,Yok,Yok,Hayır,Otomatik Ödeme,1,35.49,2193.71,0
CUST-15079,Kadın,57,Evet,Hayır,8,Aylık,Fiber,Yok,Yok,Evet,Elektronik Çek,0,64.35,544.44,1
CUST-15080,Erkek,45,Hayır,Evet,2,2 Yıllık,Fiber,Yok,Var,Evet,Otomatik Ödeme,0,85.0,181.97,1
CUST-15081,Erkek,53,Hayır,Hayır,17,Aylık,DSL,Yok,Var,Evet,Otomatik Ödeme,0,69.1,1244.83,0
CUST-15082,Erkek,43,Hayır,Hayır,40,1 Yıllık,Fiber,Yok,Var,Evet,Otomatik Ödeme,1,67.03,2730.47,0
CUST-15083,Erkek,53,Evet,Hayır,22,Aylık,DSL,Yok,Yok,Hayır,Elektronik Çek,3,73.54,1672.78,0
CUST-15084,Kadın,61,Evet,Evet,5,Aylık,DSL,Var,Yok,Hayır,Posta Çeki,1,55.68,271.56,1
CUST-15085,Erkek,39,Evet,Hayır,58,1 Yıllık,Fiber,Yok,Yok,Evet,Elektronik Çek,0,61.86,3301.73,0
CUST-15086,Kadın,44,Evet,Evet,15,2 Yıllık,Fiber,Yok,Var,Hayır,Otomatik Ödeme,2,74.53,1168.8,0
CUST-15087,Kadın,57,Evet,Evet,11,2 Yıllık,DSL,Yok,Yok,Evet,Elektronik Çek,2,64.1,661.34,0
CUST-15088,Erkek,34,Evet,Evet,20,Aylık,DSL,Yok,Yok,Evet,Posta Çeki,0,76.01,1484.14,1
CUST-15089,Kadın,50,Evet,Hayır,26,2 Yıllık,Fiber,Yok,Var,Hayır,Elektronik Çek,1,93.0,2357.67,0
CUST-15090,Kadın,62,Hayır,Hayır,42,Aylık,Fiber,Yok,Var,Hayır,Posta Çeki,2,62.47,2431.81,1
CUST-15091,Kadın,80,Evet,Hayır,15,Aylık,Fiber,Yok,Yok,Evet,Elektronik Çek,2,80.67,1193.27,1
CUST-15092,Erkek,48,Hayır,Hayır,22,Aylık,Yok,Yok,Var,Evet,Otomatik Ödeme,0,24.44,500.09,0
CUST-15093,Kadın,85,Evet,Evet,27,Aylık,DSL,Yok,Var,Hayır,Posta Çeki,3,71.74,2030.99,0
CUST-15094,Erkek,73,Hayır,Hayır,72,1 Yıllık,DSL,Yok,Yok,Evet,Elektronik Çek,1,55.74,4228.85,0
CUST-15095,Erkek,18,Evet,Hayır,19,Aylık,Fiber,Var,Yok,Evet,Otomatik Ödeme,1,72.27,1393.5,1
CUST-15096,Erkek,38,Evet,Hayır,37,Aylık,Fiber,Yok,Var,Evet,Otomatik Ödeme,0,97.32,3879.24,1
CUST-15097,Kadın,42,Evet,Hayır,12,1 Yıllık,Yok,Yok,Yok,Hayır,Elektronik Çek,1,18.0,226.23,1
CUST-15098,Erkek,34,Evet,Hayır,38,2 Yıllık,Yok,Var,Yok,Evet,Posta Çeki,0,23.76,916.36,0
CUST-15099,Kadın,55,Hayır,Hayır,59,1 Yıllık,DSL,Yok,Yok,Evet,Otomatik Ödeme,1,62.32,3838.21,0
CUST-15100,Erkek,26,Hayır,Hayır,44,1 Yıllık,Fiber,Var,Var,Hayır,Elektronik Çek,3,77.0,3341.08,0
CUST-15101,Erkek,59,Hayır,Hayır,20,2 Yıllık,Fiber,Var,Yok,Hayır,Posta Çeki,1,77.68,1677.83,0
CUST-15102,Kadın,54,Hayır,Hayır,30,Aylık,DSL,Var,Yok,Evet,Elektronik Çek,2,77.83,2383.07,1
CUST-15103,Erkek,51,Hayır,Hayır,20,2 Yıllık,DSL,Yok,Var,Evet,Otomatik Ödeme,2,73.99,1389.59,0
CUST-15104,Erkek,37,Evet,Hayır,14,Aylık,Fiber,Yok,Var,Evet,Otomatik Ödeme,2,93.78,1329.36,1
CUST-15105,Erkek,48,Hayır,Hayır,41,Aylık,DSL,Var,Yok,Evet,Otomatik Ödeme,1,57.68,2365.26,0
CUST-15106,Erkek,50,Evet,Hayır,64,2 Yıllık,Fiber,Var,Yok,Evet,Otomatik Ödeme,2,69.83,4820.66,0
CUST-15107,Kadın,54,Hayır,Hayır,23,Aylık,Fiber,Yok,Var,Evet,Otomatik Ödeme,2,85.24,1859.06,1
CUST-15108,Kadın,34,Evet,Hayır,18,Aylık,Yok,Var,Yok,Evet,Elektronik Çek,0,25.95,485.01,0
CUST-15109,Erkek,41,Evet,Evet,42,Aylık,Fiber,Yok,Yok,Evet,Elektronik Çek,3,88.14,3634.5,1
CUST-15110,Kadın,63,Hayır,Evet,10,Aylık,Fiber,Yok,Var,Evet,Otomatik Ödeme,2,90.93,879.77,1
CUST-15111,Erkek,34,Evet,Hayır,36,Aylık,Yok,Yok,Yok,Hayır,Otomatik Ödeme,2,22.58,817.08,0
CUST-15112,Erkek,45,Evet,Evet,21,Aylık,Fiber,Var,Var,Evet,Otomatik Ödeme,3,77.0,1726.4,0
CUST-15113,Kadın,36,Hayır,Evet,29,Aylık,Fiber,Var,Yok,Evet,Otomatik Ödeme,1,98.87,3043.5,1
CUST-15114,Kadın,60,Evet,Hayır,72,1 Yıllık,DSL,Yok,Var,Evet,Otomatik Ödeme,1,57.77,4146.57,0
CUST-15115,Erkek,46,Hayır,Evet,72,Aylık,DSL,Yok,Yok,Evet,Elektronik Çek,1,59.25,4601.22,0
CUST-15116,Kadın,61,Evet,Hayır,14,Aylık,Fiber,Yok,Yok,Evet,Otomatik Ödeme,2,99.9,1499.52,1
CUST-15117,Kadın,58,Evet,Hayır,14,1 Yıllık,DSL,Var,Yok,Evet,Elektronik Çek,3,54.79,716.5,1
CUST-15118,Kadın,45,Hayır,Evet,39,Aylık,Fiber,Var,Var,Hayır,Otomatik Ödeme,0,84.63,3446.23,0
CUST-15119,Erkek,33,Evet,Hayır,14,Aylık,DSL,Yok,Var,Evet,Elektronik Çek,2,51.65,776.51,1
CUST-15120,Kadın,77,Evet,Hayır,33,2 Yıllık,Yok,Yok,Var,Evet,Posta Çeki,0,20.03,628.86,0
CUST-15121,Erkek,44,Hayır,Hayır,26,Aylık,Fiber,Yok,Yok,Evet,Elektronik Çek,2,101.84,2444.94,0
CUST-15122,Kadın,33,Hayır,Hayır,45,Aylık,DSL,Var,Yok,Evet,Elektronik Çek,0,56.04,2691.96,0
CUST-15123,Kadın,45,Evet,Hayır,15,Aylık,Yok,Var,Yok,Evet,Posta Çeki,3,34.29,548.53,0
CUST-15124,Erkek,24,Evet,Hayır,17,Aylık,DSL,Yok,Yok,Evet,Elektronik Çek,2,61.76,1039.61,0
CUST-15125,Erkek,23,Evet,Hayır,43,Aylık,DSL,Var,Yok,Evet,Elektronik Çek,0,63.22,2539.02,0
CUST-15126,Erkek,34,Evet,Hayır,48,Aylık,Fiber,Yok,Var,Hayır,Otomatik Ödeme,3,115.92,5152.72,0
CUST-15127,Kadın,46,Hayır,Hayır,12,Aylık,Fiber,Yok,Yok,Evet,Otomatik Ödeme,3,91.46,1116.66,1
CUST-15128,Kadın,18,Evet,Evet,4,Aylık,Fiber,Var,Var,Hayır,Elektronik Çek,0,80.82,346.85,1
CUST-15129,Erkek,44,Hayır,Evet,27,1 Yıllık,Fiber,Yok,Yok,Evet,Otomatik Ödeme,0,61.85,1772.24,0
CUST-15130,Erkek,59,Evet,Hayır,25,Aylık,DSL,Yok,Yok,Evet,Otomatik Ödeme,2,56.97,1329.47,1
CUST-15131,Kadın,40,Evet,Hayır,10,Aylık,Fiber,Var,Yok,Evet,Otomatik Ödeme,4,68.11,661.03,1
CUST-15132,Kadın,77,Evet,Evet,17,Aylık,Fiber,Yok,Yok,Hayır,Otomatik Ödeme,3,96.3,1681.39,1
CUST-15133,Erkek,40,Evet,Hayır,60,Aylık,Fiber,Var,Yok,Hayır,Elektronik Çek,1,84.33,4904.98,0
CUST-15134,Erkek,65,Evet,Evet,57,Aylık,Fiber,Yok,Var,Evet,Otomatik Ödeme,2,96.53,5857.8,0
CUST-15135,Erkek,46,Evet,Hayır,72,1 Yıllık,DSL,Yok,Yok,Evet,Elektronik Çek,1,63.14,4485.46,0
CUST-15136,Kadın,35,Evet,Hayır,12,2 Yıllık,DSL,Yok,Var,Evet,Otomatik Ödeme,4,60.36,673.55,0
CUST-15137,Kadın,32,Hayır,Hayır,23,2 Yıllık,Fiber,Var,Yok,Hayır,Otomatik Ödeme,2,78.85,1842.28,0
CUST-15138,Erkek,37,Evet,Evet,8,Aylık,Fiber,Yok,Yok,Hayır,Otomatik Ödeme,1,86.43,684.08,1
CUST-15139,Erkek,49,Hayır,Evet,42,1 Yıllık,DSL,Var,Yok,Evet,Elektronik Çek,0,46.14,1851.53,0
CUST-15140,Kadın,18,Evet,Evet,19,1 Yıllık,DSL,Var,Var,Evet,Elektronik Çek,3,60.03,1219.9,0
CUST-15141,Kadın,20,Evet,Hayır,16,1 Yıllık,Fiber,Yok,Yok,Evet,Posta Çeki,1,100.83,1568.14,0
CUST-15142,Kadın,72,Evet,Evet,39,1 Yıllık,Fiber,Yok,Yok,Evet,Elektronik Çek,0,60.74,2461.26,1
CUST-15143,Kadın,35,Evet,Evet,42,Aylık,Fiber,Var,Yok,Hayır,Otomatik Ödeme,4,85.01,3527.16,1
CUST-15144,Erkek,53,Evet,Evet,51,1 Yıllık,Fiber,Yok,Yok,Evet,Otomatik Ödeme,2,76.36,3668.56,0
CUST-15145,Erkek,27,Hayır,Evet,5,Aylık,Fiber,Var,Yok,Hayır,Elektronik Çek,0,79.24,387.22,0
CUST-15146,Kadın,40,Hayır,Hayır,43,1 Yıllık,DSL,Yok,Var,Evet,Posta Çeki,3,64.63,2563.28,0
CUST-15147,Erkek,42,Evet,Hayır,65,1 Yıllık,Fiber,Yok,Yok,Evet,Otomatik Ödeme,1,89.78,5977.09,0
CUST-15148,Kadın,45,Evet,Hayır,41,Aylık,Fiber,Yok,Yok,Evet,Otomatik Ödeme,1,91.07,3943.08,1
CUST-15149,Erkek,28,Evet,Hayır,26,2 Yıllık,Fiber,Var,Yok,Evet,Otomatik Ödeme,4,100.23,2788.09,0
CUST-15150,Erkek,34,Evet,Evet,11,Aylık,Fiber,Var,Yok,Evet,Elektronik Çek,3,80.36,870.18,0
CUST-15151,Erkek,19,Evet,Hayır,30,Aylık,Yok,Yok,Yok,Evet,Posta Çeki,0,35.02,1073.65,1
CUST-15152,Erkek,31,Hayır,Hayır,16,1 Yıllık,Fiber,Yok,Var,Evet,Posta Çeki,0,79.69,1345.88,1
CUST-15153,Kadın,47,Hayır,Evet,12,2 Yıllık,DSL,Yok,Var,Hayır,Otomatik Ödeme,3,51.43,631.78,0
CUST-15154,Erkek,18,Hayır,Hayır,9,Aylık,Fiber,Yok,Yok,Evet,Elektronik Çek,2,77.68,655.32,1
CUST-15155,Erkek,44,Hayır,Hayır,5,1 Yıllık,Yok,Yok,Yok,Hayır,Otomatik Ödeme,2,30.81,152.02,0
CUST-15156,Kadın,81,Hayır,Hayır,41,Aylık,Yok,Yok,Var,Evet,Posta Çeki,2,53.6,2362.68,0
CUST-15157,Erkek,45,Hayır,Hayır,19,Aylık,Fiber,Var,Yok,Hayır,Otomatik Ödeme,1,85.96,1657.67,0
CUST-15158,Kadın,52,Evet,Hayır,7,Aylık,Fiber,Yok,Yok,Evet,Posta Çeki,5,71.33,486.17,1
CUST-15159,Erkek,55,Evet,Hayır,23,1 Yıllık,Fiber,Var,Var,Hayır,Otomatik Ödeme,1,75.53,1620.19,1
CUST-15160,Kadın,53,Evet,Hayır,19,Aylık,DSL,Var,Yok,Evet,Posta Çeki,0,84.59,1690.97,1
CUST-15161,Kadın,28,Evet,Hayır,26,2 Yıllık,Fiber,Yok,Yok,Hayır,Elektronik Çek,4,78.56,2188.15,0
CUST-15162,Erkek,32,Hayır,Evet,3,Aylık,Fiber,Yok,Var,Evet,Otomatik Ödeme,0,96.04,308.75,0
CUST-15163,Kadın,56,Hayır,Hayır,17,Aylık,Fiber,Yok,Yok,Evet,Elektronik Çek,1,102.44,1621.62,1
CUST-15164,Erkek,46,Hayır,Evet,36,Aylık,Yok,Var,Var,Evet,Otomatik Ödeme,1,51.8,1922.83,0
CUST-15165,Kadın,29,Evet,Hayır,20,Aylık,Fiber,Yok,Yok,Evet,Posta Çeki,1,76.68,1625.25,1
CUST-15166,Erkek,34,Hayır,Hayır,43,2 Yıllık,Fiber,Yok,Yok,Evet,Elektronik Çek,0,88.34,4013.29,1
CUST-15167,Kadın,61,Hayır,Hayır,7,2 Yıllık,Fiber,Yok,Var,Evet,Elektronik Çek,0,100.93,743.79,1
CUST-15168,Kadın,55,Evet,Hayır,24,2 Yıllık,Yok,Var,Yok,Evet,Elektronik Çek,1,18.0,466.56,0
CUST-15169,Kadın,37,Evet,Evet,27,Aylık,DSL,Var,Yok,Evet,Posta Çeki,1,48.63,1329.68,0
CUST-15170,Erkek,45,Evet,Hayır,51,2 Yıllık,Fiber,Var,Var,Evet,Posta Çeki,1,77.73,3665.99,0
CUST-15171,Kadın,22,Evet,Hayır,72,Aylık,Fiber,Yok,Yok,Evet,Elektronik Çek,1,77.54,6011.65,0
CUST-15172,Kadın,29,Hayır,Evet,11,Aylık,Fiber,Yok,Var,Evet,Otomatik Ödeme,1,94.59,968.93,0
CUST-15173,Erkek,60,Hayır,Hayır,52,1 Yıllık,Yok,Yok,Yok,Hayır,Elektronik Çek,1,30.21,1619.66,0
CUST-15174,Kadın,38,Hayır,Evet,65,Aylık,DSL,Var,Var,Evet,Otomatik Ödeme,0,55.12,3345.61,0
CUST-15175,Kadın,46,Hayır,Hayır,27,Aylık,DSL,Yok,Yok,Evet,Elektronik Çek,1,44.89,1299.35,1
CUST-15176,Kadın,30,Hayır,Hayır,26,2 Yıllık,Yok,Yok,Yok,Evet,Elektronik Çek,1,30.44,758.52,0
CUST-15177,Kadın,55,Hayır,Hayır,70,Aylık,Fiber,Yok,Var,Evet,Elektronik Çek,1,100.02,7522.75,0
CUST-15178,Erkek,46,Hayır,Evet,26,1 Yıllık,Fiber,Yok,Yok,Hayır,Posta Çeki,0,72.2,1785.78,1
CUST-15179,Kadın,51,Hayır,Hayır,18,Aylık,Fiber,Var,Var,Hayır,Elektronik Çek,2,95.03,1660.08,1
CUST-15180,Erkek,38,Hayır,Evet,15,Aylık,DSL,Yok,Var,Hayır,Otomatik Ödeme,3,79.19,1112.65,1
CUST-15181,Kadın,44,Hayır,Hayır,26,Aylık,Fiber,Yok,Var,Evet,Elektronik Çek,0,104.59,2921.74,1
CUST-15182,Kadın,43,Evet,Evet,4,Aylık,Fiber,Var,Yok,Hayır,Otomatik Ödeme,0,95.21,396.23,1
CUST-15183,Kadın,63,Hayır,Hayır,72,Aylık,Fiber,Var,Var,Evet,Elektronik Çek,1,93.05,6678.57,0
CUST-15184,Kadın,38,Evet,Hayır,24,Aylık,Fiber,Yok,Yok,Hayır,Elektronik Çek,2,67.82,1700.74,1
CUST-15185,Erkek,56,Hayır,Hayır,10,Aylık,Fiber,Yok,Yok,Hayır,Elektronik Çek,0,99.02,945.75,0
CUST-15186,Erkek,39,Hayır,Hayır,27,Aylık,Yok,Var,Yok,Hayır,Otomatik Ödeme,1,23.47,634.47,0
CUST-15187,Kadın,39,Hayır,Hayır,16,Aylık,Yok,Yok,Yok,Hayır,Posta Çeki,2,49.83,831.89,1
CUST-15188,Erkek,51,Evet,Hayır,67,2 Yıllık,Fiber,Yok,Yok,Hayır,Otomatik Ödeme,4,92.85,6069.94,0
CUST-15189,Kadın,26,Hayır,Hayır,25,2 Yıllık,Fiber,Yok,Yok,Hayır,Elektronik Çek,1,73.01,1783.02,0
CUST-15190,Erkek,37,Evet,Hayır,47,1 Yıllık,Fiber,Yok,Var,Evet,Otomatik Ödeme,2,84.52,4115.62,0
CUST-15191,Kadın,27,Hayır,Evet,67,Aylık,Yok,Var,Var,Evet,Posta Çeki,3,18.0,1195.21,0
CUST-15192,Kadın,41,Evet,Evet,16,1 Yıllık,DSL,Yok,Yok,Hayır,Posta Çeki,1,77.67,1284.64,0
CUST-15193,Kadın,56,Evet,Hayır,70,1 Yıllık,DSL,Yok,Yok,Evet,Otomatik Ödeme,0,58.18,4201.59,0
CUST-15194,Erkek,50,Hayır,Hayır,12,Aylık,Fiber,Yok,Var,Hayır,Otomatik Ödeme,1,89.02,1071.47,1
CUST-15195,Kadın,38,Evet,Evet,21,Aylık,Fiber,Yok,Yok,Evet,Elektronik Çek,1,88.89,1835.62,1
CUST-15196,Erkek,65,Hayır,Hayır,27,Aylık,Fiber,Yok,Yok,Evet,Posta Çeki,1,99.98,2701.42,1
CUST-15197,Erkek,36,Hayır,Hayır,47,Aylık,Fiber,Yok,Yok,Hayır,Posta Çeki,0,95.67,4775.36,0
CUST-15198,Erkek,45,Evet,Hayır,17,Aylık,Yok,Var,Yok,Hayır,Elektronik Çek,1,22.27,373.17,1
CUST-15199,Kadın,36,Evet,Hayır,35,2 Yıllık,Yok,Yok,Yok,Hayır,Posta Çeki,1,18.0,601.34,0
CUST-15200,Erkek,44,Hayır,Hayır,36,Aylık,Yok,Yok,Var,Hayır,Otomatik Ödeme,2,20.29,777.48,1
CUST-15201,Erkek,37,Hayır,Evet,33,1 Yıllık,Fiber,Var,Yok,Hayır,Otomatik Ödeme,1,110.2,3831.07,0
CUST-15202,Erkek,20,Evet,Hayır,54,2 Yıllık,DSL,Yok,Var,Hayır,Otomatik Ödeme,3,64.27,3656.93,0
CUST-15203,Erkek,50,Evet,Hayır,13,1 Yıllık,Fiber,Var,Var,Evet,Otomatik Ödeme,1,91.67,1205.04,0
CUST-15204,Kadın,45,Evet,Hayır,19,Aylık,Fiber,Var,Var,Evet,Posta Çeki,1,75.9,1430.53,1
CUST-15205,Kadın,79,Hayır,Evet,31,Aylık,Fiber,Yok,Yok,Hayır,Elektronik Çek,3,91.83,3046.38,0
CUST-15206,Kadın,47,Hayır,Hayır,38,2 Yıllık,Fiber,Var,Yok,Evet,Otomatik Ödeme,2,94.3,3868.82,0
CUST-15207,Erkek,40,Evet,Hayır,25,Aylık,Fiber,Var,Yok,Evet,Elektronik Çek,0,88.27,2295.82,0
CUST-15208,Erkek,59,Hayır,Evet,21,Aylık,Yok,Yok,Var,Evet,Otomatik Ödeme,0,25.07,556.14,1
CUST-15209,Erkek,34,Evet,Hayır,5,1 Yıllık,Yok,Yok,Yok,Evet,Elektronik Çek,3,34.38,170.32,0
CUST-15210,Kadın,60,Hayır,Hayır,17,2 Yıllık,Fiber,Yok,Yok,Hayır,Posta Çeki,2,95.91,1528.21,0
CUST-15211,Kadın,46,Hayır,Hayır,14,2 Yıllık,Fiber,Yok,Yok,Hayır,Elektronik Çek,1,72.34,1037.74,0
CUST-15212,Kadın,28,Hayır,Hayır,48,1 Yıllık,Fiber,Yok,Var,Hayır,Otomatik Ödeme,2,68.95,3100.99,0
CUST-15213,Erkek,54,Hayır,Hayır,37,1 Yıllık,DSL,Yok,Yok,Evet,Posta Çeki,1,66.93,2618.03,0
CUST-15214,Kadın,22,Hayır,Hayır,40,Aylık,Yok,Yok,Yok,Hayır,Elektronik Çek,3,42.22,1721.98,0
CUST-15215,Kadın,18,Hayır,Hayır,72,Aylık,Yok,Yok,Yok,Evet,Otomatik Ödeme,3,33.03,2376.6,0
CUST-15216,Kadın,56,Evet,Hayır,72,1 Yıllık,Fiber,Var,Yok,Hayır,Elektronik Çek,0,78.4,5333.43,0
CUST-15217,Kadın,47,Evet,Hayır,37,Aylık,Yok,Var,Var,Evet,Posta Çeki,0,34.25,1188.5,0
CUST-15218,Erkek,53,Hayır,Hayır,18,1 Yıllık,DSL,Yok,Yok,Hayır,Elektronik Çek,1,49.51,899.91,0
CUST-15219,Erkek,41,Evet,Hayır,7,Aylık,Fiber,Var,Yok,Evet,Posta Çeki,3,83.41,548.21,1
CUST-15220,Kadın,37,Hayır,Hayır,51,Aylık,Fiber,Var,Yok,Hayır,Elektronik Çek,1,73.24,3520.68,1
CUST-15221,Erkek,36,Hayır,Hayır,36,2 Yıllık,DSL,Yok,Yok,Hayır,Otomatik Ödeme,2,47.07,1677.43,0
CUST-15222,Kadın,18,Hayır,Evet,23,Aylık,Fiber,Yok,Yok,Hayır,Otomatik Ödeme,2,88.82,1989.82,0
CUST-15223,Erkek,40,Evet,Evet,58,1 Yıllık,DSL,Var,Yok,Evet,Elektronik Çek,1,64.1,3708.3,0
CUST-15224,Erkek,62,Hayır,Hayır,34,Aylık,Fiber,Yok,Yok,Hayır,Otomatik Ödeme,2,75.24,2447.08,1
CUST-15225,Erkek,50,Evet,Evet,29,2 Yıllık,DSL,Yok,Yok,Hayır,Elektronik Çek,1,73.64,2031.48,1
CUST-15226,Kadın,59,Evet,Hayır,36,Aylık,Fiber,Yok,Yok,Evet,Otomatik Ödeme,0,79.87,2817.75,0
CUST-15227,Kadın,62,Evet,Hayır,5,1 Yıllık,Yok,Yok,Yok,Evet,Posta Çeki,0,54.1,274.08,0
CUST-15228,Kadın,51,Hayır,Evet,72,2 Yıllık,DSL,Yok,Yok,Evet,Otomatik Ödeme,4,58.09,3873.09,0
CUST-15229,Erkek,34,Evet,Hayır,58,Aylık,Fiber,Var,Yok,Hayır,Posta Çeki,1,85.46,5045.87,0
CUST-15230,Kadın,28,Evet,Evet,19,Aylık,Yok,Yok,Yok,Evet,Elektronik Çek,3,33.62,675.22,1
CUST-15231,Kadın,18,Hayır,Hayır,23,Aylık,Fiber,Var,Yok,Evet,Otomatik Ödeme,2,65.86,1414.42,1
CUST-15232,Erkek,56,Hayır,Hayır,32,Aylık,DSL,Var,Yok,Evet,Otomatik Ödeme,0,87.14,2658.88,1
CUST-15233,Kadın,40,Evet,Hayır,35,1 Yıllık,Fiber,Yok,Var,Hayır,Posta Çeki,2,98.73,3454.41,0
CUST-15234,Erkek,55,Hayır,Hayır,25,Aylık,DSL,Yok,Yok,Hayır,Elektronik Çek,1,58.49,1385.38,1
CUST-15235,Erkek,73,Evet,Hayır,72,2 Yıllık,Fiber,Yok,Var,Hayır,Elektronik Çek,0,78.38,5413.29,0
CUST-15236,Erkek,48,Evet,Hayır,18,1 Yıllık,Fiber,Yok,Yok,Hayır,Elektronik Çek,2,70.47,1368.71,0
CUST-15237,Erkek,51,Evet,Hayır,13,1 Yıllık,Fiber,Yok,Var,Hayır,Posta Çeki,2,88.46,1164.05,1
CUST-15238,Kadın,38,Hayır,Hayır,40,Aylık,Fiber,Yok,Var,Evet,Posta Çeki,3,97.36,4163.45,1
CUST-15239,Kadın,42,Hayır,Hayır,52,Aylık,Fiber,Yok,Yok,Evet,Elektronik Çek,1,80.56,4422.82,1
CUST-15240,Kadın,69,Hayır,Hayır,72,2 Yıllık,Fiber,Var,Yok,Evet,Posta Çeki,3,90.39,6418.96,0
CUST-15241,Kadın,59,Hayır,Hayır,72,2 Yıllık,Fiber,Var,Yok,Evet,Posta Çeki,1,88.28,6486.85,0
CUST-15242,Kadın,42,Hayır,Hayır,13,Aylık,Fiber,Yok,Yok,Evet,Elektronik Çek,2,96.79,1287.66,1
CUST-15243,Kadın,43,Hayır,Hayır,44,1 Yıllık,Yok,Var,Var,Evet,Otomatik Ödeme,0,37.0,1570.35,0
CUST-15244,Kadın,35,Hayır,Hayır,66,1 Yıllık,DSL,Yok,Var,Evet,Otomatik Ödeme,1,57.15,3940.3,0
CUST-15245,Kadın,26,Hayır,Evet,47,Aylık,DSL,Var,Yok,Hayır,Elektronik Çek,3,71.88,3647.31,0
CUST-15246,Erkek,56,Hayır,Hayır,18,Aylık,DSL,Yok,Yok,Evet,Otomatik Ödeme,1,72.65,1398.14,0
CUST-15247,Erkek,45,Evet,Hayır,47,1 Yıllık,DSL,Yok,Yok,Hayır,Otomatik Ödeme,0,60.51,2733.0,0
CUST-15248,Kadın,32,Evet,Evet,36,2 Yıllık,Yok,Var,Yok,Hayır,Elektronik Çek,0,64.02,2402.64,0
CUST-15249,Kadın,29,Evet,Evet,49,2 Yıllık,Yok,Var,Yok,Evet,Otomatik Ödeme,1,33.1,1662.77,0
CUST-15250,Kadın,46,Hayır,Hayır,23,Aylık,Fiber,Yok,Yok,Evet,Elektronik Çek,4,93.69,2064.55,1
CUST-15251,Kadın,59,Evet,Hayır,60,Aylık,Fiber,Var,Var,Hayır,Elektronik Çek,2,80.11,4923.71,1
CUST-15252,Erkek,21,Hayır,Evet,62,Aylık,Yok,Yok,Yok,Evet,Elektronik Çek,2,18.0,1103.54,0
CUST-15253,Kadın,45,Hayır,Evet,35,Aylık,Fiber,Yok,Yok,Hayır,Otomatik Ödeme,1,61.51,2217.03,1
CUST-15254,Erkek,42,Hayır,Hayır,33,2 Yıllık,DSL,Yok,Yok,Hayır,Elektronik Çek,0,66.01,2316.83,0
CUST-15255,Erkek,27,Hayır,Hayır,30,Aylık,Fiber,Yok,Yok,Evet,Posta Çeki,2,78.06,2345.54,1
CUST-15256,Kadın,61,Hayır,Hayır,13,2 Yıllık,DSL,Var,Yok,Hayır,Elektronik Çek,1,54.8,691.25,0
CUST-15257,Kadın,40,Hayır,Evet,25,Aylık,DSL,Yok,Var,Hayır,Elektronik Çek,0,48.29,1283.24,0
CUST-15258,Kadın,24,Evet,Hayır,34,2 Yıllık,DSL,Yok,Yok,Evet,Elektronik Çek,0,51.69,1803.65,0
CUST-15259,Erkek,66,Evet,Hayır,49,Aylık,Fiber,Var,Yok,Hayır,Posta Çeki,2,80.75,3944.58,0
CUST-15260,Erkek,42,Hayır,Hayır,47,2 Yıllık,DSL,Var,Yok,Evet,Otomatik Ödeme,0,64.99,3040.99,0
CUST-15261,Erkek,50,Evet,Hayır,39,1 Yıllık,DSL,Var,Yok,Evet,Posta Çeki,1,41.31,1692.34,0
CUST-15262,Kadın,46,Evet,Evet,17,1 Yıllık,Fiber,Yok,Yok,Evet,Posta Çeki,0,110.36,2014.38,0
CUST-15263,Kadın,37,Hayır,Hayır,43,Aylık,DSL,Yok,Yok,Hayır,Otomatik Ödeme,0,50.35,2034.76,0
CUST-15264,Kadın,31,Hayır,Evet,37,Aylık,Fiber,Yok,Yok,Hayır,Otomatik Ödeme,1,62.38,2144.48,0
CUST-15265,Erkek,37,Hayır,Evet,7,Aylık,Fiber,Yok,Var,Evet,Elektronik Çek,6,77.87,509.29,1
CUST-15266,Erkek,53,Hayır,Evet,10,2 Yıllık,Fiber,Yok,Yok,Evet,Otomatik Ödeme,1,106.47,980.69,0
CUST-15267,Erkek,45,Evet,Evet,3,2 Yıllık,Fiber,Yok,Yok,Evet,Otomatik Ödeme,0,83.07,266.62,0
CUST-15268,Erkek,33,Hayır,Evet,72,1 Yıllık,DSL,Var,Var,Evet,Elektronik Çek,1,70.3,4988.96,0
CUST-15269,Erkek,28,Evet,Evet,15,1 Yıllık,DSL,Yok,Yok,Evet,Otomatik Ödeme,0,59.33,868.45,1
CUST-15270,Kadın,40,Hayır,Hayır,51,Aylık,DSL,Var,Yok,Evet,Otomatik Ödeme,1,54.19,2955.0,0
CUST-15271,Kadın,54,Evet,Hayır,17,2 Yıllık,DSL,Var,Yok,Evet,Posta Çeki,1,38.77,622.66,0
CUST-15272,Erkek,28,Hayır,Hayır,46,1 Yıllık,DSL,Yok,Var,Evet,Otomatik Ödeme,3,59.47,2914.33,0
CUST-15273,Kadın,24,Evet,Hayır,22,1 Yıllık,DSL,Yok,Yok,Evet,Elektronik Çek,1,51.42,1171.58,0
CUST-15274,Erkek,50,Evet,Hayır,16,2 Yıllık,Yok,Yok,Var,Evet,Elektronik Çek,0,54.86,821.62,0
CUST-15275,Kadın,38,Hayır,Hayır,17,Aylık,DSL,Var,Var,Hayır,Elektronik Çek,1,58.46,983.59,1
CUST-15276,Erkek,18,Evet,Hayır,29,1 Yıllık,DSL,Yok,Var,Hayır,Otomatik Ödeme,1,69.35,2171.38,0
CUST-15277,Erkek,66,Hayır,Evet,36,1 Yıllık,DSL,Var,Var,Hayır,Elektronik Çek,1,78.22,2712.29,0
CUST-15278,Kadın,55,Hayır,Hayır,8,1 Yıllık,Fiber,Yok,Yok,Evet,Posta Çeki,0,103.99,829.34,0
CUST-15279,Kadın,18,Hayır,Evet,31,Aylık,Yok,Yok,Yok,Hayır,Otomatik Ödeme,0,28.03,898.87,0
CUST-15280,Erkek,35,Evet,Hayır,13,1 Yıllık,DSL,Var,Yok,Evet,Otomatik Ödeme,2,52.42,681.17,0
CUST-15281,Kadın,54,Evet,Hayır,18,2 Yıllık,Fiber,Var,Yok,Evet,Otomatik Ödeme,2,76.24,1407.99,0
CUST-15282,Erkek,62,Evet,Evet,14,1 Yıllık,Fiber,Var,Yok,Hayır,Elektronik Çek,1,91.01,1256.97,0
CUST-15283,Kadın,36,Hayır,Hayır,31,Aylık,Fiber,Yok,Var,Evet,Otomatik Ödeme,0,91.18,3049.14,1
CUST-15284,Kadın,53,Hayır,Hayır,72,2 Yıllık,Yok,Yok,Yok,Evet,Posta Çeki,0,30.53,2342.67,0
CUST-15285,Erkek,30,Hayır,Hayır,36,Aylık,Fiber,Var,Var,Evet,Elektronik Çek,2,73.38,2821.47,1
CUST-15286,Kadın,18,Hayır,Hayır,25,Aylık,Fiber,Var,Yok,Evet,Otomatik Ödeme,1,84.5,2073.88,0
CUST-15287,Kadın,42,Hayır,Hayır,66,2 Yıllık,Yok,Yok,Yok,Hayır,Elektronik Çek,2,46.9,3329.58,0
CUST-15288,Erkek,22,Hayır,Hayır,14,1 Yıllık,Fiber,Var,Yok,Evet,Posta Çeki,2,92.99,1334.53,0
CUST-15289,Kadın,34,Evet,Hayır,3,Aylık,Fiber,Yok,Var,Evet,Elektronik Çek,2,61.69,187.76,1
CUST-15290,Kadın,43,Evet,Hayır,25,1 Yıllık,Fiber,Yok,Yok,Hayır,Otomatik Ödeme,1,97.11,2353.23,1
CUST-15291,Kadın,37,Hayır,Hayır,8,1 Yıllık,Fiber,Yok,Yok,Evet,Posta Çeki,1,92.6,711.95,1
CUST-15292,Kadın,30,Evet,Hayır,12,Aylık,Fiber,Yok,Var,Evet,Posta Çeki,4,80.1,967.18,1
CUST-15293,Kadın,27,Hayır,Hayır,41,Aylık,Yok,Yok,Yok,Evet,Otomatik Ödeme,2,38.42,1663.13,0
CUST-15294,Erkek,68,Evet,Hayır,15,1 Yıllık,Yok,Yok,Yok,Hayır,Elektronik Çek,0,48.16,667.57,0
CUST-15295,Erkek,55,Hayır,Hayır,18,1 Yıllık,Fiber,Var,Yok,Hayır,Otomatik Ödeme,2,74.86,1439.53,1
CUST-15296,Erkek,54,Hayır,Hayır,28,Aylık,Fiber,Yok,Var,Hayır,Otomatik Ödeme,1,100.23,2737.55,1
CUST-15297,Kadın,24,Evet,Evet,12,Aylık,Yok,Yok,Yok,Hayır,Otomatik Ödeme,1,25.94,320.04,0
CUST-15298,Kadın,58,Evet,Evet,37,1 Yıllık,Fiber,Yok,Yok,Evet,Otomatik Ödeme,1,85.8,3078.25,0
CUST-15299,Erkek,35,Evet,Hayır,33,Aylık,Fiber,Yok,Var,Hayır,Otomatik Ödeme,3,89.95,2772.65,1
CUST-15300,Kadın,36,Evet,Hayır,26,Aylık,Yok,Yok,Yok,Evet,Otomatik Ödeme,1,33.37,899.12,0
CUST-15301,Erkek,26,Evet,Hayır,14,Aylık,DSL,Yok,Yok,Hayır,Otomatik Ödeme,1,58.64,839.37,1
CUST-15302,Erkek,50,Evet,Evet,14,2 Yıllık,Fiber,Yok,Yok,Hayır,Posta Çeki,0,77.02,1157.23,0
CUST-15303,Erkek,39,Hayır,Hayır,23,1 Yıllık,DSL,Var,Yok,Hayır,Otomatik Ödeme,1,27.87,685.64,0
CUST-15304,Kadın,50,Evet,Evet,54,Aylık,Fiber,Var,Yok,Hayır,Elektronik Çek,1,66.64,3748.62,0
CUST-15305,Erkek,50,Hayır,Hayır,69,2 Yıllık,DSL,Yok,Var,Hayır,Otomatik Ödeme,0,52.97,3568.63,0
CUST-15306,Kadın,35,Evet,Evet,10,1 Yıllık,Fiber,Var,Yok,Evet,Otomatik Ödeme,2,80.89,751.33,1
CUST-15307,Kadın,59,Hayır,Hayır,8,Aylık,Fiber,Var,Yok,Evet,Elektronik Çek,3,81.4,606.63,1
CUST-15308,Kadın,42,Hayır,Hayır,34,Aylık,Yok,Var,Yok,Evet,Otomatik Ödeme,4,18.0,565.82,0
CUST-15309,Kadın,39,Evet,Hayır,3,Aylık,Fiber,Yok,Yok,Evet,Elektronik Çek,2,101.31,300.19,1
CUST-15310,Erkek,46,Hayır,Hayır,8,Aylık,Fiber,Yok,Var,Evet,Otomatik Ödeme,1,78.55,647.02,1
CUST-15311,Erkek,34,Hayır,Hayır,9,Aylık,Yok,Var,Var,Evet,Posta Çeki,2,18.0,154.0,1
CUST-15312,Erkek,64,Evet,Evet,37,Aylık,DSL,Var,Yok,Hayır,Otomatik Ödeme,0,62.71,2283.25,1
CUST-15313,Erkek,31,Evet,Hayır,32,2 Yıllık,DSL,Var,Yok,Evet,Posta Çeki,2,64.8,2057.85,0
CUST-15314,Erkek,60,Hayır,Hayır,43,1 Yıllık,Fiber,Yok,Yok,Hayır,Elektronik Çek,1,91.85,4070.17,0
CUST-15315,Kadın,47,Evet,Hayır,39,Aylık,DSL,Yok,Yok,Evet,Elektronik Çek,0,55.12,2129.21,1
CUST-15316,Kadın,56,Evet,Hayır,30,2 Yıllık,Fiber,Yok,Var,Hayır,Otomatik Ödeme,0,106.79,3099.76,0
CUST-15317,Erkek,24,Evet,Evet,23,1 Yıllık,Fiber,Yok,Yok,Evet,Elektronik Çek,1,87.96,1955.77,0
CUST-15318,Erkek,64,Evet,Hayır,57,2 Yıllık,Fiber,Yok,Yok,Hayır,Otomatik Ödeme,1,111.77,6079.64,0
CUST-15319,Erkek,47,Hayır,Evet,14,2 Yıllık,Fiber,Var,Yok,Hayır,Elektronik Çek,0,76.7,1090.98,0
CUST-15320,Erkek,40,Evet,Hayır,56,1 Yıllık,Yok,Var,Yok,Evet,Otomatik Ödeme,2,25.02,1456.87,0
CUST-15321,Erkek,57,Hayır,Hayır,42,1 Yıllık,DSL,Var,Yok,Evet,Elektronik Çek,2,74.68,3386.95,0
CUST-15322,Kadın,42,Hayır,Hayır,7,1 Yıllık,Yok,Var,Var,Evet,Posta Çeki,3,31.8,236.61,0
CUST-15323,Kadın,27,Evet,Hayır,10,1 Yıllık,Yok,Yok,Yok,Hayır,Otomatik Ödeme,1,55.79,553.55,1
CUST-15324,Kadın,41,Evet,Hayır,45,2 Yıllık,DSL,Yok,Var,Hayır,Otomatik Ödeme,0,57.04,2544.32,0
CUST-15325,Erkek,49,Evet,Hayır,11,Aylık,Fiber,Yok,Yok,Evet,Otomatik Ödeme,1,63.48,748.9,1
CUST-15326,Erkek,51,Hayır,Evet,49,Aylık,Fiber,Yok,Yok,Evet,Otomatik Ödeme,2,62.89,2976.97,0
CUST-15327,Erkek,59,Evet,Evet,72,Aylık,Fiber,Yok,Yok,Evet,Otomatik Ödeme,1,102.39,7405.75,1
CUST-15328,Kadın,60,Evet,Evet,11,2 Yıllık,Yok,Var,Yok,Evet,Otomatik Ödeme,1,30.54,316.72,0
CUST-15329,Kadın,57,Hayır,Hayır,8,2 Yıllık,Fiber,Var,Yok,Evet,Otomatik Ödeme,0,100.9,768.91,0
CUST-15330,Kadın,43,Hayır,Hayır,30,Aylık,Yok,Var,Yok,Evet,Elektronik Çek,0,21.96,623.48,0
CUST-15331,Kadın,41,Hayır,Evet,13,Aylık,Fiber,Yok,Yok,Evet,Otomatik Ödeme,0,88.85,1144.97,1
CUST-15332,Erkek,38,Evet,Hayır,12,Aylık,Yok,Var,Var,Hayır,Elektronik Çek,2,51.13,637.47,1
CUST-15333,Erkek,25,Evet,Hayır,40,2 Yıllık,Fiber,Yok,Var,Hayır,Posta Çeki,2,89.24,3349.63,0
CUST-15334,Kadın,52,Evet,Evet,54,1 Yıllık,DSL,Var,Yok,Evet,Elektronik Çek,1,50.82,2633.33,1
CUST-15335,Erkek,51,Hayır,Hayır,34,2 Yıllık,Yok,Var,Yok,Evet,Elektronik Çek,2,23.55,785.71,0
CUST-15336,Erkek,45,Hayır,Hayır,9,1 Yıllık,DSL,Var,Yok,Evet,Elektronik Çek,2,68.93,572.66,1
CUST-15337,Kadın,54,Hayır,Hayır,5,Aylık,Fiber,Yok,Yok,Evet,Elektronik Çek,0,71.54,379.28,1
CUST-15338,Kadın,42,Evet,Hayır,18,1 Yıllık,DSL,Yok,Var,Evet,Otomatik Ödeme,3,75.43,1270.67,1
CUST-15339,Erkek,38,Hayır,Hayır,18,2 Yıllık,Yok,Var,Yok,Evet,Elektronik Çek,0,55.22,1011.94,1
CUST-15340,Erkek,21,Hayır,Hayır,24,2 Yıllık,Fiber,Yok,Var,Hayır,Posta Çeki,2,88.86,2162.27,0
CUST-15341,Erkek,37,Evet,Hayır,37,Aylık,DSL,Var,Yok,Hayır,Otomatik Ödeme,0,48.06,1693.09,0
CUST-15342,Kadın,45,Evet,Hayır,7,Aylık,Fiber,Yok,Yok,Hayır,Posta Çeki,0,78.11,553.39,1
CUST-15343,Kadın,50,Hayır,Hayır,54,2 Yıllık,Yok,Yok,Var,Evet,Elektronik Çek,2,46.73,2482.72,0
CUST-15344,Erkek,39,Hayır,Evet,18,Aylık,Fiber,Var,Yok,Evet,Elektronik Çek,0,78.0,1361.71,1
CUST-15345,Kadın,37,Hayır,Hayır,46,1 Yıllık,DSL,Yok,Var,Hayır,Otomatik Ödeme,1,42.55,1845.15,0
CUST-15346,Kadın,36,Hayır,Hayır,57,Aylık,DSL,Var,Yok,Hayır,Otomatik Ödeme,1,48.45,2932.24,0
CUST-15347,Kadın,47,Hayır,Hayır,20,2 Yıllık,DSL,Yok,Yok,Evet,Otomatik Ödeme,2,69.08,1365.72,1
CUST-15348,Erkek,35,Evet,Hayır,32,Aylık,DSL,Var,Yok,Evet,Posta Çeki,1,60.03,1947.83,0
CUST-15349,Erkek,36,Hayır,Evet,49,Aylık,Fiber,Yok,Var,Hayır,Elektronik Çek,0,75.88,3492.49,1
CUST-15350,Erkek,32,Evet,Evet,20,Aylık,Fiber,Yok,Var,Hayır,Otomatik Ödeme,2,82.5,1520.64,1
CUST-15351,Kadın,39,Evet,Evet,4,Aylık,DSL,Yok,Yok,Hayır,Posta Çeki,1,86.78,335.9,1
CUST-15352,Kadın,35,Evet,Hayır,34,Aylık,DSL,Yok,Var,Evet,Otomatik Ödeme,3,72.63,2396.14,0
CUST-15353,Kadın,37,Evet,Hayır,8,2 Yıllık,Yok,Yok,Yok,Hayır,Otomatik Ödeme,0,32.75,273.76,0
CUST-15354,Kadın,66,Hayır,Hayır,35,2 Yıllık,Fiber,Yok,Yok,Hayır,Otomatik Ödeme,0,90.71,3373.17,0
CUST-15355,Kadın,40,Hayır,Evet,17,Aylık,Fiber,Var,Yok,Evet,Otomatik Ödeme,3,84.1,1455.61,1
CUST-15356,Erkek,18,Hayır,Hayır,72,2 Yıllık,DSL,Yok,Yok,Hayır,Elektronik Çek,1,58.36,4490.27,0
CUST-15357,Kadın,38,Evet,Hayır,19,Aylık,Yok,Yok,Yok,Hayır,Otomatik Ödeme,3,46.64,938.93,0
CUST-15358,Erkek,41,Evet,Hayır,7,2 Yıllık,DSL,Var,Var,Evet,Otomatik Ödeme,0,70.63,471.47,0
CUST-15359,Erkek,56,Evet,Hayır,70,Aylık,DSL,Var,Yok,Hayır,Otomatik Ödeme,1,67.7,4576.83,0
CUST-15360,Erkek,68,Evet,Hayır,23,1 Yıllık,Fiber,Yok,Var,Hayır,Otomatik Ödeme,1,106.27,2530.21,1
CUST-15361,Kadın,31,Hayır,Hayır,38,Aylık,Fiber,Yok,Yok,Hayır,Posta Çeki,3,106.87,3843.51,0
CUST-15362,Kadın,43,Evet,Evet,20,Aylık,Fiber,Var,Var,Hayır,Elektronik Çek,2,91.1,1837.44,1
CUST-15363,Kadın,38,Evet,Hayır,26,Aylık,Yok,Var,Yok,Hayır,Elektronik Çek,3,50.4,1392.08,1
CUST-15364,Kadın,40,Evet,Hayır,28,Aylık,Fiber,Yok,Yok,Evet,Otomatik Ödeme,1,76.85,2056.9,0
CUST-15365,Kadın,49,Hayır,Hayır,17,Aylık,DSL,Var,Var,Evet,Posta Çeki,2,52.49,836.69,1
CUST-15366,Erkek,53,Hayır,Evet,19,Aylık,DSL,Yok,Yok,Hayır,Otomatik Ödeme,0,51.43,934.87,1
CUST-15367,Kadın,43,Hayır,Hayır,24,Aylık,Yok,Yok,Yok,Evet,Otomatik Ödeme,0,33.38,841.48,1
CUST-15368,Erkek,41,Evet,Hayır,14,Aylık,DSL,Var,Yok,Evet,Otomatik Ödeme,2,63.37,860.85,1
CUST-15369,Kadın,37,Evet,Hayır,57,1 Yıllık,DSL,Yok,Yok,Evet,Otomatik Ödeme,0,54.47,2869.2,1
CUST-15370,Kadın,67,Hayır,Evet,20,2 Yıllık,DSL,Var,Yok,Evet,Elektronik Çek,1,60.45,1220.14,0
CUST-15371,Kadın,36,Evet,Hayır,20,2 Yıllık,DSL,Var,Yok,Hayır,Elektronik Çek,2,64.34,1239.64,0
CUST-15372,Kadın,40,Hayır,Evet,26,1 Yıllık,DSL,Yok,Var,Evet,Otomatik Ödeme,1,78.63,2164.95,1
CUST-15373,Erkek,60,Evet,Evet,39,Aylık,Yok,Yok,Yok,Evet,Otomatik Ödeme,0,25.3,1029.47,1
CUST-15374,Erkek,50,Hayır,Hayır,67,Aylık,Yok,Var,Yok,Evet,Posta Çeki,2,35.5,2287.88,0
CUST-15375,Erkek,44,Hayır,Evet,32,Aylık,Fiber,Var,Yok,Evet,Otomatik Ödeme,1,87.41,2949.32,1
CUST-15376,Kadın,47,Evet,Evet,6,Aylık,Fiber,Yok,Var,Hayır,Otomatik Ödeme,0,88.82,544.16,0
CUST-15377,Kadın,56,Evet,Evet,18,Aylık,Fiber,Yok,Yok,Evet,Elektronik Çek,0,92.96,1689.48,1
CUST-15378,Kadın,50,Evet,Hayır,28,Aylık,Fiber,Var,Yok,Hayır,Otomatik Ödeme,0,71.28,1853.95,1
CUST-15379,Erkek,37,Hayır,Hayır,26,Aylık,Fiber,Var,Yok,Evet,Otomatik Ödeme,0,91.67,2335.87,0
CUST-15380,Erkek,76,Evet,Hayır,30,Aylık,Fiber,Yok,Yok,Hayır,Otomatik Ödeme,2,69.31,2188.35,0
CUST-15381,Kadın,31,Hayır,Hayır,6,Aylık,Fiber,Yok,Var,Hayır,Otomatik Ödeme,0,95.12,535.86,1
CUST-15382,Kadın,46,Hayır,Hayır,24,Aylık,Yok,Yok,Yok,Hayır,Elektronik Çek,0,39.05,962.62,0
CUST-15383,Erkek,41,Evet,Evet,12,Aylık,Fiber,Var,Yok,Evet,Otomatik Ödeme,2,79.62,996.96,0
CUST-15384,Erkek,35,Evet,Hayır,47,Aylık,Fiber,Var,Yok,Hayır,Elektronik Çek,3,96.42,4827.42,1
CUST-15385,Erkek,47,Evet,Hayır,15,2 Yıllık,Fiber,Yok,Var,Evet,Posta Çeki,0,98.02,1539.02,1
CUST-15386,Erkek,32,Evet,Hayır,21,Aylık,DSL,Var,Var,Hayır,Otomatik Ödeme,3,58.68,1157.19,0
CUST-15387,Kadın,59,Evet,Hayır,32,Aylık,Yok,Var,Yok,Evet,Posta Çeki,2,33.77,1017.62,0
CUST-15388,Erkek,50,Hayır,Hayır,33,Aylık,DSL,Yok,Yok,Hayır,Otomatik Ödeme,2,47.11,1592.76,0
CUST-15389,Kadın,28,Evet,Hayır,51,1 Yıllık,Yok,Yok,Var,Evet,Otomatik Ödeme,0,31.39,1674.56,0
CUST-15390,Kadın,37,Hayır,Hayır,32,Aylık,Fiber,Var,Yok,Evet,Otomatik Ödeme,0,88.43,2952.1,0
CUST-15391,Erkek,44,Hayır,Hayır,41,Aylık,Fiber,Yok,Yok,Hayır,Otomatik Ödeme,1,91.37,3890.95,1
CUST-15392,Kadın,29,Hayır,Evet,23,Aylık,Fiber,Var,Yok,Evet,Elektronik Çek,0,72.79,1542.43,0
CUST-15393,Kadın,47,Evet,Hayır,23,Aylık,Fiber,Yok,Yok,Evet,Otomatik Ödeme,0,106.42,2526.37,1
CUST-15394,Kadın,52,Hayır,Hayır,29,2 Yıllık,Fiber,Yok,Yok,Evet,Posta Çeki,1,83.8,2573.78,0
CUST-15395,Erkek,23,Hayır,Hayır,18,Aylık,Fiber,Var,Var,Evet,Elektronik Çek,0,66.3,1235.85,0
CUST-15396,Kadın,39,Hayır,Hayır,51,Aylık,DSL,Var,Yok,Hayır,Elektronik Çek,2,42.87,2298.02,0
CUST-15397,Kadın,33,Evet,Evet,23,Aylık,Yok,Var,Yok,Hayır,Otomatik Ödeme,1,44.55,1048.39,1
CUST-15398,Kadın,35,Hayır,Hayır,33,1 Yıllık,Fiber,Yok,Yok,Evet,Otomatik Ödeme,1,93.69,2889.44,0
CUST-15399,Kadın,21,Hayır,Hayır,12,Aylık,Fiber,Yok,Yok,Evet,Otomatik Ödeme,1,108.02,1327.97,1
CUST-15400,Kadın,48,Hayır,Evet,72,Aylık,Fiber,Var,Yok,Evet,Otomatik Ödeme,2,105.39,7246.53,0
CUST-15401,Kadın,29,Evet,Hayır,8,1 Yıllık,Fiber,Var,Yok,Evet,Otomatik Ödeme,1,100.14,762.24,1
CUST-15402,Erkek,43,Hayır,Hayır,8,1 Yıllık,Fiber,Yok,Var,Evet,Otomatik Ödeme,0,77.57,585.41,0
CUST-15403,Kadın,83,Hayır,Hayır,18,1 Yıllık,DSL,Yok,Var,Hayır,Otomatik Ödeme,1,62.66,1211.48,0
CUST-15404,Erkek,60,Hayır,Evet,45,Aylık,DSL,Yok,Yok,Evet,Otomatik Ödeme,3,104.74,4955.25,1
CUST-15405,Kadın,45,Hayır,Hayır,32,Aylık,Yok,Var,Yok,Hayır,Elektronik Çek,2,45.07,1437.14,0
CUST-15406,Kadın,52,Hayır,Hayır,5,Aylık,Fiber,Yok,Var,Evet,Elektronik Çek,0,70.76,347.94,1
CUST-15407,Erkek,62,Evet,Hayır,63,Aylık,Fiber,Yok,Yok,Hayır,Elektronik Çek,2,96.41,6281.34,0
CUST-15408,Kadın,29,Evet,Evet,33,Aylık,Fiber,Yok,Yok,Hayır,Elektronik Çek,4,94.1,2957.43,1
CUST-15409,Kadın,33,Evet,Evet,58,Aylık,DSL,Yok,Yok,Hayır,Otomatik Ödeme,1,70.54,4285.87,0
CUST-15410,Erkek,41,Evet,Evet,72,2 Yıllık,DSL,Var,Yok,Evet,Elektronik Çek,2,25.36,1724.2,0
CUST-15411,Kadın,42,Hayır,Hayır,52,2 Yıllık,Fiber,Yok,Var,Evet,Otomatik Ödeme,0,63.39,3411.09,0
CUST-15412,Erkek,48,Evet,Evet,15,Aylık,Yok,Var,Yok,Evet,Posta Çeki,1,47.56,736.81,1
CUST-15413,Kadın,34,Evet,Hayır,59,2 Yıllık,Fiber,Yok,Yok,Evet,Otomatik Ödeme,2,77.31,4900.09,0
CUST-15414,Erkek,30,Hayır,Hayır,72,Aylık,Fiber,Var,Var,Hayır,Otomatik Ödeme,2,111.51,8635.49,0
CUST-15415,Erkek,42,Hayır,Hayır,5,Aylık,Fiber,Var,Yok,Evet,Elektronik Çek,0,92.42,454.64,1
CUST-15416,Kadın,43,Evet,Hayır,29,2 Yıllık,DSL,Var,Yok,Evet,Otomatik Ödeme,3,54.28,1629.6,0
CUST-15417,Erkek,69,Evet,Hayır,20,2 Yıllık,Fiber,Yok,Yok,Hayır,Posta Çeki,1,95.69,1858.64,0
CUST-15418,Kadın,37,Hayır,Hayır,56,Aylık,DSL,Yok,Yok,Evet,Elektronik Çek,1,58.89,3071.55,0
CUST-15419,Kadın,23,Hayır,Evet,18,1 Yıllık,Yok,Yok,Yok,Hayır,Otomatik Ödeme,1,20.41,360.0,0
CUST-15420,Kadın,57,Evet,Hayır,43,Aylık,Fiber,Yok,Yok,Hayır,Elektronik Çek,2,90.79,3976.66,1
CUST-15421,Kadın,43,Hayır,Hayır,21,2 Yıllık,Yok,Yok,Yok,Evet,Otomatik Ödeme,2,40.18,828.45,0
CUST-15422,Erkek,21,Evet,Hayır,61,Aylık,Fiber,Yok,Yok,Evet,Otomatik Ödeme,1,82.83,4937.87,1
CUST-15423,Erkek,35,Hayır,Hayır,58,Aylık,DSL,Var,Yok,Hayır,Elektronik Çek,1,54.16,3320.32,1
CUST-15424,Erkek,18,Evet,Evet,13,Aylık,Yok,Var,Yok,Hayır,Otomatik Ödeme,1,61.74,754.5,0
CUST-15425,Erkek,37,Hayır,Hayır,41,1 Yıllık,Fiber,Var,Yok,Hayır,Elektronik Çek,1,87.87,3623.46,0
CUST-15426,Erkek,63,Hayır,Hayır,67,Aylık,Yok,Var,Var,Evet,Otomatik Ödeme,1,41.42,2572.38,0
CUST-15427,Erkek,45,Hayır,Hayır,33,2 Yıllık,Yok,Yok,Yok,Hayır,Otomatik Ödeme,1,33.12,1063.38,0
CUST-15428,Kadın,58,Hayır,Evet,15,Aylık,Yok,Var,Yok,Evet,Otomatik Ödeme,1,38.74,558.66,1
CUST-15429,Kadın,57,Hayır,Hayır,40,1 Yıllık,Fiber,Yok,Var,Evet,Posta Çeki,0,114.98,4289.35,0
CUST-15430,Kadın,38,Hayır,Evet,11,2 Yıllık,Fiber,Yok,Yok,Evet,Posta Çeki,1,93.4,1041.21,0
CUST-15431,Erkek,33,Evet,Evet,14,1 Yıllık,Fiber,Yok,Var,Hayır,Posta Çeki,4,92.82,1338.27,1
CUST-15432,Kadın,23,Hayır,Hayır,59,Aylık,Fiber,Yok,Yok,Hayır,Elektronik Çek,0,82.23,4536.57,0
CUST-15433,Kadın,38,Hayır,Hayır,16,Aylık,Fiber,Yok,Var,Evet,Otomatik Ödeme,1,84.13,1422.56,1
CUST-15434,Erkek,37,Hayır,Evet,28,Aylık,DSL,Yok,Yok,Hayır,Otomatik Ödeme,1,77.32,1996.87,1
CUST-15435,Kadın,44,Hayır,Hayır,8,Aylık,DSL,Yok,Var,Hayır,Posta Çeki,2,39.66,322.45,1
CUST-15436,Kadın,47,Evet,Hayır,39,1 Yıllık,Fiber,Yok,Yok,Hayır,Otomatik Ödeme,2,68.14,2728.21,0
CUST-15437,Erkek,58,Evet,Evet,14,Aylık,DSL,Yok,Yok,Evet,Elektronik Çek,0,56.32,765.33,1
CUST-15438,Kadın,63,Hayır,Hayır,22,Aylık,Yok,Yok,Yok,Evet,Elektronik Çek,1,28.61,597.15,0
CUST-15439,Erkek,18,Hayır,Evet,72,Aylık,DSL,Var,Var,Hayır,Elektronik Çek,0,44.16,3294.13,0
CUST-15440,Kadın,37,Evet,Hayır,65,1 Yıllık,DSL,Yok,Yok,Evet,Elektronik Çek,1,67.32,4283.98,0
CUST-15441,Erkek,26,Hayır,Evet,7,Aylık,Yok,Var,Yok,Hayır,Otomatik Ödeme,0,18.0,127.1,0
CUST-15442,Kadın,27,Hayır,Hayır,59,1 Yıllık,DSL,Yok,Yok,Evet,Posta Çeki,0,58.64,3205.87,0
CUST-15443,Kadın,30,Hayır,Evet,13,1 Yıllık,DSL,Yok,Yok,Evet,Posta Çeki,1,66.4,800.8,1
CUST-15444,Kadın,58,Evet,Evet,15,Aylık,DSL,Var,Yok,Hayır,Elektronik Çek,0,58.55,939.89,0
CUST-15445,Kadın,38,Hayır,Evet,18,1 Yıllık,Fiber,Var,Yok,Evet,Otomatik Ödeme,1,76.42,1460.12,0
CUST-15446,Erkek,31,Hayır,Hayır,35,Aylık,Fiber,Yok,Yok,Evet,Elektronik Çek,3,89.05,3305.31,1
CUST-15447,Erkek,30,Hayır,Evet,3,Aylık,DSL,Var,Yok,Hayır,Otomatik Ödeme,1,93.81,270.75,0
CUST-15448,Kadın,46,Evet,Evet,25,Aylık,Yok,Var,Var,Hayır,Elektronik Çek,2,31.74,814.28,0
CUST-15449,Kadın,52,Hayır,Hayır,19,Aylık,Yok,Var,Var,Hayır,Otomatik Ödeme,2,38.69,770.95,0
CUST-15450,Kadın,38,Hayır,Hayır,16,Aylık,DSL,Yok,Var,Hayır,Elektronik Çek,2,56.02,910.2,0
CUST-15451,Erkek,18,Hayır,Evet,6,1 Yıllık,Fiber,Var,Yok,Evet,Elektronik Çek,0,94.51,598.79,1
CUST-15452,Kadın,50,Hayır,Hayır,44,2 Yıllık,DSL,Yok,Yok,Evet,Otomatik Ödeme,1,54.08,2355.86,0
CUST-15453,Kadın,76,Evet,Hayır,54,2 Yıllık,DSL,Yok,Yok,Hayır,Elektronik Çek,0,67.94,3771.06,0
CUST-15454,Kadın,47,Hayır,Hayır,25,Aylık,DSL,Yok,Var,Hayır,Otomatik Ödeme,2,38.83,977.02,0
CUST-15455,Erkek,47,Evet,Evet,18,2 Yıllık,Fiber,Yok,Var,Hayır,Posta Çeki,2,61.11,1131.79,0
CUST-15456,Erkek,34,Hayır,Hayır,31,Aylık,Fiber,Var,Yok,Hayır,Otomatik Ödeme,2,92.23,2775.15,0
CUST-15457,Erkek,40,Evet,Hayır,50,2 Yıllık,DSL,Var,Yok,Hayır,Elektronik Çek,4,63.01,3161.6,0
CUST-15458,Kadın,40,Hayır,Hayır,14,Aylık,Yok,Yok,Yok,Hayır,Elektronik Çek,3,27.93,407.05,0
CUST-15459,Erkek,61,Hayır,Evet,7,2 Yıllık,Yok,Yok,Yok,Evet,Posta Çeki,0,21.29,147.11,0
CUST-15460,Kadın,64,Evet,Evet,25,1 Yıllık,Fiber,Var,Yok,Evet,Elektronik Çek,0,89.55,2366.2,1
CUST-15461,Kadın,46,Evet,Hayır,13,Aylık,Fiber,Var,Var,Evet,Otomatik Ödeme,0,73.62,1030.73,0
CUST-15462,Kadın,28,Evet,Evet,30,1 Yıllık,Fiber,Yok,Yok,Evet,Posta Çeki,1,78.93,2512.53,0
CUST-15463,Erkek,22,Evet,Hayır,52,2 Yıllık,Fiber,Yok,Var,Hayır,Otomatik Ödeme,0,114.78,6232.65,0
CUST-15464,Erkek,32,Hayır,Hayır,19,Aylık,Fiber,Yok,Yok,Hayır,Otomatik Ödeme,2,77.18,1435.37,0
CUST-15465,Kadın,18,Evet,Hayır,26,1 Yıllık,Yok,Var,Var,Hayır,Otomatik Ödeme,1,35.92,1000.33,0
CUST-15466,Kadın,25,Evet,Hayır,23,Aylık,DSL,Yok,Var,Hayır,Posta Çeki,2,49.26,1142.28,1
CUST-15467,Kadın,47,Evet,Hayır,42,1 Yıllık,Fiber,Yok,Var,Hayır,Posta Çeki,2,74.08,3290.02,0
CUST-15468,Erkek,53,Hayır,Evet,48,Aylık,Fiber,Var,Var,Hayır,Otomatik Ödeme,0,101.57,5211.9,1
CUST-15469,Erkek,60,Hayır,Evet,21,1 Yıllık,DSL,Yok,Yok,Evet,Elektronik Çek,1,52.0,1058.81,0
CUST-15470,Kadın,50,Hayır,Hayır,19,Aylık,DSL,Yok,Yok,Evet,Elektronik Çek,2,64.94,1328.54,1
CUST-15471,Erkek,35,Hayır,Hayır,4,Aylık,DSL,Var,Yok,Hayır,Otomatik Ödeme,1,78.13,326.18,0
CUST-15472,Kadın,50,Hayır,Evet,36,2 Yıllık,Fiber,Yok,Var,Evet,Posta Çeki,1,85.83,2908.99,1
CUST-15473,Kadın,18,Evet,Hayır,18,Aylık,Fiber,Var,Yok,Evet,Otomatik Ödeme,0,105.89,1874.11,1
CUST-15474,Erkek,41,Hayır,Hayır,33,2 Yıllık,Yok,Var,Yok,Evet,Otomatik Ödeme,5,29.62,1046.14,0
CUST-15475,Erkek,25,Hayır,Hayır,50,Aylık,Fiber,Yok,Var,Evet,Elektronik Çek,0,88.93,4559.07,0
CUST-15476,Kadın,39,Evet,Evet,26,Aylık,DSL,Var,Yok,Hayır,Elektronik Çek,0,48.22,1311.88,0
CUST-15477,Kadın,31,Hayır,Hayır,3,2 Yıllık,Yok,Yok,Yok,Hayır,Elektronik Çek,0,35.0,112.85,0
CUST-15478,Erkek,33,Evet,Hayır,16,Aylık,Fiber,Var,Var,Evet,Elektronik Çek,0,86.95,1499.72,0
CUST-15479,Kadın,40,Hayır,Hayır,40,1 Yıllık,Fiber,Var,Yok,Evet,Otomatik Ödeme,0,74.1,2878.98,0
CUST-15480,Kadın,34,Evet,Hayır,41,2 Yıllık,DSL,Yok,Yok,Evet,Otomatik Ödeme,3,43.07,1831.61,0
CUST-15481,Erkek,60,Evet,Evet,72,2 Yıllık,Fiber,Yok,Yok,Evet,Otomatik Ödeme,1,90.43,6993.28,0
CUST-15482,Kadın,45,Evet,Hayır,8,Aylık,Fiber,Var,Yok,Evet,Elektronik Çek,2,94.93,739.69,1
CUST-15483,Kadın,81,Hayır,Hayır,56,Aylık,Fiber,Yok,Var,Hayır,Otomatik Ödeme,1,90.92,4869.48,0
CUST-15484,Kadın,34,Hayır,Hayır,35,Aylık,Fiber,Yok,Yok,Hayır,Elektronik Çek,2,92.25,3302.66,1
CUST-15485,Erkek,55,Hayır,Hayır,68,Aylık,Fiber,Var,Yok,Hayır,Otomatik Ödeme,2,92.0,5791.18,0
CUST-15486,Erkek,61,Hayır,Evet,72,Aylık,DSL,Yok,Yok,Hayır,Elektronik Çek,1,48.9,3281.12,0
CUST-15487,Kadın,27,Evet,Hayır,72,Aylık,Fiber,Var,Yok,Evet,Otomatik Ödeme,0,72.91,5460.63,0
CUST-15488,Kadın,75,Hayır,Hayır,49,Aylık,Yok,Var,Yok,Evet,Otomatik Ödeme,2,43.8,1987.89,0
CUST-15489,Erkek,44,Hayır,Hayır,30,Aylık,DSL,Yok,Yok,Evet,Otomatik Ödeme,5,45.02,1263.89,1
CUST-15490,Erkek,45,Evet,Hayır,53,1 Yıllık,Fiber,Var,Yok,Evet,Elektronik Çek,0,69.12,3839.45,1
CUST-15491,Erkek,43,Evet,Hayır,12,Aylık,Fiber,Yok,Yok,Evet,Otomatik Ödeme,2,71.16,786.98,1
CUST-15492,Erkek,38,Hayır,Evet,23,Aylık,Fiber,Var,Var,Hayır,Otomatik Ödeme,2,103.92,2296.4,0
CUST-15493,Kadın,39,Evet,Hayır,13,Aylık,Yok,Yok,Yok,Hayır,Otomatik Ödeme,1,40.67,555.62,0
CUST-15494,Kadın,18,Hayır,Hayır,36,1 Yıllık,Fiber,Var,Var,Hayır,Elektronik Çek,2,98.15,3416.64,0
CUST-15495,Erkek,49,Hayır,Evet,72,1 Yıllık,Fiber,Var,Var,Hayır,Posta Çeki,3,69.13,4613.78,0
CUST-15496,Erkek,63,Hayır,Hayır,44,Aylık,Fiber,Var,Var,Hayır,Otomatik Ödeme,0,99.94,4231.04,0
CUST-15497,Kadın,52,Hayır,Hayır,24,1 Yıllık,DSL,Var,Yok,Evet,Posta Çeki,1,73.6,1870.02,0
CUST-15498,Erkek,20,Evet,Hayır,33,Aylık,Fiber,Yok,Yok,Hayır,Otomatik Ödeme,2,85.33,2982.97,1
CUST-15499,Kadın,33,Evet,Hayır,70,2 Yıllık,Fiber,Var,Var,Evet,Posta Çeki,0,59.72,4054.54,1
CUST-15500,Kadın,36,Hayır,Hayır,17,1 Yıllık,Fiber,Yok,Yok,Hayır,Elektronik Çek,3,69.0,1123.23,1
CUST-15501,Kadın,47,Hayır,Evet,25,2 Yıllık,Fiber,Var,Var,Evet,Elektronik Çek,0,104.59,2705.38,0
CUST-15502,Kadın,39,Evet,Hayır,23,2 Yıllık,Fiber,Var,Yok,Hayır,Elektronik Çek,3,87.77,2032.93,1
CUST-15503,Erkek,31,Hayır,Hayır,15,1 Yıllık,Yok,Yok,Yok,Hayır,Otomatik Ödeme,0,28.7,452.72,0
CUST-15504,Kadın,33,Hayır,Hayır,25,Aylık,DSL,Yok,Yok,Evet,Otomatik Ödeme,2,88.74,2385.57,1
CUST-15505,Kadın,18,Evet,Hayır,72,Aylık,Yok,Yok,Yok,Evet,Posta Çeki,4,39.21,2796.16,0
CUST-15506,Kadın,52,Evet,Evet,40,Aylık,Fiber,Yok,Var,Hayır,Otomatik Ödeme,3,74.15,2960.12,0
CUST-15507,Kadın,37,Hayır,Hayır,43,1 Yıllık,DSL,Yok,Yok,Hayır,Elektronik Çek,1,54.23,2329.14,0
CUST-15508,Kadın,52,Hayır,Evet,10,1 Yıllık,Yok,Yok,Yok,Hayır,Otomatik Ödeme,3,39.83,391.78,0
CUST-15509,Kadın,28,Hayır,Hayır,48,1 Yıllık,DSL,Var,Var,Hayır,Posta Çeki,4,71.41,3535.3,1
CUST-15510,Erkek,42,Evet,Hayır,37,Aylık,DSL,Yok,Var,Hayır,Otomatik Ödeme,4,51.38,1828.78,1
CUST-15511,Kadın,18,Evet,Evet,23,Aylık,DSL,Yok,Var,Evet,Elektronik Çek,0,59.29,1403.79,1
CUST-15512,Erkek,56,Evet,Hayır,16,1 Yıllık,Fiber,Yok,Var,Evet,Otomatik Ödeme,1,83.32,1296.26,0
CUST-15513,Kadın,41,Evet,Hayır,31,1 Yıllık,Yok,Var,Var,Evet,Posta Çeki,1,40.74,1357.16,0
CUST-15514,Erkek,49,Evet,Evet,10,Aylık,Yok,Yok,Var,Evet,Otomatik Ödeme,0,61.0,622.24,1
CUST-15515,Erkek,57,Evet,Hayır,42,Aylık,DSL,Yok,Var,Hayır,Elektronik Çek,1,74.99,2932.83,1
CUST-15516,Erkek,41,Hayır,Hayır,7,Aylık,Fiber,Yok,Var,Hayır,Posta Çeki,4,97.88,732.08,1
CUST-15517,Erkek,49,Evet,Hayır,32,Aylık,Fiber,Yok,Yok,Evet,Otomatik Ödeme,0,89.64,2824.9,1
CUST-15518,Kadın,20,Hayır,Hayır,56,Aylık,Fiber,Yok,Yok,Evet,Otomatik Ödeme,1,99.66,5757.77,1
CUST-15519,Erkek,24,Evet,Hayır,50,Aylık,Fiber,Var,Yok,Evet,Elektronik Çek,2,87.93,4139.67,0
CUST-15520,Erkek,23,Evet,Hayır,3,Aylık,Fiber,Yok,Yok,Evet,Otomatik Ödeme,2,92.53,283.14,1
CUST-15521,Erkek,46,Hayır,Hayır,20,Aylık,Fiber,Yok,Yok,Evet,Posta Çeki,2,105.29,2064.89,1
CUST-15522,Erkek,51,Hayır,Hayır,31,Aylık,Fiber,Var,Yok,Hayır,Elektronik Çek,4,85.69,2475.11,1
CUST-15523,Kadın,22,Hayır,Hayır,14,Aylık,DSL,Var,Yok,Evet,Otomatik Ödeme,1,50.39,672.19,0
CUST-15524,Erkek,31,Evet,Hayır,24,Aylık,Fiber,Yok,Yok,Hayır,Otomatik Ödeme,0,88.53,2031.33,1
CUST-15525,Erkek,47,Hayır,Hayır,21,1 Yıllık,DSL,Yok,Var,Evet,Otomatik Ödeme,0,44.39,901.35,0
CUST-15526,Kadın,42,Evet,Evet,23,1 Yıllık,Yok,Var,Yok,Evet,Elektronik Çek,5,18.0,418.85,0
CUST-15527,Erkek,42,Hayır,Hayır,15,1 Yıllık,Fiber,Yok,Yok,Evet,Elektronik Çek,3,87.6,1352.85,1
CUST-15528,Kadın,45,Hayır,Hayır,54,Aylık,Yok,Yok,Var,Evet,Otomatik Ödeme,1,46.09,2656.87,0
CUST-15529,Erkek,34,Evet,Hayır,13,Aylık,Fiber,Yok,Yok,Evet,Elektronik Çek,0,100.54,1371.35,1
CUST-15530,Kadın,55,Hayır,Hayır,55,Aylık,DSL,Var,Yok,Evet,Otomatik Ödeme,0,63.1,3228.78,1
CUST-15531,Kadın,38,Hayır,Hayır,39,Aylık,DSL,Var,Yok,Evet,Otomatik Ödeme,1,51.68,2173.24,1
CUST-15532,Erkek,47,Hayır,Hayır,11,2 Yıllık,Fiber,Yok,Yok,Hayır,Otomatik Ödeme,1,78.59,820.68,1
CUST-15533,Kadın,43,Hayır,Hayır,64,1 Yıllık,Yok,Var,Yok,Hayır,Otomatik Ödeme,1,34.86,2090.58,0
CUST-15534,Erkek,76,Hayır,Hayır,23,Aylık,Fiber,Var,Yok,Evet,Otomatik Ödeme,1,87.65,1993.41,1
CUST-15535,Kadın,51,Hayır,Evet,24,1 Yıllık,Fiber,Yok,Var,Evet,Otomatik Ödeme,2,74.07,1690.95,0
CUST-15536,Erkek,61,Hayır,Evet,35,1 Yıllık,DSL,Var,Var,Evet,Otomatik Ödeme,1,60.68,2150.03,0
CUST-15537,Kadın,42,Hayır,Hayır,33,2 Yıllık,Yok,Var,Var,Evet,Posta Çeki,1,18.0,641.18,0
CUST-15538,Erkek,25,Evet,Hayır,20,Aylık,Yok,Var,Var,Evet,Otomatik Ödeme,2,46.65,869.98,0
CUST-15539,Erkek,39,Evet,Hayır,11,1 Yıllık,Fiber,Yok,Var,Evet,Otomatik Ödeme,2,90.13,978.52,0
CUST-15540,Erkek,42,Hayır,Hayır,18,1 Yıllık,DSL,Var,Yok,Hayır,Otomatik Ödeme,0,64.3,1217.29,0
CUST-15541,Erkek,25,Hayır,Evet,57,Aylık,Fiber,Yok,Yok,Hayır,Elektronik Çek,2,98.03,5606.92,1
CUST-15542,Kadın,46,Hayır,Evet,10,Aylık,Fiber,Var,Yok,Evet,Otomatik Ödeme,0,103.4,1109.05,1
CUST-15543,Kadın,52,Evet,Hayır,54,Aylık,Fiber,Yok,Var,Hayır,Posta Çeki,1,91.71,4868.06,1
CUST-15544,Kadın,19,Hayır,Hayır,45,Aylık,DSL,Var,Yok,Evet,Posta Çeki,1,50.45,2249.0,0
CUST-15545,Erkek,83,Hayır,Hayır,48,2 Yıllık,Fiber,Var,Yok,Hayır,Elektronik Çek,3,78.29,3712.81,0
CUST-15546,Kadın,47,Hayır,Hayır,41,1 Yıllık,Yok,Yok,Yok,Evet,Otomatik Ödeme,3,18.0,697.09,0
CUST-15547,Kadın,30,Evet,Hayır,4,Aylık,Fiber,Yok,Var,Hayır,Posta Çeki,4,103.1,434.54,1
CUST-15548,Kadın,61,Evet,Hayır,32,Aylık,Yok,Yok,Yok,Evet,Otomatik Ödeme,2,25.27,818.21,1
CUST-15549,Erkek,34,Evet,Hayır,11,Aylık,Yok,Var,Yok,Evet,Otomatik Ödeme,0,55.18,577.76,0
CUST-15550,Erkek,62,Hayır,Evet,14,Aylık,Yok,Yok,Var,Hayır,Otomatik Ödeme,3,32.25,460.81,0
CUST-15551,Kadın,26,Hayır,Evet,49,Aylık,Yok,Var,Yok,Evet,Elektronik Çek,2,40.77,1902.72,0
CUST-15552,Kadın,37,Hayır,Hayır,44,1 Yıllık,Yok,Yok,Yok,Evet,Elektronik Çek,1,18.0,772.68,0
CUST-15553,Erkek,64,Evet,Hayır,63,Aylık,Fiber,Var,Yok,Evet,Otomatik Ödeme,0,83.77,5180.06,0
CUST-15554,Erkek,42,Evet,Hayır,31,Aylık,DSL,Yok,Yok,Evet,Elektronik Çek,0,54.6,1659.33,0
CUST-15555,Kadın,36,Hayır,Hayır,5,Aylık,DSL,Yok,Yok,Hayır,Elektronik Çek,0,50.37,259.32,1
CUST-15556,Erkek,66,Hayır,Hayır,17,2 Yıllık,DSL,Yok,Yok,Evet,Otomatik Ödeme,1,57.55,1049.11,0
CUST-15557,Erkek,50,Evet,Hayır,41,1 Yıllık,DSL,Yok,Yok,Evet,Otomatik Ödeme,4,39.01,1482.78,1
CUST-15558,Kadın,41,Hayır,Evet,52,Aylık,DSL,Yok,Var,Hayır,Elektronik Çek,1,75.22,4097.63,0
CUST-15559,Erkek,38,Evet,Hayır,37,1 Yıllık,DSL,Yok,Yok,Hayır,Otomatik Ödeme,1,56.54,2173.42,0
CUST-15560,Erkek,56,Evet,Evet,20,Aylık,Fiber,Yok,Yok,Evet,Otomatik Ödeme,1,80.5,1596.76,1
CUST-15561,Kadın,26,Hayır,Evet,12,Aylık,Fiber,Yok,Var,Evet,Posta Çeki,1,90.98,1152.46,1
CUST-15562,Kadın,73,Evet,Hayır,25,Aylık,Yok,Var,Yok,Hayır,Posta Çeki,0,22.76,551.28,0
CUST-15563,Erkek,54,Evet,Hayır,1,Aylık,Fiber,Yok,Var,Evet,Elektronik Çek,4,92.49,92.8,1
CUST-15564,Erkek,65,Evet,Hayır,19,Aylık,DSL,Var,Var,Evet,Otomatik Ödeme,3,62.94,1224.21,0
CUST-15565,Erkek,48,Evet,Hayır,58,Aylık,Fiber,Var,Yok,Evet,Otomatik Ödeme,0,111.08,6883.28,0
CUST-15566,Kadın,41,Evet,Hayır,9,Aylık,DSL,Yok,Var,Evet,Posta Çeki,1,75.63,711.14,1
CUST-15567,Erkek,38,Evet,Hayır,49,2 Yıllık,Yok,Yok,Yok,Hayır,Elektronik Çek,1,18.0,911.93,0
CUST-15568,Kadın,68,Evet,Hayır,12,Aylık,DSL,Yok,Var,Evet,Posta Çeki,1,72.87,907.8,0
CUST-15569,Erkek,18,Evet,Hayır,19,Aylık,Yok,Var,Var,Evet,Otomatik Ödeme,0,40.26,781.54,0
CUST-15570,Kadın,38,Evet,Hayır,41,Aylık,Yok,Yok,Yok,Hayır,Elektronik Çek,1,18.0,727.32,1
CUST-15571,Kadın,44,Evet,Evet,42,Aylık,Fiber,Yok,Yok,Evet,Elektronik Çek,0,96.18,4346.25,1
CUST-15572,Kadın,63,Evet,Hayır,23,Aylık,Fiber,Yok,Yok,Evet,Elektronik Çek,1,82.88,1766.79,1
CUST-15573,Kadın,23,Evet,Hayır,18,Aylık,Yok,Yok,Yok,Hayır,Elektronik Çek,2,28.65,492.02,1
CUST-15574,Erkek,42,Evet,Hayır,33,1 Yıllık,Yok,Var,Yok,Evet,Otomatik Ödeme,0,43.99,1531.42,0
CUST-15575,Erkek,37,Hayır,Hayır,64,Aylık,DSL,Yok,Var,Hayır,Otomatik Ödeme,2,49.1,3193.18,0
CUST-15576,Erkek,57,Hayır,Hayır,25,Aylık,Fiber,Yok,Yok,Evet,Posta Çeki,2,93.36,2480.8,1
CUST-15577,Erkek,22,Hayır,Hayır,7,1 Yıllık,DSL,Yok,Yok,Evet,Otomatik Ödeme,2,77.29,550.08,1
CUST-15578,Kadın,66,Evet,Evet,20,1 Yıllık,DSL,Yok,Yok,Evet,Posta Çeki,4,50.18,978.13,0
CUST-15579,Kadın,69,Evet,Hayır,20,Aylık,Fiber,Yok,Var,Evet,Otomatik Ödeme,2,100.1,2064.86,1
CUST-15580,Erkek,34,Evet,Hayır,16,Aylık,Fiber,Var,Yok,Hayır,Elektronik Çek,2,75.07,1250.64,1
CUST-15581,Erkek,41,Evet,Evet,24,1 Yıllık,DSL,Var,Var,Hayır,Elektronik Çek,0,55.7,1313.15,0
CUST-15582,Erkek,47,Evet,Hayır,13,Aylık,DSL,Var,Yok,Evet,Otomatik Ödeme,2,63.39,833.35,1
CUST-15583,Erkek,39,Evet,Evet,31,2 Yıllık,DSL,Yok,Yok,Evet,Otomatik Ödeme,1,72.98,2177.34,0
CUST-15584,Kadın,38,Hayır,Hayır,4,Aylık,Fiber,Var,Yok,Evet,Elektronik Çek,1,89.19,354.53,1
CUST-15585,Kadın,47,Hayır,Evet,36,Aylık,DSL,Yok,Yok,Hayır,Otomatik Ödeme,2,76.39,2733.31,1
CUST-15586,Kadın,59,Hayır,Evet,46,Aylık,Fiber,Yok,Yok,Hayır,Otomatik Ödeme,2,78.74,3549.64,1
CUST-15587,Kadın,26,Hayır,Hayır,28,Aylık,DSL,Yok,Var,Evet,Otomatik Ödeme,1,64.51,1913.53,0
CUST-15588,Erkek,52,Evet,Hayır,38,2 Yıllık,DSL,Var,Yok,Evet,Posta Çeki,1,68.9,2519.6,0
CUST-15589,Erkek,31,Hayır,Evet,33,Aylık,Fiber,Yok,Var,Hayır,Otomatik Ödeme,4,83.15,2718.12,1
CUST-15590,Erkek,47,Evet,Hayır,41,1 Yıllık,DSL,Var,Yok,Evet,Otomatik Ödeme,1,54.89,2171.0,0
CUST-15591,Kadın,47,Evet,Evet,20,2 Yıllık,Fiber,Var,Yok,Evet,Elektronik Çek,1,86.18,1660.59,0
CUST-15592,Erkek,32,Hayır,Evet,22,2 Yıllık,DSL,Yok,Var,Evet,Otomatik Ödeme,3,57.3,1205.77,0
CUST-15593,Erkek,39,Evet,Hayır,29,Aylık,Yok,Var,Yok,Hayır,Otomatik Ödeme,0,24.81,721.42,0
CUST-15594,Erkek,43,Hayır,Evet,14,Aylık,DSL,Var,Var,Evet,Otomatik Ödeme,3,62.89,907.66,0
CUST-15595,Kadın,43,Evet,Hayır,51,Aylık,DSL,Yok,Yok,Hayır,Elektronik Çek,1,50.12,2646.98,1
CUST-15596,Kadın,69,Evet,Hayır,13,Aylık,Fiber,Yok,Yok,Hayır,Otomatik Ödeme,1,115.5,1428.59,1
CUST-15597,Kadın,37,Hayır,Hayır,14,2 Yıllık,Fiber,Yok,Var,Evet,Elektronik Çek,3,81.65,1193.54,1
CUST-15598,Erkek,34,Evet,Hayır,43,1 Yıllık,Fiber,Yok,Yok,Evet,Elektronik Çek,2,86.06,3493.02,1
CUST-15599,Kadın,43,Evet,Hayır,62,Aylık,Yok,Var,Yok,Evet,Otomatik Ödeme,2,30.08,1826.53,1
CUST-15600,Kadın,50,Evet,Hayır,11,Aylık,Yok,Yok,Var,Evet,Posta Çeki,2,31.14,351.24,1
CUST-15601,Kadın,30,Evet,Hayır,36,1 Yıllık,Yok,Var,Yok,Evet,Otomatik Ödeme,2,41.87,1405.66,0
CUST-15602,Kadın,37,Evet,Hayır,20,1 Yıllık,DSL,Var,Var,Evet,Elektronik Çek,1,68.23,1431.34,1
CUST-15603,Kadın,46,Evet,Hayır,59,Aylık,DSL,Var,Yok,Hayır,Elektronik Çek,0,55.97,3395.17,0
CUST-15604,Erkek,25,Hayır,Hayır,40,1 Yıllık,DSL,Yok,Yok,Evet,Posta Çeki,0,64.96,2427.61,0
CUST-15605,Kadın,31,Hayır,Hayır,12,Aylık,Yok,Yok,Yok,Evet,Elektronik Çek,0,44.17,563.76,1
CUST-15606,Kadın,42,Evet,Hayır,17,Aylık,DSL,Var,Yok,Evet,Elektronik Çek,0,62.26,978.13,1
CUST-15607,Erkek,43,Hayır,Hayır,39,Aylık,DSL,Var,Yok,Hayır,Otomatik Ödeme,1,52.23,1913.51,0
CUST-15608,Erkek,43,Evet,Hayır,37,2 Yıllık,DSL,Var,Yok,Hayır,Posta Çeki,2,74.65,2842.66,0
CUST-15609,Erkek,28,Evet,Hayır,32,Aylık,DSL,Var,Yok,Evet,Posta Çeki,2,79.92,2528.0,0
CUST-15610,Erkek,42,Hayır,Hayır,25,1 Yıllık,Fiber,Yok,Var,Hayır,Elektronik Çek,5,94.75,2543.72,1
CUST-15611,Kadın,44,Hayır,Hayır,24,Aylık,DSL,Yok,Yok,Evet,Otomatik Ödeme,0,60.21,1425.38,0
CUST-15612,Erkek,24,Evet,Evet,61,Aylık,Fiber,Var,Yok,Hayır,Otomatik Ödeme,0,76.86,4886.17,0
CUST-15613,Kadın,62,Hayır,Hayır,22,1 Yıllık,DSL,Var,Var,Hayır,Elektronik Çek,3,76.18,1562.29,1
CUST-15614,Erkek,43,Evet,Hayır,36,1 Yıllık,Fiber,Var,Yok,Evet,Posta Çeki,0,79.75,2962.84,0
CUST-15615,Kadın,38,Hayır,Hayır,36,2 Yıllık,Fiber,Yok,Yok,Evet,Elektronik Çek,2,92.92,3571.42,1
CUST-15616,Kadın,40,Evet,Hayır,50,Aylık,Yok,Var,Yok,Evet,Otomatik Ödeme,0,41.57,2197.15,0
CUST-15617,Erkek,30,Hayır,Hayır,41,Aylık,DSL,Yok,Var,Evet,Elektronik Çek,2,42.91,1736.82,0
CUST-15618,Erkek,26,Hayır,Hayır,49,Aylık,DSL,Yok,Yok,Evet,Elektronik Çek,1,39.31,1891.18,0
CUST-15619,Erkek,27,Evet,Hayır,7,Aylık,DSL,Yok,Yok,Hayır,Otomatik Ödeme,4,56.81,421.38,1
CUST-15620,Erkek,31,Hayır,Hayır,22,1 Yıllık,Yok,Yok,Yok,Hayır,Otomatik Ödeme,1,46.01,1082.25,1
CUST-15621,Erkek,30,Hayır,Evet,19,Aylık,DSL,Yok,Yok,Hayır,Elektronik Çek,1,39.43,743.71,1
CUST-15622,Kadın,56,Hayır,Hayır,55,Aylık,Yok,Var,Yok,Hayır,Posta Çeki,1,53.52,2893.39,0
CUST-15623,Kadın,42,Hayır,Evet,31,Aylık,DSL,Yok,Yok,Evet,Elektronik Çek,1,58.9,1872.98,1
CUST-15624,Kadın,34,Evet,Hayır,16,Aylık,Yok,Yok,Var,Evet,Elektronik Çek,0,25.62,421.17,0
CUST-15625,Kadın,49,Hayır,Hayır,49,Aylık,Yok,Yok,Yok,Evet,Otomatik Ödeme,2,35.05,1597.09,0
CUST-15626,Kadın,34,Hayır,Hayır,20,Aylık,DSL,Var,Yok,Evet,Posta Çeki,0,72.48,1398.01,0
CUST-15627,Erkek,48,Evet,Hayır,32,1 Yıllık,Yok,Yok,Yok,Hayır,Otomatik Ödeme,0,34.97,1042.87,1
CUST-15628,Erkek,42,Hayır,Evet,15,Aylık,Fiber,Var,Yok,Evet,Otomatik Ödeme,1,81.66,1141.51,0
CUST-15629,Kadın,43,Hayır,Evet,43,2 Yıllık,Fiber,Var,Var,Evet,Elektronik Çek,1,86.96,3610.37,0
CUST-15630,Kadın,18,Evet,Evet,23,Aylık,DSL,Var,Yok,Evet,Posta Çeki,1,60.96,1450.21,0
CUST-15631,Kadın,51,Hayır,Hayır,23,Aylık,DSL,Var,Yok,Hayır,Otomatik Ödeme,3,55.79,1303.38,1
CUST-15632,Kadın,25,Evet,Hayır,9,Aylık,DSL,Var,Yok,Evet,Otomatik Ödeme,2,64.14,617.61,1
CUST-15633,Kadın,50,Evet,Hayır,55,2 Yıllık,Yok,Yok,Var,Evet,Elektronik Çek,1,34.66,1939.51,1
CUST-15634,Kadın,46,Evet,Hayır,25,Aylık,DSL,Var,Yok,Hayır,Otomatik Ödeme,3,65.0,1729.96,1
CUST-15635,Kadın,27,Evet,Hayır,43,Aylık,Fiber,Yok,Var,Hayır,Elektronik Çek,2,79.04,3310.55,0
CUST-15636,Kadın,46,Hayır,Hayır,45,Aylık,Fiber,Yok,Var,Evet,Elektronik Çek,2,83.61,3827.15,1
CUST-15637,Kadın,20,Hayır,Evet,37,Aylık,Yok,Yok,Var,Evet,Otomatik Ödeme,2,40.92,1614.74,0
CUST-15638,Kadın,35,Hayır,Hayır,56,Aylık,DSL,Yok,Var,Evet,Elektronik Çek,2,62.97,3636.58,0
CUST-15639,Erkek,38,Evet,Hayır,13,2 Yıllık,Fiber,Yok,Yok,Evet,Posta Çeki,0,78.76,1083.26,0
CUST-15640,Erkek,18,Hayır,Hayır,14,2 Yıllık,Fiber,Yok,Yok,Evet,Elektronik Çek,0,93.2,1223.68,0
CUST-15641,Kadın,42,Hayır,Hayır,40,Aylık,DSL,Yok,Yok,Hayır,Elektronik Çek,2,51.85,2015.14,1
CUST-15642,Kadın,53,Evet,Evet,24,2 Yıllık,Fiber,Yok,Yok,Hayır,Otomatik Ödeme,0,97.04,2220.13,0
CUST-15643,Erkek,44,Evet,Hayır,21,Aylık,Yok,Yok,Yok,Evet,Otomatik Ödeme,1,43.03,856.69,1
CUST-15644,Kadın,53,Evet,Hayır,15,1 Yıllık,Fiber,Yok,Var,Evet,Elektronik Çek,1,105.34,1697.56,0
CUST-15645,Erkek,37,Evet,Hayır,14,Aylık,Fiber,Var,Var,Evet,Elektronik Çek,0,79.12,1109.85,0
CUST-15646,Erkek,33,Evet,Hayır,38,Aylık,Fiber,Yok,Var,Evet,Elektronik Çek,1,61.7,2244.25,0
CUST-15647,Kadın,66,Hayır,Hayır,41,Aylık,DSL,Yok,Yok,Evet,Otomatik Ödeme,1,47.4,1882.7,0
CUST-15648,Kadın,57,Evet,Hayır,11,Aylık,Fiber,Var,Yok,Evet,Otomatik Ödeme,4,80.13,845.03,1
CUST-15649,Erkek,47,Evet,Hayır,15,2 Yıllık,Fiber,Yok,Yok,Evet,Posta Çeki,1,96.94,1484.53,0
CUST-15650,Erkek,18,Evet,Evet,29,Aylık,DSL,Var,Yok,Hayır,Otomatik Ödeme,0,65.08,1853.43,1
CUST-15651,Kadın,52,Hayır,Evet,22,Aylık,Fiber,Var,Yok,Hayır,Elektronik Çek,0,106.58,2440.24,1
CUST-15652,Kadın,53,Hayır,Hayır,36,Aylık,Fiber,Yok,Yok,Evet,Elektronik Çek,3,80.17,2851.48,1
CUST-15653,Erkek,71,Hayır,Hayır,3,1 Yıllık,Yok,Var,Yok,Evet,Otomatik Ödeme,1,45.47,136.4,0
CUST-15654,Erkek,44,Hayır,Evet,2,Aylık,Fiber,Yok,Yok,Hayır,Posta Çeki,1,72.4,143.95,1
CUST-15655,Kadın,85,Hayır,Hayır,15,Aylık,Yok,Yok,Yok,Evet,Elektronik Çek,1,19.63,309.33,0
CUST-15656,Erkek,53,Hayır,Hayır,25,Aylık,Yok,Yok,Var,Evet,Elektronik Çek,2,33.47,806.11,0
CUST-15657,Kadın,51,Hayır,Hayır,13,2 Yıllık,Fiber,Yok,Var,Evet,Elektronik Çek,4,94.99,1284.02,0
CUST-15658,Kadın,36,Hayır,Evet,41,Aylık,Fiber,Yok,Yok,Evet,Otomatik Ödeme,0,102.13,3877.76,0
CUST-15659,Erkek,38,Hayır,Evet,40,Aylık,DSL,Yok,Yok,Evet,Elektronik Çek,1,69.26,2806.0,1
CUST-15660,Kadın,48,Hayır,Hayır,21,1 Yıllık,Fiber,Yok,Yok,Evet,Otomatik Ödeme,2,87.12,1871.59,1
CUST-15661,Kadın,46,Hayır,Hayır,18,Aylık,Yok,Yok,Yok,Evet,Elektronik Çek,0,36.61,665.15,1
CUST-15662,Kadın,29,Hayır,Hayır,62,Aylık,DSL,Yok,Yok,Evet,Elektronik Çek,1,51.19,2941.9,1
CUST-15663,Kadın,56,Hayır,Hayır,11,2 Yıllık,Yok,Yok,Yok,Evet,Elektronik Çek,0,18.0,185.21,0
CUST-15664,Erkek,51,Hayır,Hayır,25,1 Yıllık,Yok,Var,Var,Hayır,Elektronik Çek,1,28.65,660.66,0
CUST-15665,Kadın,32,Evet,Hayır,10,Aylık,DSL,Var,Yok,Evet,Elektronik Çek,0,71.84,773.99,1
CUST-15666,Erkek,36,Evet,Hayır,62,2 Yıllık,DSL,Var,Yok,Evet,Elektronik Çek,2,61.36,3904.05,0
CUST-15667,Kadın,29,Hayır,Hayır,18,Aylık,Yok,Var,Yok,Evet,Otomatik Ödeme,4,37.08,658.17,0
CUST-15668,Kadın,44,Hayır,Hayır,9,Aylık,Fiber,Var,Yok,Hayır,Elektronik Çek,1,91.07,761.57,1
CUST-15669,Erkek,23,Hayır,Evet,42,2 Yıllık,Fiber,Var,Yok,Evet,Otomatik Ödeme,0,85.9,3547.43,0
CUST-15670,Erkek,40,Evet,Hayır,45,2 Yıllık,DSL,Yok,Yok,Evet,Posta Çeki,0,59.99,2872.69,1
CUST-15671,Erkek,64,Evet,Evet,11,1 Yıllık,Fiber,Var,Yok,Evet,Posta Çeki,2,79.12,932.35,0
CUST-15672,Erkek,65,Hayır,Evet,58,Aylık,DSL,Yok,Var,Evet,Posta Çeki,1,52.15,3146.14,1
CUST-15673,Erkek,42,Hayır,Hayır,24,Aylık,Yok,Yok,Yok,Evet,Elektronik Çek,2,42.57,1049.59,0
CUST-15674,Kadın,46,Evet,Hayır,12,Aylık,DSL,Yok,Yok,Evet,Otomatik Ödeme,0,80.43,892.59,0
CUST-15675,Kadın,59,Hayır,Hayır,14,Aylık,Fiber,Yok,Yok,Evet,Elektronik Çek,2,68.55,958.77,1
CUST-15676,Kadın,50,Evet,Evet,46,1 Yıllık,DSL,Yok,Var,Evet,Otomatik Ödeme,0,62.87,2692.46,0
CUST-15677,Erkek,43,Evet,Hayır,68,Aylık,DSL,Var,Yok,Evet,Otomatik Ödeme,1,61.51,4186.92,0
CUST-15678,Erkek,60,Hayır,Hayır,34,2 Yıllık,Fiber,Yok,Yok,Hayır,Posta Çeki,1,88.18,3152.82,0
CUST-15679,Erkek,34,Evet,Hayır,72,1 Yıllık,DSL,Yok,Yok,Evet,Elektronik Çek,2,62.93,4417.11,0
CUST-15680,Erkek,60,Hayır,Hayır,57,Aylık,Fiber,Yok,Yok,Hayır,Otomatik Ödeme,2,82.17,4812.73,0
CUST-15681,Erkek,56,Hayır,Hayır,40,1 Yıllık,Fiber,Yok,Var,Evet,Elektronik Çek,1,93.45,3669.35,0
CUST-15682,Kadın,60,Evet,Hayır,22,Aylık,Fiber,Yok,Var,Hayır,Otomatik Ödeme,0,80.46,1715.46,0
CUST-15683,Kadın,66,Evet,Hayır,15,1 Yıllık,DSL,Var,Yok,Hayır,Elektronik Çek,1,39.32,621.7,0
CUST-15684,Kadın,40,Evet,Evet,15,Aylık,DSL,Yok,Var,Hayır,Elektronik Çek,2,63.84,904.06,1
CUST-15685,Erkek,40,Hayır,Hayır,37,Aylık,Fiber,Yok,Var,Evet,Elektronik Çek,0,97.04,3381.48,0
CUST-15686,Erkek,44,Hayır,Hayır,11,1 Yıllık,Fiber,Var,Yok,Hayır,Elektronik Çek,2,75.36,861.29,0
CUST-15687,Erkek,40,Hayır,Evet,6,Aylık,DSL,Var,Var,Hayır,Posta Çeki,5,48.94,277.25,1
CUST-15688,Kadın,52,Evet,Hayır,21,2 Yıllık,DSL,Yok,Var,Evet,Posta Çeki,0,56.88,1228.31,0
CUST-15689,Erkek,44,Evet,Hayır,33,2 Yıllık,DSL,Yok,Yok,Hayır,Otomatik Ödeme,0,61.96,2081.46,0
CUST-15690,Kadın,29,Evet,Evet,43,2 Yıllık,Fiber,Var,Var,Hayır,Elektronik Çek,2,71.72,3293.91,0
CUST-15691,Kadın,18,Evet,Hayır,37,Aylık,DSL,Yok,Yok,Evet,Elektronik Çek,1,49.71,1792.48,1
CUST-15692,Erkek,32,Hayır,Hayır,12,Aylık,DSL,Yok,Yok,Evet,Otomatik Ödeme,6,77.29,974.19,1
CUST-15693,Erkek,46,Hayır,Hayır,37,Aylık,DSL,Yok,Var,Evet,Posta Çeki,3,73.82,2629.7,0
CUST-15694,Erkek,26,Evet,Evet,22,Aylık,Fiber,Var,Var,Evet,Otomatik Ödeme,4,78.97,1805.03,1
CUST-15695,Erkek,42,Evet,Hayır,31,Aylık,DSL,Var,Yok,Evet,Posta Çeki,4,47.41,1542.06,1
CUST-15696,Kadın,42,Evet,Hayır,13,1 Yıllık,DSL,Var,Var,Evet,Posta Çeki,0,45.1,614.22,0
CUST-15697,Kadın,45,Evet,Evet,72,2 Yıllık,Fiber,Yok,Yok,Evet,Otomatik Ödeme,2,104.39,7368.57,0
CUST-15698,Kadın,63,Evet,Hayır,15,Aylık,DSL,Yok,Yok,Hayır,Elektronik Çek,0,67.81,968.57,1
CUST-15699,Erkek,42,Evet,Evet,24,2 Yıllık,Yok,Yok,Yok,Hayır,Otomatik Ödeme,1,24.75,637.03,0
CUST-15700,Kadın,39,Evet,Hayır,43,Aylık,DSL,Var,Var,Evet,Posta Çeki,0,49.02,2158.84,0
CUST-15701,Kadın,43,Evet,Hayır,55,2 Yıllık,Yok,Yok,Yok,Evet,Posta Çeki,0,63.93,3602.85,0
CUST-15702,Erkek,61,Evet,Evet,25,2 Yıllık,Fiber,Yok,Var,Evet,Posta Çeki,2,96.36,2397.97,0
CUST-15703,Kadın,49,Hayır,Hayır,5,1 Yıllık,DSL,Var,Yok,Evet,Otomatik Ödeme,1,61.51,329.22,1
CUST-15704,Kadın,51,Evet,Evet,3,2 Yıllık,DSL,Yok,Var,Hayır,Otomatik Ödeme,4,79.52,236.81,1
CUST-15705,Erkek,18,Hayır,Hayır,20,1 Yıllık,DSL,Yok,Yok,Evet,Otomatik Ödeme,1,71.89,1537.29,0
CUST-15706,Erkek,29,Evet,Evet,34,1 Yıllık,DSL,Yok,Yok,Evet,Posta Çeki,3,44.76,1639.31,0
CUST-15707,Kadın,45,Hayır,Hayır,27,Aylık,DSL,Var,Yok,Hayır,Elektronik Çek,0,63.54,1739.28,0
CUST-15708,Kadın,26,Hayır,Evet,27,Aylık,Yok,Yok,Yok,Hayır,Posta Çeki,1,34.57,949.34,0
CUST-15709,Erkek,53,Evet,Hayır,23,Aylık,Yok,Yok,Yok,Evet,Elektronik Çek,2,43.2,1063.5,1
CUST-15710,Kadın,35,Evet,Hayır,43,2 Yıllık,Fiber,Yok,Var,Evet,Otomatik Ödeme,2,75.25,3232.6,0
CUST-15711,Erkek,39,Evet,Hayır,18,Aylık,Fiber,Yok,Yok,Evet,Posta Çeki,0,81.93,1518.97,0
CUST-15712,Erkek,43,Hayır,Hayır,32,1 Yıllık,Fiber,Yok,Var,Hayır,Otomatik Ödeme,2,66.26,2032.59,0
CUST-15713,Kadın,57,Hayır,Evet,19,Aylık,Fiber,Yok,Yok,Hayır,Otomatik Ödeme,2,86.31,1721.11,1
CUST-15714,Kadın,55,Evet,Hayır,72,1 Yıllık,Fiber,Var,Yok,Hayır,Elektronik Çek,1,61.18,4471.08,0
CUST-15715,Erkek,73,Hayır,Hayır,70,2 Yıllık,Fiber,Var,Yok,Hayır,Posta Çeki,0,82.14,5541.49,0
CUST-15716,Erkek,19,Evet,Evet,40,1 Yıllık,Fiber,Yok,Var,Hayır,Elektronik Çek,2,84.52,3289.01,0
CUST-15717,Kadın,26,Hayır,Evet,31,Aylık,Fiber,Var,Yok,Hayır,Otomatik Ödeme,0,109.15,3125.9,0
CUST-15718,Erkek,36,Evet,Hayır,31,1 Yıllık,DSL,Var,Var,Evet,Posta Çeki,2,52.9,1623.02,1
CUST-15719,Erkek,62,Hayır,Evet,44,Aylık,DSL,Yok,Yok,Hayır,Otomatik Ödeme,1,48.85,2228.41,0
CUST-15720,Erkek,52,Hayır,Hayır,12,2 Yıllık,Fiber,Var,Yok,Evet,Otomatik Ödeme,0,102.02,1286.45,0
CUST-15721,Kadın,27,Hayır,Hayır,68,Aylık,DSL,Yok,Yok,Evet,Elektronik Çek,1,46.34,3082.07,0
CUST-15722,Kadın,30,Hayır,Hayır,11,Aylık,Fiber,Yok,Yok,Evet,Elektronik Çek,1,86.91,928.45,1
CUST-15723,Erkek,71,Evet,Evet,31,2 Yıllık,DSL,Yok,Yok,Evet,Otomatik Ödeme,3,69.47,2094.79,0
CUST-15724,Erkek,49,Evet,Hayır,3,2 Yıllık,Fiber,Yok,Var,Hayır,Elektronik Çek,2,86.96,276.53,1
CUST-15725,Erkek,27,Hayır,Hayır,6,2 Yıllık,Fiber,Yok,Yok,Hayır,Otomatik Ödeme,3,65.73,403.35,1
CUST-15726,Erkek,27,Evet,Hayır,40,Aylık,DSL,Yok,Var,Evet,Otomatik Ödeme,3,65.96,2428.24,0
CUST-15727,Erkek,55,Hayır,Hayır,40,1 Yıllık,Yok,Yok,Var,Evet,Posta Çeki,1,38.79,1615.53,0
CUST-15728,Kadın,31,Hayır,Evet,18,2 Yıllık,Yok,Yok,Var,Hayır,Otomatik Ödeme,2,18.0,306.7,0
CUST-15729,Kadın,39,Hayır,Evet,33,1 Yıllık,Fiber,Yok,Yok,Evet,Posta Çeki,0,102.68,3634.8,1
CUST-15730,Erkek,39,Hayır,Hayır,42,Aylık,Fiber,Var,Var,Evet,Elektronik Çek,1,91.73,3897.93,0
CUST-15731,Erkek,30,Evet,Hayır,52,Aylık,Fiber,Yok,Var,Evet,Otomatik Ödeme,1,94.32,4683.77,1
CUST-15732,Kadın,49,Evet,Hayır,58,Aylık,DSL,Var,Yok,Hayır,Otomatik Ödeme,0,64.85,3624.47,0
CUST-15733,Kadın,44,Evet,Hayır,59,Aylık,Yok,Var,Yok,Evet,Elektronik Çek,3,32.72,1907.99,0
CUST-15734,Erkek,43,Hayır,Evet,35,Aylık,Fiber,Yok,Yok,Evet,Elektronik Çek,3,108.07,3643.96,1
CUST-15735,Erkek,47,Evet,Hayır,72,Aylık,DSL,Yok,Yok,Evet,Otomatik Ödeme,0,54.99,4086.53,0
CUST-15736,Erkek,43,Hayır,Evet,8,1 Yıllık,Fiber,Yok,Yok,Hayır,Otomatik Ödeme,1,67.3,553.27,0
CUST-15737,Erkek,51,Evet,Evet,54,2 Yıllık,Fiber,Yok,Yok,Evet,Elektronik Çek,0,85.21,4340.78,0
CUST-15738,Kadın,18,Hayır,Evet,47,Aylık,Yok,Var,Var,Evet,Elektronik Çek,0,30.29,1331.01,0
CUST-15739,Kadın,70,Hayır,Hayır,16,Aylık,Fiber,Var,Yok,Hayır,Otomatik Ödeme,1,82.32,1290.47,0
CUST-15740,Erkek,59,Hayır,Hayır,64,2 Yıllık,Yok,Var,Var,Evet,Otomatik Ödeme,3,30.8,2017.53,0
CUST-15741,Erkek,43,Hayır,Hayır,33,2 Yıllık,Fiber,Yok,Yok,Evet,Elektronik Çek,2,73.19,2594.0,0
CUST-15742,Erkek,35,Hayır,Evet,18,2 Yıllık,Fiber,Yok,Yok,Evet,Posta Çeki,2,70.73,1347.27,1
CUST-15743,Erkek,45,Hayır,Hayır,72,Aylık,Fiber,Var,Yok,Hayır,Elektronik Çek,3,87.52,6441.4,0
CUST-15744,Kadın,53,Hayır,Hayır,21,1 Yıllık,Fiber,Var,Yok,Evet,Elektronik Çek,0,91.94,1834.82,0
CUST-15745,Erkek,26,Hayır,Hayır,31,1 Yıllık,Fiber,Yok,Var,Hayır,Otomatik Ödeme,0,86.49,2558.47,0
CUST-15746,Kadın,33,Evet,Evet,18,Aylık,DSL,Yok,Yok,Evet,Elektronik Çek,0,36.89,704.03,0
CUST-15747,Kadın,67,Evet,Hayır,32,Aylık,DSL,Var,Yok,Hayır,Posta Çeki,1,44.64,1397.87,0
CUST-15748,Erkek,38,Evet,Hayır,72,2 Yıllık,Fiber,Yok,Yok,Evet,Otomatik Ödeme,1,90.09,6956.21,0
CUST-15749,Erkek,43,Evet,Hayır,35,Aylık,DSL,Yok,Yok,Hayır,Elektronik Çek,1,51.22,1896.54,1
CUST-15750,Erkek,35,Evet,Hayır,19,Aylık,DSL,Var,Yok,Hayır,Otomatik Ödeme,0,56.68,992.15,0
CUST-15751,Kadın,42,Hayır,Hayır,25,Aylık,DSL,Yok,Yok,Evet,Otomatik Ödeme,3,69.03,1694.04,1
CUST-15752,Kadın,34,Hayır,Evet,13,1 Yıllık,Yok,Yok,Yok,Evet,Otomatik Ödeme,1,38.58,531.28,0
CUST-15753,Erkek,28,Evet,Evet,11,Aylık,DSL,Var,Yok,Evet,Otomatik Ödeme,0,33.28,358.66,1
CUST-15754,Erkek,49,Evet,Hayır,18,1 Yıllık,Yok,Yok,Yok,Evet,Otomatik Ödeme,0,22.98,385.93,0
CUST-15755,Kadın,33,Hayır,Hayır,25,Aylık,Yok,Var,Yok,Evet,Elektronik Çek,5,25.55,623.58,0
CUST-15756,Kadın,34,Evet,Hayır,18,Aylık,DSL,Yok,Yok,Evet,Otomatik Ödeme,4,71.25,1347.64,1
CUST-15757,Kadın,50,Hayır,Hayır,44,Aylık,Yok,Yok,Yok,Hayır,Otomatik Ödeme,1,22.83,1053.39,0
CUST-15758,Erkek,51,Evet,Evet,37,Aylık,Fiber,Var,Yok,Evet,Elektronik Çek,2,77.97,2709.3,0
CUST-15759,Kadın,60,Hayır,Hayır,7,2 Yıllık,Fiber,Yok,Yok,Evet,Otomatik Ödeme,2,100.32,708.47,1
CUST-15760,Kadın,48,Hayır,Hayır,21,Aylık,DSL,Var,Yok,Hayır,Elektronik Çek,2,52.94,1160.96,1
CUST-15761,Erkek,42,Evet,Evet,18,1 Yıllık,Fiber,Yok,Var,Evet,Posta Çeki,0,100.34,1885.96,0
CUST-15762,Kadın,41,Evet,Hayır,45,2 Yıllık,Fiber,Yok,Yok,Hayır,Otomatik Ödeme,2,100.21,4409.62,0
CUST-15763,Erkek,46,Hayır,Hayır,27,Aylık,Fiber,Yok,Var,Evet,Elektronik Çek,2,87.27,2328.07,0
CUST-15764,Erkek,31,Hayır,Hayır,15,Aylık,Yok,Var,Yok,Hayır,Elektronik Çek,5,18.0,283.32,0
CUST-15765,Kadın,19,Evet,Hayır,23,Aylık,Fiber,Var,Yok,Hayır,Otomatik Ödeme,2,75.83,1859.9,0
CUST-15766,Kadın,58,Evet,Hayır,32,Aylık,Fiber,Yok,Yok,Evet,Elektronik Çek,2,82.55,2475.73,0
CUST-15767,Kadın,38,Evet,Evet,24,2 Yıllık,Yok,Var,Var,Hayır,Otomatik Ödeme,3,23.97,603.68,0
CUST-15768,Erkek,34,Hayır,Hayır,17,Aylık,DSL,Var,Yok,Evet,Otomatik Ödeme,0,63.03,992.1,1
CUST-15769,Erkek,65,Evet,Hayır,32,1 Yıllık,Fiber,Yok,Var,Evet,Posta Çeki,0,106.98,3219.94,1
CUST-15770,Kadın,24,Evet,Hayır,56,Aylık,Fiber,Yok,Yok,Evet,Otomatik Ödeme,1,79.47,4590.94,1
CUST-15771,Erkek,53,Evet,Hayır,24,Aylık,DSL,Yok,Yok,Hayır,Otomatik Ödeme,1,62.68,1478.16,1
CUST-15772,Kadın,28,Hayır,Evet,19,Aylık,Yok,Yok,Yok,Hayır,Elektronik Çek,0,39.19,748.37,0
CUST-15773,Kadın,46,Hayır,Hayır,18,2 Yıllık,Fiber,Yok,Yok,Hayır,Posta Çeki,2,100.15,1946.32,0
CUST-15774,Kadın,44,Hayır,Evet,26,1 Yıllık,Fiber,Yok,Yok,Hayır,Elektronik Çek,3,98.85,2614.95,1
CUST-15775,Kadın,49,Evet,Hayır,5,1 Yıllık,Yok,Var,Var,Evet,Otomatik Ödeme,0,53.13,250.6,0
CUST-15776,Kadın,24,Hayır,Hayır,24,Aylık,DSL,Yok,Yok,Hayır,Elektronik Çek,3,55.99,1259.15,1
CUST-15777,Kadın,36,Hayır,Hayır,12,Aylık,Fiber,Yok,Yok,Hayır,Elektronik Çek,2,74.55,960.21,1
CUST-15778,Erkek,51,Hayır,Hayır,11,2 Yıllık,Fiber,Yok,Yok,Hayır,Elektronik Çek,0,89.16,989.34,0
CUST-15779,Kadın,47,Hayır,Hayır,68,1 Yıllık,Fiber,Yok,Yok,Evet,Elektronik Çek,1,99.63,6748.02,0
CUST-15780,Erkek,34,Hayır,Evet,2,1 Yıllık,Fiber,Yok,Yok,Hayır,Elektronik Çek,1,79.08,166.55,1
CUST-15781,Erkek,44,Evet,Hayır,14,Aylık,Yok,Yok,Yok,Evet,Elektronik Çek,0,37.19,514.19,1
CUST-15782,Kadın,46,Evet,Hayır,13,Aylık,Yok,Var,Var,Evet,Otomatik Ödeme,1,48.69,607.23,1
CUST-15783,Kadın,18,Hayır,Hayır,63,2 Yıllık,Fiber,Yok,Yok,Evet,Elektronik Çek,2,68.82,4192.15,0
CUST-15784,Kadın,28,Evet,Hayır,8,Aylık,Fiber,Yok,Yok,Evet,Elektronik Çek,3,79.74,639.36,1
CUST-15785,Erkek,52,Hayır,Hayır,19,Aylık,Fiber,Var,Var,Evet,Elektronik Çek,2,104.18,1837.72,1
CUST-15786,Kadın,47,Evet,Hayır,13,1 Yıllık,Yok,Yok,Var,Evet,Elektronik Çek,0,33.53,454.86,0
CUST-15787,Erkek,44,Evet,Hayır,26,Aylık,DSL,Var,Var,Hayır,Otomatik Ödeme,5,64.9,1651.57,1
CUST-15788,Erkek,46,Evet,Evet,25,1 Yıllık,Yok,Yok,Var,Evet,Otomatik Ödeme,0,40.53,953.43,0
CUST-15789,Kadın,18,Hayır,Evet,72,1 Yıllık,DSL,Yok,Var,Evet,Posta Çeki,2,69.86,4808.4,0
CUST-15790,Kadın,47,Evet,Hayır,18,Aylık,Fiber,Yok,Var,Evet,Otomatik Ödeme,0,89.76,1557.2,0
CUST-15791,Kadın,35,Evet,Hayır,65,Aylık,Fiber,Yok,Yok,Evet,Otomatik Ödeme,2,77.41,4659.11,0
CUST-15792,Erkek,68,Hayır,Hayır,6,Aylık,DSL,Var,Yok,Hayır,Otomatik Ödeme,0,65.45,418.5,0
CUST-15793,Erkek,18,Evet,Hayır,40,Aylık,Yok,Yok,Yok,Hayır,Otomatik Ödeme,2,38.49,1441.01,0
CUST-15794,Erkek,43,Hayır,Hayır,25,Aylık,Fiber,Var,Yok,Evet,Otomatik Ödeme,2,87.28,2115.34,1
CUST-15795,Kadın,32,Hayır,Hayır,1,Aylık,Fiber,Yok,Yok,Evet,Otomatik Ödeme,1,68.02,68.58,0
CUST-15796,Erkek,35,Hayır,Evet,23,Aylık,Fiber,Var,Yok,Evet,Otomatik Ödeme,2,106.08,2532.66,1
CUST-15797,Kadın,28,Hayır,Evet,25,Aylık,DSL,Var,Yok,Evet,Elektronik Çek,1,54.62,1407.33,0
CUST-15798,Erkek,30,Evet,Hayır,72,Aylık,Fiber,Yok,Yok,Hayır,Otomatik Ödeme,1,79.61,6015.56,1
CUST-15799,Kadın,37,Evet,Hayır,16,1 Yıllık,DSL,Yok,Yok,Evet,Elektronik Çek,2,63.46,964.72,1
CUST-15800,Erkek,35,Hayır,Hayır,44,Aylık,DSL,Var,Yok,Evet,Elektronik Çek,0,80.67,3391.33,1
CUST-15801,Kadın,24,Hayır,Hayır,51,Aylık,Yok,Var,Yok,Hayır,Otomatik Ödeme,2,23.04,1125.69,0
CUST-15802,Erkek,65,Evet,Hayır,15,1 Yıllık,Fiber,Yok,Var,Evet,Elektronik Çek,0,69.23,1078.42,1
CUST-15803,Kadın,56,Evet,Hayır,7,1 Yıllık,DSL,Yok,Yok,Evet,Otomatik Ödeme,0,53.4,353.52,1
CUST-15804,Erkek,53,Hayır,Hayır,17,1 Yıllık,DSL,Yok,Yok,Hayır,Elektronik Çek,0,66.94,1119.64,1
CUST-15805,Erkek,34,Hayır,Hayır,21,1 Yıllık,Fiber,Yok,Yok,Evet,Elektronik Çek,2,86.74,1731.51,1
CUST-15806,Erkek,65,Hayır,Evet,71,Aylık,Fiber,Yok,Yok,Hayır,Posta Çeki,0,95.72,7105.48,0
CUST-15807,Kadın,69,Evet,Evet,60,2 Yıllık,Fiber,Yok,Var,Evet,Otomatik Ödeme,4,69.42,3972.13,0
CUST-15808,Kadın,18,Hayır,Hayır,13,1 Yıllık,DSL,Yok,Var,Hayır,Otomatik Ödeme,0,48.85,633.95,1
CUST-15809,Kadın,66,Hayır,Hayır,54,Aylık,Yok,Yok,Var,Evet,Otomatik Ödeme,2,29.74,1599.25,0
CUST-15810,Kadın,22,Hayır,Hayır,20,1 Yıllık,Yok,Yok,Var,Evet,Otomatik Ödeme,2,33.02,618.19,1
CUST-15811,Kadın,50,Evet,Hayır,33,1 Yıllık,Yok,Yok,Yok,Evet,Elektronik Çek,2,22.96,740.98,0
CUST-15812,Kadın,43,Hayır,Hayır,29,Aylık,Yok,Yok,Yok,Evet,Elektronik Çek,3,43.03,1254.76,1
CUST-15813,Erkek,47,Evet,Evet,17,Aylık,Fiber,Yok,Yok,Evet,Otomatik Ödeme,2,80.76,1300.71,1
CUST-15814,Erkek,51,Evet,Evet,15,1 Yıllık,Yok,Yok,Yok,Evet,Elektronik Çek,0,46.39,708.28,0
CUST-15815,Kadın,28,Evet,Hayır,9,1 Yıllık,Fiber,Yok,Var,Hayır,Otomatik Ödeme,1,56.54,547.35,1
CUST-15816,Erkek,43,Evet,Hayır,15,1 Yıllık,Yok,Var,Var,Evet,Posta Çeki,2,18.0,272.85,0
CUST-15817,Kadın,31,Hayır,Hayır,63,Aylık,DSL,Var,Yok,Evet,Elektronik Çek,1,62.88,4068.21,1
CUST-15818,Erkek,49,Hayır,Hayır,25,Aylık,Yok,Yok,Yok,Evet,Elektronik Çek,2,38.67,1030.65,1
CUST-15819,Erkek,20,Evet,Hayır,17,2 Yıllık,DSL,Yok,Yok,Hayır,Posta Çeki,0,75.94,1193.98,0
CUST-15820,Kadın,64,Evet,Hayır,38,Aylık,Fiber,Var,Var,Hayır,Otomatik Ödeme,2,74.23,2615.46,0
CUST-15821,Erkek,62,Evet,Hayır,23,1 Yıllık,DSL,Yok,Yok,Evet,Elektronik Çek,4,54.42,1269.37,0
CUST-15822,Kadın,42,Hayır,Hayır,35,Aylık,Yok,Yok,Yok,Evet,Elektronik Çek,3,45.6,1484.9,1
CUST-15823,Kadın,55,Hayır,Hayır,54,Aylık,DSL,Var,Yok,Evet,Posta Çeki,1,84.23,4304.36,1
CUST-15824,Erkek,68,Hayır,Evet,63,1 Yıllık,DSL,Yok,Var,Evet,Elektronik Çek,0,45.33,2811.29,0
CUST-15825,Kadın,59,Hayır,Hayır,59,1 Yıllık,Fiber,Yok,Var,Evet,Elektronik Çek,2,78.33,4643.81,0
CUST-15826,Erkek,52,Evet,Hayır,47,2 Yıllık,DSL,Var,Var,Hayır,Otomatik Ödeme,2,55.97,2706.19,0
CUST-15827,Erkek,29,Hayır,Evet,29,Aylık,Yok,Yok,Yok,Evet,Otomatik Ödeme,1,39.22,1137.48,1
CUST-15828,Erkek,40,Hayır,Evet,52,Aylık,Fiber,Yok,Yok,Evet,Otomatik Ödeme,2,99.1,4923.78,1
CUST-15829,Kadın,70,Evet,Evet,36,Aylık,DSL,Yok,Yok,Evet,Elektronik Çek,2,68.05,2533.21,0
CUST-15830,Kadın,46,Evet,Evet,72,Aylık,Yok,Yok,Var,Hayır,Posta Çeki,1,19.94,1383.23,0
CUST-15831,Erkek,52,Hayır,Hayır,22,Aylık,Yok,Yok,Var,Evet,Otomatik Ödeme,0,47.25,1083.65,0
CUST-15832,Kadın,41,Evet,Hayır,9,2 Yıllık,Yok,Yok,Var,Evet,Elektronik Çek,0,23.06,217.86,0
CUST-15833,Kadın,59,Hayır,Hayır,6,Aylık,DSL,Var,Yok,Evet,Elektronik Çek,1,59.22,380.62,0
CUST-15834,Erkek,71,Evet,Evet,25,1 Yıllık,DSL,Yok,Yok,Hayır,Otomatik Ödeme,2,41.63,964.31,1
CUST-15835,Kadın,34,Evet,Hayır,9,1 Yıllık,Fiber,Yok,Var,Hayır,Otomatik Ödeme,1,105.12,1010.91,0
CUST-15836,Erkek,54,Evet,Evet,16,Aylık,DSL,Yok,Yok,Evet,Elektronik Çek,4,66.84,1122.67,0
CUST-15837,Erkek,53,Evet,Evet,7,Aylık,Fiber,Var,Yok,Hayır,Elektronik Çek,1,98.15,649.3,1
CUST-15838,Erkek,52,Evet,Hayır,59,Aylık,Fiber,Yok,Var,Evet,Elektronik Çek,0,91.53,5658.04,1
CUST-15839,Erkek,38,Evet,Hayır,6,Aylık,Yok,Yok,Yok,Hayır,Otomatik Ödeme,2,23.9,135.82,1
CUST-15840,Kadın,44,Hayır,Hayır,66,Aylık,Fiber,Yok,Var,Hayır,Otomatik Ödeme,0,105.61,7414.64,0
CUST-15841,Kadın,71,Hayır,Hayır,3,1 Yıllık,Yok,Var,Var,Evet,Posta Çeki,1,38.31,114.1,0
CUST-15842,Erkek,18,Evet,Evet,13,1 Yıllık,DSL,Yok,Yok,Evet,Elektronik Çek,0,44.22,583.16,0
CUST-15843,Kadın,32,Hayır,Hayır,6,Aylık,Fiber,Var,Yok,Evet,Elektronik Çek,2,64.48,366.23,0
CUST-15844,Erkek,55,Evet,Hayır,15,Aylık,DSL,Yok,Yok,Evet,Posta Çeki,3,73.49,1185.04,0
CUST-15845,Kadın,45,Hayır,Hayır,45,2 Yıllık,Fiber,Var,Var,Evet,Elektronik Çek,2,68.63,2898.7,1
CUST-15846,Erkek,18,Hayır,Hayır,35,Aylık,DSL,Var,Yok,Hayır,Elektronik Çek,1,50.45,1765.65,1
CUST-15847,Erkek,52,Hayır,Evet,13,Aylık,Fiber,Yok,Yok,Evet,Elektronik Çek,0,100.43,1262.19,1
CUST-15848,Kadın,39,Evet,Evet,31,1 Yıllık,Yok,Yok,Yok,Hayır,Otomatik Ödeme,1,41.08,1197.99,0
CUST-15849,Erkek,18,Evet,Hayır,2,1 Yıllık,DSL,Yok,Var,Hayır,Posta Çeki,0,67.71,136.71,0
CUST-15850,Kadın,30,Evet,Evet,16,2 Yıllık,Fiber,Var,Yok,Evet,Elektronik Çek,2,73.7,1112.88,0
CUST-15851,Erkek,41,Hayır,Hayır,19,Aylık,Fiber,Yok,Yok,Hayır,Elektronik Çek,0,83.33,1559.41,0
CUST-15852,Kadın,29,Hayır,Evet,9,1 Yıllık,Fiber,Yok,Yok,Evet,Elektronik Çek,1,79.6,711.14,0
CUST-15853,Erkek,38,Hayır,Hayır,36,Aylık,Fiber,Var,Var,Evet,Elektronik Çek,1,82.91,3048.18,0
CUST-15854,Erkek,43,Hayır,Hayır,28,Aylık,Fiber,Yok,Var,Evet,Elektronik Çek,1,97.59,2768.16,1
CUST-15855,Kadın,60,Hayır,Hayır,60,Aylık,Yok,Var,Yok,Evet,Elektronik Çek,0,45.75,2816.82,0
CUST-15856,Erkek,56,Evet,Hayır,6,Aylık,Fiber,Yok,Var,Evet,Otomatik Ödeme,2,78.84,452.48,1
CUST-15857,Kadın,49,Evet,Hayır,30,Aylık,Fiber,Yok,Yok,Hayır,Elektronik Çek,0,69.68,2192.76,1
CUST-15858,Kadın,33,Hayır,Hayır,19,Aylık,Fiber,Yok,Yok,Hayır,Posta Çeki,0,90.19,1651.84,0
CUST-15859,Kadın,28,Evet,Hayır,21,1 Yıllık,DSL,Yok,Var,Evet,Otomatik Ödeme,3,43.56,951.1,0
CUST-15860,Erkek,72,Hayır,Hayır,17,1 Yıllık,DSL,Var,Yok,Evet,Posta Çeki,2,69.65,1126.07,0
CUST-15861,Erkek,46,Evet,Hayır,15,Aylık,Fiber,Var,Var,Hayır,Posta Çeki,2,90.43,1270.56,0
CUST-15862,Erkek,33,Hayır,Hayır,11,Aylık,DSL,Yok,Yok,Hayır,Posta Çeki,0,64.6,729.83,1
CUST-15863,Erkek,57,Hayır,Hayır,33,1 Yıllık,DSL,Yok,Var,Hayır,Posta Çeki,3,42.36,1358.11,0
CUST-15864,Kadın,53,Hayır,Hayır,21,Aylık,Fiber,Yok,Yok,Hayır,Elektronik Çek,2,79.44,1679.59,1
CUST-15865,Kadın,37,Evet,Hayır,72,Aylık,DSL,Yok,Yok,Evet,Otomatik Ödeme,1,85.88,6017.25,0
CUST-15866,Kadın,45,Hayır,Hayır,56,2 Yıllık,Fiber,Yok,Var,Evet,Elektronik Çek,1,84.98,5044.82,0
CUST-15867,Kadın,65,Evet,Hayır,20,Aylık,Fiber,Yok,Yok,Evet,Elektronik Çek,1,85.07,1694.91,1
CUST-15868,Erkek,18,Evet,Hayır,29,Aylık,Yok,Yok,Var,Evet,Elektronik Çek,2,35.9,1119.75,0
CUST-15869,Kadın,34,Evet,Hayır,45,1 Yıllık,Fiber,Yok,Yok,Evet,Otomatik Ödeme,0,99.8,4401.75,1
CUST-15870,Kadın,37,Hayır,Hayır,23,Aylık,DSL,Yok,Yok,Hayır,Posta Çeki,2,56.54,1248.85,1
CUST-15871,Kadın,39,Hayır,Hayır,24,Aylık,Fiber,Var,Var,Hayır,Elektronik Çek,2,85.88,1936.76,0
CUST-15872,Erkek,18,Hayır,Hayır,38,1 Yıllık,Fiber,Var,Yok,Hayır,Elektronik Çek,2,94.42,3678.61,0
CUST-15873,Kadın,36,Hayır,Hayır,17,1 Yıllık,Fiber,Yok,Var,Evet,Posta Çeki,3,80.29,1357.45,0
CUST-15874,Kadın,49,Evet,Hayır,14,2 Yıllık,Fiber,Var,Yok,Evet,Elektronik Çek,2,93.06,1211.67,0
CUST-15875,Erkek,39,Evet,Hayır,21,Aylık,DSL,Yok,Var,Hayır,Elektronik Çek,1,69.38,1407.03,0
CUST-15876,Erkek,34,Hayır,Evet,27,Aylık,DSL,Yok,Var,Evet,Posta Çeki,0,49.37,1396.67,0
CUST-15877,Erkek,36,Hayır,Hayır,72,Aylık,Yok,Var,Var,Evet,Otomatik Ödeme,2,46.54,3086.22,0
CUST-15878,Erkek,46,Hayır,Hayır,29,Aylık,DSL,Var,Yok,Hayır,Elektronik Çek,0,57.75,1607.44,0
CUST-15879,Kadın,38,Hayır,Evet,2,Aylık,Fiber,Yok,Yok,Evet,Otomatik Ödeme,0,87.97,188.27,0
CUST-15880,Erkek,71,Evet,Hayır,11,Aylık,Fiber,Yok,Var,Evet,Elektronik Çek,0,91.08,1024.4,1
CUST-15881,Kadın,56,Evet,Hayır,9,Aylık,DSL,Yok,Var,Evet,Otomatik Ödeme,3,70.24,625.26,0
CUST-15882,Kadın,40,Evet,Evet,17,Aylık,Yok,Yok,Yok,Evet,Elektronik Çek,0,23.55,425.35,1
CUST-15883,Kadın,43,Evet,Evet,67,Aylık,Fiber,Yok,Yok,Evet,Posta Çeki,0,82.67,5605.83,0
CUST-15884,Erkek,18,Hayır,Hayır,8,1 Yıllık,Fiber,Yok,Yok,Evet,Otomatik Ödeme,1,69.86,523.0,1
CUST-15885,Erkek,39,Evet,Hayır,30,1 Yıllık,Fiber,Var,Yok,Hayır,Elektronik Çek,1,87.87,2756.57,0
CUST-15886,Erkek,59,Hayır,Evet,45,Aylık,DSL,Yok,Var,Hayır,Posta Çeki,2,55.87,2529.1,0
CUST-15887,Erkek,36,Evet,Hayır,4,1 Yıllık,DSL,Yok,Yok,Evet,Posta Çeki,2,84.51,319.82,0
CUST-15888,Erkek,69,Hayır,Hayır,23,Aylık,DSL,Var,Yok,Evet,Elektronik Çek,1,58.0,1256.23,0
CUST-15889,Erkek,47,Hayır,Hayır,43,Aylık,DSL,Var,Yok,Evet,Otomatik Ödeme,2,41.53,1795.76,0
CUST-15890,Kadın,31,Evet,Hayır,31,Aylık,Yok,Yok,Yok,Evet,Otomatik Ödeme,1,31.6,1033.46,0
CUST-15891,Erkek,36,Evet,Hayır,43,1 Yıllık,DSL,Yok,Var,Hayır,Otomatik Ödeme,0,57.78,2401.08,0
CUST-15892,Erkek,54,Hayır,Evet,18,2 Yıllık,Fiber,Yok,Yok,Evet,Otomatik Ödeme,2,80.43,1394.94,1
CUST-15893,Kadın,44,Hayır,Hayır,48,1 Yıllık,DSL,Yok,Yok,Hayır,Elektronik Çek,0,36.36,1667.36,0
CUST-15894,Kadın,31,Evet,Hayır,60,Aylık,Fiber,Yok,Var,Evet,Otomatik Ödeme,3,81.36,4543.86,0
CUST-15895,Kadın,41,Hayır,Evet,53,1 Yıllık,DSL,Var,Yok,Hayır,Otomatik Ödeme,2,49.8,2626.97,0
CUST-15896,Erkek,39,Evet,Hayır,20,Aylık,Fiber,Yok,Yok,Hayır,Otomatik Ödeme,1,72.46,1405.19,1
CUST-15897,Kadın,18,Evet,Hayır,8,1 Yıllık,Fiber,Var,Yok,Hayır,Posta Çeki,0,103.57,797.24,0
CUST-15898,Kadın,68,Evet,Hayır,14,2 Yıllık,DSL,Yok,Yok,Hayır,Otomatik Ödeme,1,46.69,700.9,0
CUST-15899,Erkek,40,Hayır,Hayır,52,1 Yıllık,DSL,Yok,Yok,Evet,Otomatik Ödeme,1,55.79,2970.57,0
CUST-15900,Erkek,42,Evet,Hayır,29,Aylık,Fiber,Var,Yok,Hayır,Otomatik Ödeme,0,98.62,2721.89,0
CUST-15901,Kadın,18,Hayır,Hayır,32,Aylık,Yok,Yok,Yok,Hayır,Elektronik Çek,3,32.28,1105.04,0
CUST-15902,Erkek,24,Hayır,Evet,64,Aylık,Yok,Yok,Var,Evet,Otomatik Ödeme,4,29.63,1802.79,0
CUST-15903,Kadın,52,Hayır,Evet,45,1 Yıllık,Yok,Yok,Yok,Evet,Elektronik Çek,2,18.0,799.02,0
CUST-15904,Kadın,56,Evet,Evet,34,1 Yıllık,Yok,Var,Yok,Evet,Posta Çeki,2,18.0,633.63,0
CUST-15905,Kadın,49,Hayır,Hayır,61,1 Yıllık,DSL,Yok,Var,Hayır,Posta Çeki,1,69.29,4499.12,0
CUST-15906,Erkek,55,Hayır,Evet,38,Aylık,Fiber,Yok,Yok,Evet,Elektronik Çek,0,106.81,3772.27,0
CUST-15907,Erkek,34,Hayır,Hayır,21,1 Yıllık,Yok,Yok,Yok,Evet,Otomatik Ödeme,3,25.38,520.96,0
CUST-15908,Erkek,33,Hayır,Evet,72,Aylık,DSL,Var,Yok,Evet,Otomatik Ödeme,2,42.98,3157.38,0
CUST-15909,Kadın,45,Evet,Hayır,45,2 Yıllık,Fiber,Yok,Yok,Hayır,Posta Çeki,2,74.87,3355.18,0
CUST-15910,Kadın,43,Hayır,Evet,35,2 Yıllık,DSL,Yok,Yok,Evet,Posta Çeki,2,65.32,2127.27,0
CUST-15911,Kadın,22,Evet,Hayır,39,Aylık,Fiber,Yok,Yok,Hayır,Elektronik Çek,0,77.98,2860.66,1
CUST-15912,Kadın,41,Hayır,Evet,11,Aylık,DSL,Var,Yok,Hayır,Elektronik Çek,3,68.59,760.44,0
CUST-15913,Erkek,39,Evet,Hayır,39,1 Yıllık,Yok,Yok,Yok,Hayır,Posta Çeki,3,45.47,1652.57,0
CUST-15914,Kadın,50,Hayır,Hayır,27,Aylık,DSL,Yok,Yok,Hayır,Posta Çeki,2,46.85,1330.06,0
CUST-15915,Erkek,22,Evet,Evet,5,Aylık,Fiber,Var,Yok,Evet,Elektronik Çek,1,70.53,368.07,1
CUST-15916,Erkek,41,Evet,Hayır,42,Aylık,DSL,Yok,Var,Hayır,Otomatik Ödeme,0,52.01,2011.5,0
CUST-15917,Kadın,20,Evet,Hayır,9,1 Yıllık,Yok,Var,Yok,Hayır,Posta Çeki,2,48.8,414.27,0
CUST-15918,Erkek,60,Hayır,Evet,29,Aylık,DSL,Yok,Var,Evet,Otomatik Ödeme,0,39.76,1169.35,1
CUST-15919,Erkek,33,Hayır,Hayır,26,Aylık,Fiber,Yok,Yok,Hayır,Otomatik Ödeme,1,86.28,2333.08,1
CUST-15920,Erkek,48,Evet,Hayır,51,1 Yıllık,Fiber,Var,Yok,Hayır,Elektronik Çek,1,86.79,4337.57,0
CUST-15921,Erkek,38,Hayır,Hayır,18,Aylık,Yok,Yok,Var,Hayır,Elektronik Çek,0,35.68,658.3,0
CUST-15922,Kadın,59,Evet,Evet,56,1 Yıllık,DSL,Yok,Yok,Hayır,Elektronik Çek,4,67.05,3991.13,0
CUST-15923,Erkek,34,Evet,Hayır,35,Aylık,Fiber,Yok,Yok,Evet,Elektronik Çek,3,72.21,2325.31,1
CUST-15924,Kadın,37,Evet,Hayır,35,Aylık,DSL,Yok,Yok,Evet,Otomatik Ödeme,2,50.64,1678.94,0
CUST-15925,Erkek,58,Evet,Hayır,72,Aylık,DSL,Yok,Var,Hayır,Otomatik Ödeme,0,56.29,3890.02,0
CUST-15926,Kadın,37,Hayır,Evet,25,Aylık,Fiber,Yok,Yok,Evet,Otomatik Ödeme,0,86.72,2315.97,1
CUST-15927,Kadın,41,Hayır,Hayır,72,2 Yıllık,DSL,Yok,Yok,Hayır,Otomatik Ödeme,1,62.82,4879.05,0
CUST-15928,Kadın,25,Hayır,Evet,6,1 Yıllık,Fiber,Var,Var,Hayır,Posta Çeki,1,72.39,456.46,0
CUST-15929,Erkek,38,Hayır,Evet,14,Aylık,Yok,Var,Var,Evet,Posta Çeki,2,55.24,744.8,1
CUST-15930,Kadın,49,Hayır,Evet,18,Aylık,DSL,Var,Var,Evet,Otomatik Ödeme,1,49.28,905.75,0
CUST-15931,Kadın,27,Evet,Hayır,4,Aylık,Fiber,Var,Yok,Hayır,Otomatik Ödeme,0,102.64,379.36,0
CUST-15932,Kadın,57,Hayır,Hayır,24,2 Yıllık,DSL,Var,Yok,Hayır,Elektronik Çek,2,44.23,1104.32,0
CUST-15933,Kadın,32,Evet,Hayır,40,2 Yıllık,Yok,Yok,Yok,Evet,Elektronik Çek,2,22.21,928.59,0
CUST-15934,Erkek,18,Evet,Hayır,5,Aylık,Fiber,Yok,Var,Hayır,Posta Çeki,3,90.69,457.57,1
CUST-15935,Erkek,36,Evet,Evet,32,Aylık,Yok,Var,Yok,Evet,Elektronik Çek,1,44.45,1334.23,1
CUST-15936,Erkek,47,Evet,Hayır,36,Aylık,Yok,Yok,Var,Hayır,Posta Çeki,3,36.67,1293.89,0
CUST-15937,Kadın,62,Evet,Evet,15,Aylık,Fiber,Var,Yok,Evet,Otomatik Ödeme,2,90.0,1324.45,1
CUST-15938,Erkek,55,Evet,Hayır,35,Aylık,Yok,Yok,Var,Hayır,Posta Çeki,2,18.0,674.12,0
CUST-15939,Kadın,32,Hayır,Hayır,15,Aylık,Fiber,Yok,Yok,Evet,Otomatik Ödeme,4,81.1,1220.59,1
CUST-15940,Kadın,42,Evet,Hayır,3,Aylık,DSL,Yok,Yok,Evet,Elektronik Çek,2,60.75,189.43,1
CUST-15941,Erkek,55,Hayır,Evet,19,1 Yıllık,DSL,Yok,Var,Evet,Elektronik Çek,4,55.37,1083.61,0
CUST-15942,Kadın,61,Evet,Hayır,31,1 Yıllık,Yok,Yok,Yok,Hayır,Otomatik Ödeme,1,18.16,586.23,0
CUST-15943,Kadın,33,Hayır,Evet,33,1 Yıllık,DSL,Yok,Yok,Hayır,Otomatik Ödeme,0,58.92,1860.31,0
CUST-15944,Erkek,61,Hayır,Hayır,5,1 Yıllık,DSL,Yok,Var,Evet,Otomatik Ödeme,1,53.66,274.81,0
CUST-15945,Erkek,60,Hayır,Hayır,14,Aylık,Fiber,Yok,Yok,Hayır,Elektronik Çek,3,86.35,1303.62,1
CUST-15946,Kadın,38,Hayır,Hayır,26,Aylık,DSL,Yok,Yok,Hayır,Otomatik Ödeme,1,67.46,1842.91,0
CUST-15947,Erkek,46,Hayır,Evet,59,Aylık,Yok,Yok,Yok,Hayır,Elektronik Çek,2,43.78,2513.29,0
CUST-15948,Kadın,23,Evet,Evet,5,Aylık,Fiber,Var,Yok,Hayır,Otomatik Ödeme,2,84.34,445.29,0
CUST-15949,Erkek,27,Hayır,Evet,48,Aylık,Yok,Var,Yok,Evet,Posta Çeki,1,45.9,2376.51,0
CUST-15950,Kadın,44,Hayır,Hayır,39,Aylık,Yok,Yok,Yok,Evet,Otomatik Ödeme,2,18.0,726.53,1
CUST-15951,Kadın,40,Evet,Hayır,17,Aylık,Fiber,Var,Var,Evet,Otomatik Ödeme,3,66.37,1082.23,1
CUST-15952,Kadın,43,Hayır,Hayır,34,Aylık,Fiber,Yok,Var,Evet,Elektronik Çek,1,88.4,2978.1,1
CUST-15953,Erkek,26,Evet,Hayır,55,2 Yıllık,Fiber,Yok,Var,Evet,Elektronik Çek,0,52.62,2680.15,0
CUST-15954,Kadın,59,Evet,Hayır,26,2 Yıllık,DSL,Yok,Var,Evet,Otomatik Ödeme,2,48.88,1193.68,0
CUST-15955,Erkek,49,Evet,Hayır,10,1 Yıllık,Fiber,Yok,Yok,Hayır,Otomatik Ödeme,1,77.54,724.53,0
CUST-15956,Erkek,40,Evet,Hayır,20,Aylık,Yok,Yok,Yok,Hayır,Posta Çeki,1,34.49,736.2,1
CUST-15957,Erkek,49,Hayır,Evet,53,Aylık,Fiber,Yok,Var,Evet,Otomatik Ödeme,0,92.84,5121.56,0
CUST-15958,Erkek,18,Hayır,Hayır,57,2 Yıllık,Fiber,Yok,Var,Evet,Otomatik Ödeme,0,85.13,5001.18,0
CUST-15959,Kadın,36,Hayır,Hayır,72,1 Yıllık,DSL,Yok,Var,Hayır,Elektronik Çek,2,65.5,4856.68,0
CUST-15960,Kadın,32,Hayır,Hayır,53,1 Yıllık,DSL,Yok,Yok,Evet,Otomatik Ödeme,3,68.62,3873.39,1
CUST-15961,Kadın,39,Evet,Hayır,42,1 Yıllık,Fiber,Yok,Yok,Evet,Elektronik Çek,3,82.13,3344.16,1
CUST-15962,Kadın,43,Hayır,Hayır,29,2 Yıllık,Fiber,Yok,Yok,Evet,Elektronik Çek,3,94.7,2556.64,0
CUST-15963,Kadın,59,Evet,Evet,28,1 Yıllık,Fiber,Var,Yok,Evet,Otomatik Ödeme,1,73.11,2100.77,0
CUST-15964,Erkek,39,Hayır,Hayır,18,Aylık,Yok,Yok,Yok,Evet,Elektronik Çek,0,26.62,443.32,1
CUST-15965,Kadın,22,Hayır,Hayır,8,Aylık,Fiber,Var,Yok,Evet,Posta Çeki,1,91.98,762.43,1
CUST-15966,Kadın,42,Evet,Hayır,18,2 Yıllık,Fiber,Yok,Yok,Evet,Otomatik Ödeme,2,80.08,1416.72,0
CUST-15967,Kadın,29,Hayır,Hayır,41,Aylık,Fiber,Yok,Yok,Evet,Posta Çeki,1,85.43,3473.98,0
CUST-15968,Erkek,60,Hayır,Evet,35,Aylık,DSL,Var,Yok,Evet,Elektronik Çek,2,67.24,2458.25,0
CUST-15969,Erkek,68,Evet,Evet,22,Aylık,Fiber,Yok,Yok,Evet,Otomatik Ödeme,1,89.57,1926.36,0
CUST-15970,Erkek,55,Evet,Hayır,72,Aylık,DSL,Yok,Yok,Evet,Elektronik Çek,0,60.61,4372.18,1
CUST-15971,Erkek,33,Evet,Hayır,42,Aylık,Fiber,Var,Yok,Evet,Elektronik Çek,3,89.58,3921.89,1
CUST-15972,Erkek,56,Evet,Evet,14,1 Yıllık,Fiber,Yok,Yok,Evet,Otomatik Ödeme,1,90.8,1202.11,0
CUST-15973,Erkek,26,Hayır,Hayır,4,1 Yıllık,Fiber,Yok,Var,Hayır,Posta Çeki,0,72.41,281.44,0
CUST-15974,Erkek,49,Hayır,Evet,34,1 Yıllık,DSL,Yok,Yok,Hayır,Elektronik Çek,2,55.83,2037.89,0
CUST-15975,Kadın,41,Evet,Hayır,13,Aylık,Fiber,Yok,Yok,Evet,Elektronik Çek,0,81.67,1088.76,1
CUST-15976,Erkek,18,Hayır,Hayır,22,Aylık,Fiber,Var,Var,Evet,Otomatik Ödeme,1,84.68,1840.46,0
CUST-15977,Kadın,43,Hayır,Hayır,22,1 Yıllık,DSL,Yok,Yok,Hayır,Elektronik Çek,1,54.35,1135.73,1
CUST-15978,Kadın,65,Hayır,Evet,23,Aylık,DSL,Yok,Yok,Hayır,Posta Çeki,2,60.54,1320.61,1
CUST-15979,Erkek,28,Hayır,Hayır,18,Aylık,Fiber,Var,Var,Evet,Otomatik Ödeme,2,78.68,1314.48,1
CUST-15980,Kadın,81,Evet,Hayır,29,Aylık,Fiber,Yok,Yok,Hayır,Otomatik Ödeme,1,85.93,2656.43,1
CUST-15981,Erkek,18,Hayır,Evet,10,1 Yıllık,Fiber,Var,Yok,Evet,Otomatik Ödeme,2,78.18,791.39,0
CUST-15982,Erkek,39,Evet,Evet,3,1 Yıllık,Fiber,Yok,Yok,Evet,Otomatik Ödeme,1,92.17,290.8,1
CUST-15983,Kadın,44,Evet,Hayır,50,Aylık,DSL,Yok,Var,Evet,Otomatik Ödeme,0,70.4,3243.09,1
CUST-15984,Erkek,37,Evet,Hayır,26,1 Yıllık,Fiber,Yok,Var,Evet,Elektronik Çek,1,82.3,2168.73,1
CUST-15985,Kadın,59,Evet,Hayır,11,Aylık,Yok,Var,Var,Evet,Elektronik Çek,1,41.76,485.38,1
CUST-15986,Erkek,66,Evet,Evet,67,1 Yıllık,Fiber,Yok,Yok,Evet,Posta Çeki,0,86.67,5423.61,0
CUST-15987,Kadın,33,Hayır,Hayır,37,2 Yıllık,Yok,Var,Yok,Evet,Elektronik Çek,0,28.76,986.39,0
CUST-15988,Erkek,21,Hayır,Hayır,34,Aylık,Fiber,Var,Yok,Hayır,Otomatik Ödeme,0,76.84,2455.53,0
CUST-15989,Kadın,42,Evet,Evet,8,1 Yıllık,DSL,Var,Var,Evet,Elektronik Çek,2,62.13,518.63,0
CUST-15990,Kadın,33,Hayır,Hayır,16,Aylık,Fiber,Var,Var,Evet,Otomatik Ödeme,0,69.17,1117.02,0
CUST-15991,Erkek,53,Evet,Hayır,20,Aylık,Fiber,Yok,Yok,Evet,Otomatik Ödeme,1,90.42,1800.66,0
CUST-15992,Erkek,43,Hayır,Hayır,17,1 Yıllık,Fiber,Yok,Yok,Evet,Otomatik Ödeme,1,96.97,1531.86,0
CUST-15993,Erkek,51,Evet,Evet,15,Aylık,Fiber,Yok,Var,Evet,Elektronik Çek,0,81.65,1235.96,1
CUST-15994,Erkek,45,Evet,Hayır,60,Aylık,Fiber,Yok,Yok,Evet,Otomatik Ödeme,0,78.27,4364.86,1
CUST-15995,Kadın,67,Evet,Evet,4,Aylık,Fiber,Var,Yok,Evet,Otomatik Ödeme,1,87.78,370.18,1
CUST-15996,Erkek,37,Hayır,Hayır,5,Aylık,Fiber,Yok,Yok,Evet,Elektronik Çek,1,93.28,470.98,1
CUST-15997,Erkek,23,Hayır,Evet,26,1 Yıllık,Fiber,Yok,Yok,Hayır,Otomatik Ödeme,0,90.35,2372.84,1
CUST-15998,Kadın,28,Hayır,Hayır,12,1 Yıllık,Fiber,Var,Var,Hayır,Posta Çeki,1,72.5,836.24,0
CUST-15999,Kadın,27,Evet,Evet,41,Aylık,DSL,Yok,Yok,Evet,Otomatik Ödeme,0,61.9,2669.75,0
